{
    "wallTime": 323,
    "cpuTime": 310,
    "truncated": false,
    "executionModel": "stateless",
    "outcome": "ok",
    "scriptVersion": {
        "id": "0141b03b-16aa-463f-bb04-28cc99b32179"
    },
    "scriptName": "vme-ips-reflection",
    "diagnosticsChannelEvents": [],
    "exceptions": [],
    "logs": [],
    "eventTimestamp": 1779102089816,
    "event": {
        "request": {
            "url": "https://vme-ips.denmasterfa.com/api/library/links",
            "method": "POST",
            "headers": {
                "accept-encoding": "gzip, br",
                "cf-connecting-ip": "49.237.42.99",
                "cf-ipcountry": "TH",
                "cf-ray": "9fda5d3c1b373f8d",
                "cf-visitor": "{\"scheme\":\"https\"}",
                "connection": "Keep-Alive",
                "content-length": "204",
                "content-type": "application/json",
                "host": "vme-ips.denmasterfa.com",
                "user-agent": "Mozilla/5.0 (Windows NT; Windows NT 10.0; en-US) WindowsPowerShell/5.1.29585.1000",
                "x-forwarded-proto": "https",
                "x-real-ip": "49.237.42.99"
            },
            "cf": {
                "httpProtocol": "HTTP/1.1",
                "requestPriority": "",
                "edgeRequestKeepAliveStatus": 1,
                "requestHeaderNames": {},
                "clientTcpRtt": 28,
                "clientQuicRtt": 0,
                "colo": "SIN",
                "asn": 132618,
                "asOrganization": "GPRS/3G",
                "country": "TH",
                "isEUCountry": false,
                "city": "Bangkok",
                "continent": "AS",
                "region": "Bangkok",
                "regionCode": "10",
                "timezone": "Asia/Bangkok",
                "longitude": "100.50144",
                "latitude": "13.75398",
                "postalCode": "10200",
                "tlsVersion": "TLSv1.3",
                "tlsCipher": "AEAD-AES256-GCM-SHA384",
                "tlsClientRandom": "mSL+jxCjI4gnduNtaSSMrFbyPqARSVhUru0zAaCnMo0=",
                "tlsClientCiphersSha1": "kTkJ+HAwBvIuoPFncb1wEDLcgfg=",
                "tlsClientExtensionsSha1": "Bxwn0Bs0z+5dY69ZcqleTRGmlpE=",
                "tlsClientExtensionsSha1Le": "sb2ftGg4/laBHA9Q/MJ4X/0+cJY=",
                "tlsExportedAuthenticator": {
                    "clientHandshake": "223ec5d1d004453f4e865c4147cefa58784f770daf17361010ed897b1ceede62ccc2d644f90fbbfdcf5ee60f5797f45b",
                    "serverHandshake": "4c7757205ab60e344b12c5aa543698860f6bf7e3d53bd4f917fee2ee7993ee7969dc07c7f43b129702789700962ad764",
                    "clientFinished": "e02ae53340dec0aedd04e4b3c3b9c47ca537cb7ff0b796d4f7ab094df2930ea55b6c17d79cab4c1510157eed04042dfe",
                    "serverFinished": "e71329fb3039b245f8a13a850ecf8b5202178cef25a9bd5af37c2de33bb3a8c0d073127022d4c878d18ed49b5c1706c5"
                },
                "tlsClientHelloLength": "437",
                "tlsClientAuth": {
                    "certPresented": "0",
                    "certVerified": "NONE",
                    "certRevoked": "0",
                    "certIssuerDN": "",
                    "certSubjectDN": "",
                    "certIssuerDNRFC2253": "",
                    "certSubjectDNRFC2253": "",
                    "certIssuerDNLegacy": "",
                    "certSubjectDNLegacy": "",
                    "certSerial": "",
                    "certIssuerSerial": "",
                    "certSKI": "",
                    "certIssuerSKI": "",
                    "certFingerprintSHA1": "",
                    "certFingerprintSHA256": "",
                    "certNotBefore": "",
                    "certNotAfter": "",
                    "certRFC9440": "",
                    "certRFC9440TooLarge": false,
                    "certChainRFC9440": "",
                    "certChainRFC9440TooLarge": false
                },
                "verifiedBotCategory": "",
                "edgeL4": {
                    "deliveryRate": 146591
                }
            }
        },
        "response": {
            "status": 500
        }
    }
}
{
    "wallTime": 583,
    "cpuTime": 244,
    "truncated": false,
    "executionModel": "stateless",
    "outcome": "ok",
    "scriptVersion": {
        "id": "0141b03b-16aa-463f-bb04-28cc99b32179"
    },
    "scriptName": "vme-ips-reflection",
    "diagnosticsChannelEvents": [],
    "exceptions": [],
    "logs": [],
    "eventTimestamp": 1779102130462,
    "event": {
        "request": {
            "url": "https://vme-ips.denmasterfa.com/api/library/links",
            "method": "GET",
            "headers": {
                "accept-encoding": "gzip, br",
                "cf-connecting-ip": "49.237.42.99",
                "cf-ipcountry": "TH",
                "cf-ray": "9fda5e3b48e36bf3",
                "cf-visitor": "{\"scheme\":\"https\"}",
                "connection": "Keep-Alive",
                "host": "vme-ips.denmasterfa.com",
                "user-agent": "Mozilla/5.0 (Windows NT; Windows NT 10.0; en-US) WindowsPowerShell/5.1.29585.1000",
                "x-forwarded-proto": "https",
                "x-real-ip": "49.237.42.99"
            },
            "cf": {
                "httpProtocol": "HTTP/1.1",
                "requestPriority": "",
                "edgeRequestKeepAliveStatus": 1,
                "requestHeaderNames": {},
                "clientTcpRtt": 28,
                "clientQuicRtt": 0,
                "colo": "SIN",
                "asn": 132618,
                "asOrganization": "GPRS/3G",
                "country": "TH",
                "isEUCountry": false,
                "city": "Bangkok",
                "continent": "AS",
                "region": "Bangkok",
                "regionCode": "10",
                "timezone": "Asia/Bangkok",
                "longitude": "100.50144",
                "latitude": "13.75398",
                "postalCode": "10200",
                "tlsVersion": "TLSv1.3",
                "tlsCipher": "AEAD-AES256-GCM-SHA384",
                "tlsClientRandom": "rFlTQVmCN/fWxNJkgkN+SbUZruVk7TmGwbQRJa2Rokw=",
                "tlsClientCiphersSha1": "kTkJ+HAwBvIuoPFncb1wEDLcgfg=",
                "tlsClientExtensionsSha1": "Bxwn0Bs0z+5dY69ZcqleTRGmlpE=",
                "tlsClientExtensionsSha1Le": "sb2ftGg4/laBHA9Q/MJ4X/0+cJY=",
                "tlsExportedAuthenticator": {
                    "clientHandshake": "787240434a99e3859e71cce95f86d6b03548418e113206de7b328c7affc7bcd198506ec0a4c3a92d740ed52eae0df823",
                    "serverHandshake": "9d50cd099cc5b42a6aa76dc0fe42a6a3320c3ccbaaa3e8453776e62825552b5919eed47e03f230b363af4da824e1db67",
                    "clientFinished": "abbc2fb1835d53bca5900a277cfaa57672e8619fa686e03c4c426cc4f4dbc9256b9cff6092f503bd644942f0769b5fbc",
                    "serverFinished": "1b605b43b26a23066d534c9b1af04f792e95371ba18770af4a7355a2d7bf0745da62e910f575212a858209a2ae96d6f6"
                },
                "tlsClientHelloLength": "437",
                "tlsClientAuth": {
                    "certPresented": "0",
                    "certVerified": "NONE",
                    "certRevoked": "0",
                    "certIssuerDN": "",
                    "certSubjectDN": "",
                    "certIssuerDNRFC2253": "",
                    "certSubjectDNRFC2253": "",
                    "certIssuerDNLegacy": "",
                    "certSubjectDNLegacy": "",
                    "certSerial": "",
                    "certIssuerSerial": "",
                    "certSKI": "",
                    "certIssuerSKI": "",
                    "certFingerprintSHA1": "",
                    "certFingerprintSHA256": "",
                    "certNotBefore": "",
                    "certNotAfter": "",
                    "certRFC9440": "",
                    "certRFC9440TooLarge": false,
                    "certChainRFC9440": "",
                    "certChainRFC9440TooLarge": false
                },
                "verifiedBotCategory": "",
                "edgeL4": {
                    "deliveryRate": 147456
                }
            }
        },
        "response": {
            "status": 200
        }
    }
}
{
    "wallTime": 253,
    "cpuTime": 141,
    "truncated": false,
    "executionModel": "stateless",
    "outcome": "ok",
    "scriptVersion": {
        "id": "0141b03b-16aa-463f-bb04-28cc99b32179"
    },
    "scriptName": "vme-ips-reflection",
    "diagnosticsChannelEvents": [],
    "exceptions": [],
    "logs": [],
    "eventTimestamp": 1779102132583,
    "event": {
        "request": {
            "url": "https://vme-ips.denmasterfa.com/api/library/videos",
            "method": "GET",
            "headers": {
                "accept-encoding": "gzip, br",
                "cf-connecting-ip": "49.237.42.99",
                "cf-ipcountry": "TH",
                "cf-ray": "9fda5e488c3652b7",
                "cf-visitor": "{\"scheme\":\"https\"}",
                "connection": "Keep-Alive",
                "host": "vme-ips.denmasterfa.com",
                "user-agent": "Mozilla/5.0 (Windows NT; Windows NT 10.0; en-US) WindowsPowerShell/5.1.29585.1000",
                "x-forwarded-proto": "https",
                "x-real-ip": "49.237.42.99"
            },
            "cf": {
                "httpProtocol": "HTTP/1.1",
                "requestPriority": "",
                "edgeRequestKeepAliveStatus": 1,
                "requestHeaderNames": {},
                "clientTcpRtt": 25,
                "clientQuicRtt": 0,
                "colo": "SIN",
                "asn": 132618,
                "asOrganization": "GPRS/3G",
                "country": "TH",
                "isEUCountry": false,
                "city": "Bangkok",
                "continent": "AS",
                "region": "Bangkok",
                "regionCode": "10",
                "timezone": "Asia/Bangkok",
                "longitude": "100.50144",
                "latitude": "13.75398",
                "postalCode": "10200",
                "tlsVersion": "TLSv1.3",
                "tlsCipher": "AEAD-AES256-GCM-SHA384",
                "tlsClientRandom": "dm4uPNFvctdZ6a3KSRyn0QW1TmPAjCVoy8d39yrUGSM=",
                "tlsClientCiphersSha1": "kTkJ+HAwBvIuoPFncb1wEDLcgfg=",
                "tlsClientExtensionsSha1": "Bxwn0Bs0z+5dY69ZcqleTRGmlpE=",
                "tlsClientExtensionsSha1Le": "sb2ftGg4/laBHA9Q/MJ4X/0+cJY=",
                "tlsExportedAuthenticator": {
                    "clientHandshake": "402e27eeb7af9c468ac219ba0d85ec2a1ae6c6854d798757828addee0003fb47a263fb5c1610ac7441740d363ea586d6",
                    "serverHandshake": "f47b1ad88c3fe57ed8f45c37d52e27dbb6ba496bdbc6f91e5df7e7171cf65ccb97d8cf76e3d6486ab0b32f88d6d6b3c9",
                    "clientFinished": "4dbdfc88d39707c6c26c11a8bd0c93484fbc76e5dd8066775d661208f8ff7e3a06d014f7b292d645de5d9fd321894a0e",
                    "serverFinished": "a79f8c0cf2e9c1421f55ca099dee9d8762e95c591fb46f38a93078898690f307ac3e240cea84960d577cef160da20d99"
                },
                "tlsClientHelloLength": "437",
                "tlsClientAuth": {
                    "certPresented": "0",
                    "certVerified": "NONE",
                    "certRevoked": "0",
                    "certIssuerDN": "",
                    "certSubjectDN": "",
                    "certIssuerDNRFC2253": "",
                    "certSubjectDNRFC2253": "",
                    "certIssuerDNLegacy": "",
                    "certSubjectDNLegacy": "",
                    "certSerial": "",
                    "certIssuerSerial": "",
                    "certSKI": "",
                    "certIssuerSKI": "",
                    "certFingerprintSHA1": "",
                    "certFingerprintSHA256": "",
                    "certNotBefore": "",
                    "certNotAfter": "",
                    "certRFC9440": "",
                    "certRFC9440TooLarge": false,
                    "certChainRFC9440": "",
                    "certChainRFC9440TooLarge": false
                },
                "verifiedBotCategory": "",
                "edgeL4": {
                    "deliveryRate": 166356
                }
            }
        },
        "response": {
            "status": 200
        }
    }
}
{
    "wallTime": 162,
    "cpuTime": 83,
    "truncated": false,
    "executionModel": "stateless",
    "outcome": "ok",
    "scriptVersion": {
        "id": "0141b03b-16aa-463f-bb04-28cc99b32179"
    },
    "scriptName": "vme-ips-reflection",
    "diagnosticsChannelEvents": [],
    "exceptions": [],
    "logs": [],
    "eventTimestamp": 1779102154542,
    "event": {
        "request": {
            "url": "https://vme-ips.denmasterfa.com/profile",
            "method": "GET",
            "headers": {
                "accept": "text/html,application/xhtml+xml,application/xml;q=0.9,image/avif,image/webp,image/apng,*/*;q=0.8,application/signed-exchange;v=b3;q=0.7",
                "accept-encoding": "gzip, br",
                "accept-language": "th-TH,th;q=0.9,en;q=0.8",
                "cache-control": "no-cache",
                "cf-connecting-ip": "49.237.42.99",
                "cf-ipcountry": "TH",
                "cf-ray": "9fda5ed1cf8b8bc7",
                "cf-visitor": "{\"scheme\":\"https\"}",
                "connection": "Keep-Alive",
                "cookie": "REDACTED",
                "host": "vme-ips.denmasterfa.com",
                "pragma": "no-cache",
                "priority": "u=0, i",
                "sec-ch-ua": "\"Chromium\";v=\"148\", \"Google Chrome\";v=\"148\", \"Not/A)Brand\";v=\"99\"",
                "sec-ch-ua-mobile": "?0",
                "sec-ch-ua-platform": "\"Windows\"",
                "sec-fetch-dest": "document",
                "sec-fetch-mode": "navigate",
                "sec-fetch-site": "same-origin",
                "sec-fetch-user": "?1",
                "upgrade-insecure-requests": "1",
                "user-agent": "Mozilla/5.0 (Windows NT 10.0; Win64; x64) AppleWebKit/537.36 (KHTML, like Gecko) Chrome/148.0.0.0 Safari/537.36",
                "x-forwarded-proto": "https",
                "x-real-ip": "49.237.42.99"
            },
            "cf": {
                "httpProtocol": "HTTP/3",
                "clientAcceptEncoding": "gzip, deflate, br",
                "requestPriority": "",
                "edgeRequestKeepAliveStatus": 1,
                "requestHeaderNames": {},
                "clientTcpRtt": 0,
                "clientQuicRtt": 152,
                "colo": "SIN",
                "asn": 132618,
                "asOrganization": "GPRS/3G",
                "country": "TH",
                "isEUCountry": false,
                "city": "Bangkok",
                "continent": "AS",
                "region": "Bangkok",
                "regionCode": "10",
                "timezone": "Asia/Bangkok",
                "longitude": "100.50144",
                "latitude": "13.75398",
                "postalCode": "10200",
                "tlsVersion": "TLSv1.3",
                "tlsCipher": "AEAD-AES128-GCM-SHA256",
                "tlsClientRandom": "n/T6W7Y+AOVe8lyPaY7ohwq9hw/PgJsvCO1zZRoy3Oo=",
                "tlsClientCiphersSha1": "3HTt3+R/6BL3zeALJDSq0pR1yOQ=",
                "tlsClientExtensionsSha1": "wWIPivmsHm8+4cXD6HDtpnrVCPg=",
                "tlsClientExtensionsSha1Le": "huknydfPg8XvfnC7PqbAhevKUpE=",
                "tlsClientHelloLength": "1730",
                "tlsClientAuth": {
                    "certPresented": "0",
                    "certVerified": "NONE",
                    "certRevoked": "0",
                    "certIssuerDN": "",
                    "certSubjectDN": "",
                    "certIssuerDNRFC2253": "",
                    "certSubjectDNRFC2253": "",
                    "certIssuerDNLegacy": "",
                    "certSubjectDNLegacy": "",
                    "certSerial": "",
                    "certIssuerSerial": "",
                    "certSKI": "",
                    "certIssuerSKI": "",
                    "certFingerprintSHA1": "",
                    "certFingerprintSHA256": "",
                    "certNotBefore": "",
                    "certNotAfter": "",
                    "certRFC9440": "",
                    "certRFC9440TooLarge": false,
                    "certChainRFC9440": "",
                    "certChainRFC9440TooLarge": false
                },
                "verifiedBotCategory": "",
                "edgeL4": {
                    "deliveryRate": 13865
                }
            }
        },
        "response": {
            "status": 200
        }
    }
}
{
    "wallTime": 26,
    "cpuTime": 23,
    "truncated": false,
    "executionModel": "stateless",
    "outcome": "ok",
    "scriptVersion": {
        "id": "0141b03b-16aa-463f-bb04-28cc99b32179"
    },
    "scriptName": "vme-ips-reflection",
    "diagnosticsChannelEvents": [],
    "exceptions": [],
    "logs": [],
    "eventTimestamp": 1779102155658,
    "event": {
        "request": {
            "url": "https://vme-ips.denmasterfa.com/profile/edit?_rsc=I5wpi4pfLl2JXPg6",
            "method": "GET",
            "headers": {
                "accept": "*/*",
                "accept-encoding": "gzip, br",
                "accept-language": "th-TH,th;q=0.9,en;q=0.8",
                "cache-control": "no-cache",
                "cf-connecting-ip": "49.237.42.99",
                "cf-ipcountry": "TH",
                "cf-ray": "9fda5ed8c8798bc7",
                "cf-visitor": "{\"scheme\":\"https\"}",
                "connection": "Keep-Alive",
                "cookie": "REDACTED",
                "host": "vme-ips.denmasterfa.com",
                "next-router-prefetch": "1",
                "next-router-state-tree": "%5B%22%22%2C%7B%22children%22%3A%5B%22profile%22%2C%7B%22children%22%3A%5B%22__PAGE__%22%2C%7B%7D%2Cnull%2Cnull%5D%7D%2Cnull%2Cnull%5D%7D%2Cnull%2Cnull%2Ctrue%5D",
                "next-url": "/profile",
                "pragma": "no-cache",
                "priority": "i",
                "referer": "https://vme-ips.denmasterfa.com/profile",
                "rsc": "1",
                "sec-ch-ua": "\"Chromium\";v=\"148\", \"Google Chrome\";v=\"148\", \"Not/A)Brand\";v=\"99\"",
                "sec-ch-ua-mobile": "?0",
                "sec-ch-ua-platform": "\"Windows\"",
                "sec-fetch-dest": "empty",
                "sec-fetch-mode": "cors",
                "sec-fetch-site": "same-origin",
                "user-agent": "Mozilla/5.0 (Windows NT 10.0; Win64; x64) AppleWebKit/537.36 (KHTML, like Gecko) Chrome/148.0.0.0 Safari/537.36",
                "x-forwarded-proto": "https",
                "x-real-ip": "49.237.42.99"
            },
            "cf": {
                "httpProtocol": "HTTP/3",
                "clientAcceptEncoding": "gzip, deflate, br",
                "requestPriority": "",
                "edgeRequestKeepAliveStatus": 1,
                "requestHeaderNames": {},
                "clientTcpRtt": 0,
                "clientQuicRtt": 128,
                "colo": "SIN",
                "asn": 132618,
                "asOrganization": "GPRS/3G",
                "country": "TH",
                "isEUCountry": false,
                "city": "Bangkok",
                "continent": "AS",
                "region": "Bangkok",
                "regionCode": "10",
                "timezone": "Asia/Bangkok",
                "longitude": "100.50144",
                "latitude": "13.75398",
                "postalCode": "10200",
                "tlsVersion": "TLSv1.3",
                "tlsCipher": "AEAD-AES128-GCM-SHA256",
                "tlsClientRandom": "n/T6W7Y+AOVe8lyPaY7ohwq9hw/PgJsvCO1zZRoy3Oo=",
                "tlsClientCiphersSha1": "3HTt3+R/6BL3zeALJDSq0pR1yOQ=",
                "tlsClientExtensionsSha1": "wWIPivmsHm8+4cXD6HDtpnrVCPg=",
                "tlsClientExtensionsSha1Le": "huknydfPg8XvfnC7PqbAhevKUpE=",
                "tlsClientHelloLength": "1730",
                "tlsClientAuth": {
                    "certPresented": "0",
                    "certVerified": "NONE",
                    "certRevoked": "0",
                    "certIssuerDN": "",
                    "certSubjectDN": "",
                    "certIssuerDNRFC2253": "",
                    "certSubjectDNRFC2253": "",
                    "certIssuerDNLegacy": "",
                    "certSubjectDNLegacy": "",
                    "certSerial": "",
                    "certIssuerSerial": "",
                    "certSKI": "",
                    "certIssuerSKI": "",
                    "certFingerprintSHA1": "",
                    "certFingerprintSHA256": "",
                    "certNotBefore": "",
                    "certNotAfter": "",
                    "certRFC9440": "",
                    "certRFC9440TooLarge": false,
                    "certChainRFC9440": "",
                    "certChainRFC9440TooLarge": false
                },
                "verifiedBotCategory": "",
                "edgeL4": {
                    "deliveryRate": 867473
                }
            }
        },
        "response": {
            "status": 200
        }
    }
}
{
    "wallTime": 312,
    "cpuTime": 305,
    "truncated": false,
    "executionModel": "stateless",
    "outcome": "ok",
    "scriptVersion": {
        "id": "0141b03b-16aa-463f-bb04-28cc99b32179"
    },
    "scriptName": "vme-ips-reflection",
    "diagnosticsChannelEvents": [],
    "exceptions": [],
    "logs": [],
    "eventTimestamp": 1779102155657,
    "event": {
        "request": {
            "url": "https://vme-ips.denmasterfa.com/card/REDACTED?_rsc=I5wpi4pfLl2JXPg6",
            "method": "GET",
            "headers": {
                "accept": "*/*",
                "accept-encoding": "gzip, br",
                "accept-language": "th-TH,th;q=0.9,en;q=0.8",
                "cache-control": "no-cache",
                "cf-connecting-ip": "49.237.42.99",
                "cf-ipcountry": "TH",
                "cf-ray": "9fda5ed8d87d8bc7",
                "cf-visitor": "{\"scheme\":\"https\"}",
                "connection": "Keep-Alive",
                "cookie": "REDACTED",
                "host": "vme-ips.denmasterfa.com",
                "next-router-prefetch": "1",
                "next-router-state-tree": "%5B%22%22%2C%7B%22children%22%3A%5B%22profile%22%2C%7B%22children%22%3A%5B%22__PAGE__%22%2C%7B%7D%2Cnull%2Cnull%5D%7D%2Cnull%2Cnull%5D%7D%2Cnull%2Cnull%2Ctrue%5D",
                "next-url": "/profile",
                "pragma": "no-cache",
                "priority": "i",
                "referer": "https://vme-ips.denmasterfa.com/profile",
                "rsc": "1",
                "sec-ch-ua": "\"Chromium\";v=\"148\", \"Google Chrome\";v=\"148\", \"Not/A)Brand\";v=\"99\"",
                "sec-ch-ua-mobile": "?0",
                "sec-ch-ua-platform": "\"Windows\"",
                "sec-fetch-dest": "empty",
                "sec-fetch-mode": "cors",
                "sec-fetch-site": "same-origin",
                "user-agent": "Mozilla/5.0 (Windows NT 10.0; Win64; x64) AppleWebKit/537.36 (KHTML, like Gecko) Chrome/148.0.0.0 Safari/537.36",
                "x-forwarded-proto": "https",
                "x-real-ip": "49.237.42.99"
            },
            "cf": {
                "httpProtocol": "HTTP/3",
                "clientAcceptEncoding": "gzip, deflate, br",
                "requestPriority": "",
                "edgeRequestKeepAliveStatus": 1,
                "requestHeaderNames": {},
                "clientTcpRtt": 0,
                "clientQuicRtt": 128,
                "colo": "SIN",
                "asn": 132618,
                "asOrganization": "GPRS/3G",
                "country": "TH",
                "isEUCountry": false,
                "city": "Bangkok",
                "continent": "AS",
                "region": "Bangkok",
                "regionCode": "10",
                "timezone": "Asia/Bangkok",
                "longitude": "100.50144",
                "latitude": "13.75398",
                "postalCode": "10200",
                "tlsVersion": "TLSv1.3",
                "tlsCipher": "AEAD-AES128-GCM-SHA256",
                "tlsClientRandom": "n/T6W7Y+AOVe8lyPaY7ohwq9hw/PgJsvCO1zZRoy3Oo=",
                "tlsClientCiphersSha1": "3HTt3+R/6BL3zeALJDSq0pR1yOQ=",
                "tlsClientExtensionsSha1": "wWIPivmsHm8+4cXD6HDtpnrVCPg=",
                "tlsClientExtensionsSha1Le": "huknydfPg8XvfnC7PqbAhevKUpE=",
                "tlsClientHelloLength": "1730",
                "tlsClientAuth": {
                    "certPresented": "0",
                    "certVerified": "NONE",
                    "certRevoked": "0",
                    "certIssuerDN": "",
                    "certSubjectDN": "",
                    "certIssuerDNRFC2253": "",
                    "certSubjectDNRFC2253": "",
                    "certIssuerDNLegacy": "",
                    "certSubjectDNLegacy": "",
                    "certSerial": "",
                    "certIssuerSerial": "",
                    "certSKI": "",
                    "certIssuerSKI": "",
                    "certFingerprintSHA1": "",
                    "certFingerprintSHA256": "",
                    "certNotBefore": "",
                    "certNotAfter": "",
                    "certRFC9440": "",
                    "certRFC9440TooLarge": false,
                    "certChainRFC9440": "",
                    "certChainRFC9440TooLarge": false
                },
                "verifiedBotCategory": "",
                "edgeL4": {
                    "deliveryRate": 867473
                }
            }
        },
        "response": {
            "status": 200
        }
    }
}
{
    "wallTime": 329,
    "cpuTime": 17,
    "truncated": false,
    "executionModel": "stateless",
    "outcome": "ok",
    "scriptVersion": {
        "id": "0141b03b-16aa-463f-bb04-28cc99b32179"
    },
    "scriptName": "vme-ips-reflection",
    "diagnosticsChannelEvents": [],
    "exceptions": [],
    "logs": [],
    "eventTimestamp": 1779102155665,
    "event": {
        "request": {
            "url": "https://vme-ips.denmasterfa.com/admin/users?_rsc=I5wpi4pfLl2JXPg6",
            "method": "GET",
            "headers": {
                "accept": "*/*",
                "accept-encoding": "gzip, br",
                "accept-language": "th-TH,th;q=0.9,en;q=0.8",
                "cache-control": "no-cache",
                "cf-connecting-ip": "49.237.42.99",
                "cf-ipcountry": "TH",
                "cf-ray": "9fda5ed8d8858bc7",
                "cf-visitor": "{\"scheme\":\"https\"}",
                "connection": "Keep-Alive",
                "cookie": "REDACTED",
                "host": "vme-ips.denmasterfa.com",
                "next-router-prefetch": "1",
                "next-router-state-tree": "%5B%22%22%2C%7B%22children%22%3A%5B%22profile%22%2C%7B%22children%22%3A%5B%22__PAGE__%22%2C%7B%7D%2Cnull%2Cnull%5D%7D%2Cnull%2Cnull%5D%7D%2Cnull%2Cnull%2Ctrue%5D",
                "next-url": "/profile",
                "pragma": "no-cache",
                "priority": "i",
                "referer": "https://vme-ips.denmasterfa.com/profile",
                "rsc": "1",
                "sec-ch-ua": "\"Chromium\";v=\"148\", \"Google Chrome\";v=\"148\", \"Not/A)Brand\";v=\"99\"",
                "sec-ch-ua-mobile": "?0",
                "sec-ch-ua-platform": "\"Windows\"",
                "sec-fetch-dest": "empty",
                "sec-fetch-mode": "cors",
                "sec-fetch-site": "same-origin",
                "user-agent": "Mozilla/5.0 (Windows NT 10.0; Win64; x64) AppleWebKit/537.36 (KHTML, like Gecko) Chrome/148.0.0.0 Safari/537.36",
                "x-forwarded-proto": "https",
                "x-real-ip": "49.237.42.99"
            },
            "cf": {
                "httpProtocol": "HTTP/3",
                "clientAcceptEncoding": "gzip, deflate, br",
                "requestPriority": "",
                "edgeRequestKeepAliveStatus": 1,
                "requestHeaderNames": {},
                "clientTcpRtt": 0,
                "clientQuicRtt": 128,
                "colo": "SIN",
                "asn": 132618,
                "asOrganization": "GPRS/3G",
                "country": "TH",
                "isEUCountry": false,
                "city": "Bangkok",
                "continent": "AS",
                "region": "Bangkok",
                "regionCode": "10",
                "timezone": "Asia/Bangkok",
                "longitude": "100.50144",
                "latitude": "13.75398",
                "postalCode": "10200",
                "tlsVersion": "TLSv1.3",
                "tlsCipher": "AEAD-AES128-GCM-SHA256",
                "tlsClientRandom": "n/T6W7Y+AOVe8lyPaY7ohwq9hw/PgJsvCO1zZRoy3Oo=",
                "tlsClientCiphersSha1": "3HTt3+R/6BL3zeALJDSq0pR1yOQ=",
                "tlsClientExtensionsSha1": "wWIPivmsHm8+4cXD6HDtpnrVCPg=",
                "tlsClientExtensionsSha1Le": "huknydfPg8XvfnC7PqbAhevKUpE=",
                "tlsClientHelloLength": "1730",
                "tlsClientAuth": {
                    "certPresented": "0",
                    "certVerified": "NONE",
                    "certRevoked": "0",
                    "certIssuerDN": "",
                    "certSubjectDN": "",
                    "certIssuerDNRFC2253": "",
                    "certSubjectDNRFC2253": "",
                    "certIssuerDNLegacy": "",
                    "certSubjectDNLegacy": "",
                    "certSerial": "",
                    "certIssuerSerial": "",
                    "certSKI": "",
                    "certIssuerSKI": "",
                    "certFingerprintSHA1": "",
                    "certFingerprintSHA256": "",
                    "certNotBefore": "",
                    "certNotAfter": "",
                    "certRFC9440": "",
                    "certRFC9440TooLarge": false,
                    "certChainRFC9440": "",
                    "certChainRFC9440TooLarge": false
                },
                "verifiedBotCategory": "",
                "edgeL4": {
                    "deliveryRate": 867473
                }
            }
        },
        "response": {
            "status": 200
        }
    }
}
{
    "wallTime": 178,
    "cpuTime": 13,
    "truncated": false,
    "executionModel": "stateless",
    "outcome": "ok",
    "scriptVersion": {
        "id": "0141b03b-16aa-463f-bb04-28cc99b32179"
    },
    "scriptName": "vme-ips-reflection",
    "diagnosticsChannelEvents": [],
    "exceptions": [],
    "logs": [],
    "eventTimestamp": 1779102156482,
    "event": {
        "request": {
            "url": "https://vme-ips.denmasterfa.com/?_rsc=I5wpi4pfLl2JXPg6",
            "method": "GET",
            "headers": {
                "accept": "*/*",
                "accept-encoding": "gzip, br",
                "accept-language": "th-TH,th;q=0.9,en;q=0.8",
                "cf-connecting-ip": "49.237.42.99",
                "cf-ipcountry": "TH",
                "cf-ray": "9fda5eddf9878bc7",
                "cf-visitor": "{\"scheme\":\"https\"}",
                "connection": "Keep-Alive",
                "cookie": "REDACTED",
                "host": "vme-ips.denmasterfa.com",
                "next-router-prefetch": "1",
                "next-router-state-tree": "%5B%22%22%2C%7B%22children%22%3A%5B%22profile%22%2C%7B%22children%22%3A%5B%22__PAGE__%22%2C%7B%7D%2Cnull%2Cnull%5D%7D%2Cnull%2Cnull%5D%7D%2Cnull%2Cnull%2Ctrue%5D",
                "next-url": "/profile",
                "priority": "i",
                "referer": "https://vme-ips.denmasterfa.com/profile",
                "rsc": "1",
                "sec-ch-ua": "\"Chromium\";v=\"148\", \"Google Chrome\";v=\"148\", \"Not/A)Brand\";v=\"99\"",
                "sec-ch-ua-mobile": "?0",
                "sec-ch-ua-platform": "\"Windows\"",
                "sec-fetch-dest": "empty",
                "sec-fetch-mode": "cors",
                "sec-fetch-site": "same-origin",
                "user-agent": "Mozilla/5.0 (Windows NT 10.0; Win64; x64) AppleWebKit/537.36 (KHTML, like Gecko) Chrome/148.0.0.0 Safari/537.36",
                "x-forwarded-proto": "https",
                "x-real-ip": "49.237.42.99"
            },
            "cf": {
                "httpProtocol": "HTTP/3",
                "clientAcceptEncoding": "gzip, deflate, br",
                "requestPriority": "",
                "edgeRequestKeepAliveStatus": 1,
                "requestHeaderNames": {},
                "clientTcpRtt": 0,
                "clientQuicRtt": 64,
                "colo": "SIN",
                "asn": 132618,
                "asOrganization": "GPRS/3G",
                "country": "TH",
                "isEUCountry": false,
                "city": "Bangkok",
                "continent": "AS",
                "region": "Bangkok",
                "regionCode": "10",
                "timezone": "Asia/Bangkok",
                "longitude": "100.50144",
                "latitude": "13.75398",
                "postalCode": "10200",
                "tlsVersion": "TLSv1.3",
                "tlsCipher": "AEAD-AES128-GCM-SHA256",
                "tlsClientRandom": "n/T6W7Y+AOVe8lyPaY7ohwq9hw/PgJsvCO1zZRoy3Oo=",
                "tlsClientCiphersSha1": "3HTt3+R/6BL3zeALJDSq0pR1yOQ=",
                "tlsClientExtensionsSha1": "wWIPivmsHm8+4cXD6HDtpnrVCPg=",
                "tlsClientExtensionsSha1Le": "huknydfPg8XvfnC7PqbAhevKUpE=",
                "tlsClientHelloLength": "1730",
                "tlsClientAuth": {
                    "certPresented": "0",
                    "certVerified": "NONE",
                    "certRevoked": "0",
                    "certIssuerDN": "",
                    "certSubjectDN": "",
                    "certIssuerDNRFC2253": "",
                    "certSubjectDNRFC2253": "",
                    "certIssuerDNLegacy": "",
                    "certSubjectDNLegacy": "",
                    "certSerial": "",
                    "certIssuerSerial": "",
                    "certSKI": "",
                    "certIssuerSKI": "",
                    "certFingerprintSHA1": "",
                    "certFingerprintSHA256": "",
                    "certNotBefore": "",
                    "certNotAfter": "",
                    "certRFC9440": "",
                    "certRFC9440TooLarge": false,
                    "certChainRFC9440": "",
                    "certChainRFC9440TooLarge": false
                },
                "verifiedBotCategory": "",
                "edgeL4": {
                    "deliveryRate": 2841554
                }
            }
        },
        "response": {
            "status": 200
        }
    }
}
{
    "wallTime": 771,
    "cpuTime": 166,
    "truncated": false,
    "executionModel": "stateless",
    "outcome": "ok",
    "scriptVersion": {
        "id": "0141b03b-16aa-463f-bb04-28cc99b32179"
    },
    "scriptName": "vme-ips-reflection",
    "diagnosticsChannelEvents": [],
    "exceptions": [],
    "logs": [],
    "eventTimestamp": 1779102155665,
    "event": {
        "request": {
            "url": "https://vme-ips.denmasterfa.com/library?_rsc=I5wpi4pfLl2JXPg6",
            "method": "GET",
            "headers": {
                "accept": "*/*",
                "accept-encoding": "gzip, br",
                "accept-language": "th-TH,th;q=0.9,en;q=0.8",
                "cache-control": "no-cache",
                "cf-connecting-ip": "49.237.42.99",
                "cf-ipcountry": "TH",
                "cf-ray": "9fda5ed8d8848bc7",
                "cf-visitor": "{\"scheme\":\"https\"}",
                "connection": "Keep-Alive",
                "cookie": "REDACTED",
                "host": "vme-ips.denmasterfa.com",
                "next-router-prefetch": "1",
                "next-router-state-tree": "%5B%22%22%2C%7B%22children%22%3A%5B%22profile%22%2C%7B%22children%22%3A%5B%22__PAGE__%22%2C%7B%7D%2Cnull%2Cnull%5D%7D%2Cnull%2Cnull%5D%7D%2Cnull%2Cnull%2Ctrue%5D",
                "next-url": "/profile",
                "pragma": "no-cache",
                "priority": "i",
                "referer": "https://vme-ips.denmasterfa.com/profile",
                "rsc": "1",
                "sec-ch-ua": "\"Chromium\";v=\"148\", \"Google Chrome\";v=\"148\", \"Not/A)Brand\";v=\"99\"",
                "sec-ch-ua-mobile": "?0",
                "sec-ch-ua-platform": "\"Windows\"",
                "sec-fetch-dest": "empty",
                "sec-fetch-mode": "cors",
                "sec-fetch-site": "same-origin",
                "user-agent": "Mozilla/5.0 (Windows NT 10.0; Win64; x64) AppleWebKit/537.36 (KHTML, like Gecko) Chrome/148.0.0.0 Safari/537.36",
                "x-forwarded-proto": "https",
                "x-real-ip": "49.237.42.99"
            },
            "cf": {
                "httpProtocol": "HTTP/3",
                "clientAcceptEncoding": "gzip, deflate, br",
                "requestPriority": "",
                "edgeRequestKeepAliveStatus": 1,
                "requestHeaderNames": {},
                "clientTcpRtt": 0,
                "clientQuicRtt": 128,
                "colo": "SIN",
                "asn": 132618,
                "asOrganization": "GPRS/3G",
                "country": "TH",
                "isEUCountry": false,
                "city": "Bangkok",
                "continent": "AS",
                "region": "Bangkok",
                "regionCode": "10",
                "timezone": "Asia/Bangkok",
                "longitude": "100.50144",
                "latitude": "13.75398",
                "postalCode": "10200",
                "tlsVersion": "TLSv1.3",
                "tlsCipher": "AEAD-AES128-GCM-SHA256",
                "tlsClientRandom": "n/T6W7Y+AOVe8lyPaY7ohwq9hw/PgJsvCO1zZRoy3Oo=",
                "tlsClientCiphersSha1": "3HTt3+R/6BL3zeALJDSq0pR1yOQ=",
                "tlsClientExtensionsSha1": "wWIPivmsHm8+4cXD6HDtpnrVCPg=",
                "tlsClientExtensionsSha1Le": "huknydfPg8XvfnC7PqbAhevKUpE=",
                "tlsClientHelloLength": "1730",
                "tlsClientAuth": {
                    "certPresented": "0",
                    "certVerified": "NONE",
                    "certRevoked": "0",
                    "certIssuerDN": "",
                    "certSubjectDN": "",
                    "certIssuerDNRFC2253": "",
                    "certSubjectDNRFC2253": "",
                    "certIssuerDNLegacy": "",
                    "certSubjectDNLegacy": "",
                    "certSerial": "",
                    "certIssuerSerial": "",
                    "certSKI": "",
                    "certIssuerSKI": "",
                    "certFingerprintSHA1": "",
                    "certFingerprintSHA256": "",
                    "certNotBefore": "",
                    "certNotAfter": "",
                    "certRFC9440": "",
                    "certRFC9440TooLarge": false,
                    "certChainRFC9440": "",
                    "certChainRFC9440TooLarge": false
                },
                "verifiedBotCategory": "",
                "edgeL4": {
                    "deliveryRate": 867473
                }
            }
        },
        "response": {
            "status": 200
        }
    }
}
{
    "wallTime": 784,
    "cpuTime": 55,
    "truncated": false,
    "executionModel": "stateless",
    "outcome": "ok",
    "scriptVersion": {
        "id": "0141b03b-16aa-463f-bb04-28cc99b32179"
    },
    "scriptName": "vme-ips-reflection",
    "diagnosticsChannelEvents": [],
    "exceptions": [],
    "logs": [],
    "eventTimestamp": 1779102155661,
    "event": {
        "request": {
            "url": "https://vme-ips.denmasterfa.com/forum?_rsc=I5wpi4pfLl2JXPg6",
            "method": "GET",
            "headers": {
                "accept": "*/*",
                "accept-encoding": "gzip, br",
                "accept-language": "th-TH,th;q=0.9,en;q=0.8",
                "cache-control": "no-cache",
                "cf-connecting-ip": "49.237.42.99",
                "cf-ipcountry": "TH",
                "cf-ray": "9fda5ed8d87e8bc7",
                "cf-visitor": "{\"scheme\":\"https\"}",
                "connection": "Keep-Alive",
                "cookie": "REDACTED",
                "host": "vme-ips.denmasterfa.com",
                "next-router-prefetch": "1",
                "next-router-state-tree": "%5B%22%22%2C%7B%22children%22%3A%5B%22profile%22%2C%7B%22children%22%3A%5B%22__PAGE__%22%2C%7B%7D%2Cnull%2Cnull%5D%7D%2Cnull%2Cnull%5D%7D%2Cnull%2Cnull%2Ctrue%5D",
                "next-url": "/profile",
                "pragma": "no-cache",
                "priority": "i",
                "referer": "https://vme-ips.denmasterfa.com/profile",
                "rsc": "1",
                "sec-ch-ua": "\"Chromium\";v=\"148\", \"Google Chrome\";v=\"148\", \"Not/A)Brand\";v=\"99\"",
                "sec-ch-ua-mobile": "?0",
                "sec-ch-ua-platform": "\"Windows\"",
                "sec-fetch-dest": "empty",
                "sec-fetch-mode": "cors",
                "sec-fetch-site": "same-origin",
                "user-agent": "Mozilla/5.0 (Windows NT 10.0; Win64; x64) AppleWebKit/537.36 (KHTML, like Gecko) Chrome/148.0.0.0 Safari/537.36",
                "x-forwarded-proto": "https",
                "x-real-ip": "49.237.42.99"
            },
            "cf": {
                "httpProtocol": "HTTP/3",
                "clientAcceptEncoding": "gzip, deflate, br",
                "requestPriority": "",
                "edgeRequestKeepAliveStatus": 1,
                "requestHeaderNames": {},
                "clientTcpRtt": 0,
                "clientQuicRtt": 128,
                "colo": "SIN",
                "asn": 132618,
                "asOrganization": "GPRS/3G",
                "country": "TH",
                "isEUCountry": false,
                "city": "Bangkok",
                "continent": "AS",
                "region": "Bangkok",
                "regionCode": "10",
                "timezone": "Asia/Bangkok",
                "longitude": "100.50144",
                "latitude": "13.75398",
                "postalCode": "10200",
                "tlsVersion": "TLSv1.3",
                "tlsCipher": "AEAD-AES128-GCM-SHA256",
                "tlsClientRandom": "n/T6W7Y+AOVe8lyPaY7ohwq9hw/PgJsvCO1zZRoy3Oo=",
                "tlsClientCiphersSha1": "3HTt3+R/6BL3zeALJDSq0pR1yOQ=",
                "tlsClientExtensionsSha1": "wWIPivmsHm8+4cXD6HDtpnrVCPg=",
                "tlsClientExtensionsSha1Le": "huknydfPg8XvfnC7PqbAhevKUpE=",
                "tlsClientHelloLength": "1730",
                "tlsClientAuth": {
                    "certPresented": "0",
                    "certVerified": "NONE",
                    "certRevoked": "0",
                    "certIssuerDN": "",
                    "certSubjectDN": "",
                    "certIssuerDNRFC2253": "",
                    "certSubjectDNRFC2253": "",
                    "certIssuerDNLegacy": "",
                    "certSubjectDNLegacy": "",
                    "certSerial": "",
                    "certIssuerSerial": "",
                    "certSKI": "",
                    "certIssuerSKI": "",
                    "certFingerprintSHA1": "",
                    "certFingerprintSHA256": "",
                    "certNotBefore": "",
                    "certNotAfter": "",
                    "certRFC9440": "",
                    "certRFC9440TooLarge": false,
                    "certChainRFC9440": "",
                    "certChainRFC9440TooLarge": false
                },
                "verifiedBotCategory": "",
                "edgeL4": {
                    "deliveryRate": 867473
                }
            }
        },
        "response": {
            "status": 200
        }
    }
}
{
    "wallTime": 792,
    "cpuTime": 44,
    "truncated": false,
    "executionModel": "stateless",
    "outcome": "ok",
    "scriptVersion": {
        "id": "0141b03b-16aa-463f-bb04-28cc99b32179"
    },
    "scriptName": "vme-ips-reflection",
    "diagnosticsChannelEvents": [],
    "exceptions": [],
    "logs": [],
    "eventTimestamp": 1779102155842,
    "event": {
        "request": {
            "url": "https://vme-ips.denmasterfa.com/admin/knowledge?_rsc=I5wpi4pfLl2JXPg6",
            "method": "GET",
            "headers": {
                "accept": "*/*",
                "accept-encoding": "gzip, br",
                "accept-language": "th-TH,th;q=0.9,en;q=0.8",
                "cache-control": "no-cache",
                "cf-connecting-ip": "49.237.42.99",
                "cf-ipcountry": "TH",
                "cf-ray": "9fda5ed9f8ba8bc7",
                "cf-visitor": "{\"scheme\":\"https\"}",
                "connection": "Keep-Alive",
                "cookie": "REDACTED",
                "host": "vme-ips.denmasterfa.com",
                "next-router-prefetch": "1",
                "next-router-state-tree": "%5B%22%22%2C%7B%22children%22%3A%5B%22profile%22%2C%7B%22children%22%3A%5B%22__PAGE__%22%2C%7B%7D%2Cnull%2Cnull%5D%7D%2Cnull%2Cnull%5D%7D%2Cnull%2Cnull%2Ctrue%5D",
                "next-url": "/profile",
                "pragma": "no-cache",
                "priority": "i",
                "referer": "https://vme-ips.denmasterfa.com/profile",
                "rsc": "1",
                "sec-ch-ua": "\"Chromium\";v=\"148\", \"Google Chrome\";v=\"148\", \"Not/A)Brand\";v=\"99\"",
                "sec-ch-ua-mobile": "?0",
                "sec-ch-ua-platform": "\"Windows\"",
                "sec-fetch-dest": "empty",
                "sec-fetch-mode": "cors",
                "sec-fetch-site": "same-origin",
                "user-agent": "Mozilla/5.0 (Windows NT 10.0; Win64; x64) AppleWebKit/537.36 (KHTML, like Gecko) Chrome/148.0.0.0 Safari/537.36",
                "x-forwarded-proto": "https",
                "x-real-ip": "49.237.42.99"
            },
            "cf": {
                "httpProtocol": "HTTP/3",
                "clientAcceptEncoding": "gzip, deflate, br",
                "requestPriority": "",
                "edgeRequestKeepAliveStatus": 1,
                "requestHeaderNames": {},
                "clientTcpRtt": 0,
                "clientQuicRtt": 140,
                "colo": "SIN",
                "asn": 132618,
                "asOrganization": "GPRS/3G",
                "country": "TH",
                "isEUCountry": false,
                "city": "Bangkok",
                "continent": "AS",
                "region": "Bangkok",
                "regionCode": "10",
                "timezone": "Asia/Bangkok",
                "longitude": "100.50144",
                "latitude": "13.75398",
                "postalCode": "10200",
                "tlsVersion": "TLSv1.3",
                "tlsCipher": "AEAD-AES128-GCM-SHA256",
                "tlsClientRandom": "n/T6W7Y+AOVe8lyPaY7ohwq9hw/PgJsvCO1zZRoy3Oo=",
                "tlsClientCiphersSha1": "3HTt3+R/6BL3zeALJDSq0pR1yOQ=",
                "tlsClientExtensionsSha1": "wWIPivmsHm8+4cXD6HDtpnrVCPg=",
                "tlsClientExtensionsSha1Le": "huknydfPg8XvfnC7PqbAhevKUpE=",
                "tlsClientHelloLength": "1730",
                "tlsClientAuth": {
                    "certPresented": "0",
                    "certVerified": "NONE",
                    "certRevoked": "0",
                    "certIssuerDN": "",
                    "certSubjectDN": "",
                    "certIssuerDNRFC2253": "",
                    "certSubjectDNRFC2253": "",
                    "certIssuerDNLegacy": "",
                    "certSubjectDNLegacy": "",
                    "certSerial": "",
                    "certIssuerSerial": "",
                    "certSKI": "",
                    "certIssuerSKI": "",
                    "certFingerprintSHA1": "",
                    "certFingerprintSHA256": "",
                    "certNotBefore": "",
                    "certNotAfter": "",
                    "certRFC9440": "",
                    "certRFC9440TooLarge": false,
                    "certChainRFC9440": "",
                    "certChainRFC9440TooLarge": false
                },
                "verifiedBotCategory": "",
                "edgeL4": {
                    "deliveryRate": 867473
                }
            }
        },
        "response": {
            "status": 200
        }
    }
}
{
    "wallTime": 397,
    "cpuTime": 39,
    "truncated": false,
    "executionModel": "stateless",
    "outcome": "ok",
    "scriptVersion": {
        "id": "0141b03b-16aa-463f-bb04-28cc99b32179"
    },
    "scriptName": "vme-ips-reflection",
    "diagnosticsChannelEvents": [],
    "exceptions": [],
    "logs": [],
    "eventTimestamp": 1779102156472,
    "event": {
        "request": {
            "url": "https://vme-ips.denmasterfa.com/admin/library?_rsc=I5wpi4pfLl2JXPg6",
            "method": "GET",
            "headers": {
                "accept": "*/*",
                "accept-encoding": "gzip, br",
                "accept-language": "th-TH,th;q=0.9,en;q=0.8",
                "cf-connecting-ip": "49.237.42.99",
                "cf-ipcountry": "TH",
                "cf-ray": "9fda5edde9838bc7",
                "cf-visitor": "{\"scheme\":\"https\"}",
                "connection": "Keep-Alive",
                "cookie": "REDACTED",
                "host": "vme-ips.denmasterfa.com",
                "next-router-prefetch": "1",
                "next-router-state-tree": "%5B%22%22%2C%7B%22children%22%3A%5B%22profile%22%2C%7B%22children%22%3A%5B%22__PAGE__%22%2C%7B%7D%2Cnull%2Cnull%5D%7D%2Cnull%2Cnull%5D%7D%2Cnull%2Cnull%2Ctrue%5D",
                "next-url": "/profile",
                "priority": "i",
                "referer": "https://vme-ips.denmasterfa.com/profile",
                "rsc": "1",
                "sec-ch-ua": "\"Chromium\";v=\"148\", \"Google Chrome\";v=\"148\", \"Not/A)Brand\";v=\"99\"",
                "sec-ch-ua-mobile": "?0",
                "sec-ch-ua-platform": "\"Windows\"",
                "sec-fetch-dest": "empty",
                "sec-fetch-mode": "cors",
                "sec-fetch-site": "same-origin",
                "user-agent": "Mozilla/5.0 (Windows NT 10.0; Win64; x64) AppleWebKit/537.36 (KHTML, like Gecko) Chrome/148.0.0.0 Safari/537.36",
                "x-forwarded-proto": "https",
                "x-real-ip": "49.237.42.99"
            },
            "cf": {
                "httpProtocol": "HTTP/3",
                "clientAcceptEncoding": "gzip, deflate, br",
                "requestPriority": "",
                "edgeRequestKeepAliveStatus": 1,
                "requestHeaderNames": {},
                "clientTcpRtt": 0,
                "clientQuicRtt": 65,
                "colo": "SIN",
                "asn": 132618,
                "asOrganization": "GPRS/3G",
                "country": "TH",
                "isEUCountry": false,
                "city": "Bangkok",
                "continent": "AS",
                "region": "Bangkok",
                "regionCode": "10",
                "timezone": "Asia/Bangkok",
                "longitude": "100.50144",
                "latitude": "13.75398",
                "postalCode": "10200",
                "tlsVersion": "TLSv1.3",
                "tlsCipher": "AEAD-AES128-GCM-SHA256",
                "tlsClientRandom": "n/T6W7Y+AOVe8lyPaY7ohwq9hw/PgJsvCO1zZRoy3Oo=",
                "tlsClientCiphersSha1": "3HTt3+R/6BL3zeALJDSq0pR1yOQ=",
                "tlsClientExtensionsSha1": "wWIPivmsHm8+4cXD6HDtpnrVCPg=",
                "tlsClientExtensionsSha1Le": "huknydfPg8XvfnC7PqbAhevKUpE=",
                "tlsClientHelloLength": "1730",
                "tlsClientAuth": {
                    "certPresented": "0",
                    "certVerified": "NONE",
                    "certRevoked": "0",
                    "certIssuerDN": "",
                    "certSubjectDN": "",
                    "certIssuerDNRFC2253": "",
                    "certSubjectDNRFC2253": "",
                    "certIssuerDNLegacy": "",
                    "certSubjectDNLegacy": "",
                    "certSerial": "",
                    "certIssuerSerial": "",
                    "certSKI": "",
                    "certIssuerSKI": "",
                    "certFingerprintSHA1": "",
                    "certFingerprintSHA256": "",
                    "certNotBefore": "",
                    "certNotAfter": "",
                    "certRFC9440": "",
                    "certRFC9440TooLarge": false,
                    "certChainRFC9440": "",
                    "certChainRFC9440TooLarge": false
                },
                "verifiedBotCategory": "",
                "edgeL4": {
                    "deliveryRate": 2841554
                }
            }
        },
        "response": {
            "status": 200
        }
    }
}
{
    "wallTime": 397,
    "cpuTime": 119,
    "truncated": false,
    "executionModel": "stateless",
    "outcome": "ok",
    "scriptVersion": {
        "id": "0141b03b-16aa-463f-bb04-28cc99b32179"
    },
    "scriptName": "vme-ips-reflection",
    "diagnosticsChannelEvents": [],
    "exceptions": [],
    "logs": [],
    "eventTimestamp": 1779102156523,
    "event": {
        "request": {
            "url": "https://vme-ips.denmasterfa.com/profile",
            "method": "GET",
            "headers": {
                "accept": "text/html,application/xhtml+xml,application/xml;q=0.9,image/avif,image/webp,image/apng,*/*;q=0.8,application/signed-exchange;v=b3;q=0.7",
                "accept-encoding": "gzip, br",
                "accept-language": "th-TH,th;q=0.9,en;q=0.8",
                "cache-control": "no-cache",
                "cf-connecting-ip": "49.237.42.99",
                "cf-ipcountry": "TH",
                "cf-ray": "9fda5ede398f8bc7",
                "cf-visitor": "{\"scheme\":\"https\"}",
                "connection": "Keep-Alive",
                "cookie": "REDACTED",
                "host": "vme-ips.denmasterfa.com",
                "pragma": "no-cache",
                "priority": "u=0, i",
                "sec-ch-ua": "\"Chromium\";v=\"148\", \"Google Chrome\";v=\"148\", \"Not/A)Brand\";v=\"99\"",
                "sec-ch-ua-mobile": "?0",
                "sec-ch-ua-platform": "\"Windows\"",
                "sec-fetch-dest": "document",
                "sec-fetch-mode": "navigate",
                "sec-fetch-site": "same-origin",
                "sec-fetch-user": "?1",
                "upgrade-insecure-requests": "1",
                "user-agent": "Mozilla/5.0 (Windows NT 10.0; Win64; x64) AppleWebKit/537.36 (KHTML, like Gecko) Chrome/148.0.0.0 Safari/537.36",
                "x-forwarded-proto": "https",
                "x-real-ip": "49.237.42.99"
            },
            "cf": {
                "httpProtocol": "HTTP/3",
                "clientAcceptEncoding": "gzip, deflate, br",
                "requestPriority": "",
                "edgeRequestKeepAliveStatus": 1,
                "requestHeaderNames": {},
                "clientTcpRtt": 0,
                "clientQuicRtt": 64,
                "colo": "SIN",
                "asn": 132618,
                "asOrganization": "GPRS/3G",
                "country": "TH",
                "isEUCountry": false,
                "city": "Bangkok",
                "continent": "AS",
                "region": "Bangkok",
                "regionCode": "10",
                "timezone": "Asia/Bangkok",
                "longitude": "100.50144",
                "latitude": "13.75398",
                "postalCode": "10200",
                "tlsVersion": "TLSv1.3",
                "tlsCipher": "AEAD-AES128-GCM-SHA256",
                "tlsClientRandom": "n/T6W7Y+AOVe8lyPaY7ohwq9hw/PgJsvCO1zZRoy3Oo=",
                "tlsClientCiphersSha1": "3HTt3+R/6BL3zeALJDSq0pR1yOQ=",
                "tlsClientExtensionsSha1": "wWIPivmsHm8+4cXD6HDtpnrVCPg=",
                "tlsClientExtensionsSha1Le": "huknydfPg8XvfnC7PqbAhevKUpE=",
                "tlsClientHelloLength": "1730",
                "tlsClientAuth": {
                    "certPresented": "0",
                    "certVerified": "NONE",
                    "certRevoked": "0",
                    "certIssuerDN": "",
                    "certSubjectDN": "",
                    "certIssuerDNRFC2253": "",
                    "certSubjectDNRFC2253": "",
                    "certIssuerDNLegacy": "",
                    "certSubjectDNLegacy": "",
                    "certSerial": "",
                    "certIssuerSerial": "",
                    "certSKI": "",
                    "certIssuerSKI": "",
                    "certFingerprintSHA1": "",
                    "certFingerprintSHA256": "",
                    "certNotBefore": "",
                    "certNotAfter": "",
                    "certRFC9440": "",
                    "certRFC9440TooLarge": false,
                    "certChainRFC9440": "",
                    "certChainRFC9440TooLarge": false
                },
                "verifiedBotCategory": "",
                "edgeL4": {
                    "deliveryRate": 2841554
                }
            }
        },
        "response": {
            "status": 200
        }
    }
}
{
    "wallTime": 138,
    "cpuTime": 57,
    "truncated": false,
    "executionModel": "stateless",
    "outcome": "ok",
    "scriptVersion": {
        "id": "0141b03b-16aa-463f-bb04-28cc99b32179"
    },
    "scriptName": "vme-ips-reflection",
    "diagnosticsChannelEvents": [],
    "exceptions": [],
    "logs": [],
    "eventTimestamp": 1779102156744,
    "event": {
        "request": {
            "url": "https://vme-ips.denmasterfa.com/smart?_rsc=I5wpi4pfLl2JXPg6",
            "method": "GET",
            "headers": {
                "accept": "*/*",
                "accept-encoding": "gzip, br",
                "accept-language": "th-TH,th;q=0.9,en;q=0.8",
                "cf-connecting-ip": "49.237.42.99",
                "cf-ipcountry": "TH",
                "cf-ray": "9fda5edf99ca8bc7",
                "cf-visitor": "{\"scheme\":\"https\"}",
                "connection": "Keep-Alive",
                "cookie": "REDACTED",
                "host": "vme-ips.denmasterfa.com",
                "next-router-prefetch": "1",
                "next-router-state-tree": "%5B%22%22%2C%7B%22children%22%3A%5B%22profile%22%2C%7B%22children%22%3A%5B%22__PAGE__%22%2C%7B%7D%2Cnull%2Cnull%5D%7D%2Cnull%2Cnull%5D%7D%2Cnull%2Cnull%2Ctrue%5D",
                "next-url": "/profile",
                "priority": "i",
                "referer": "https://vme-ips.denmasterfa.com/profile",
                "rsc": "1",
                "sec-ch-ua": "\"Chromium\";v=\"148\", \"Google Chrome\";v=\"148\", \"Not/A)Brand\";v=\"99\"",
                "sec-ch-ua-mobile": "?0",
                "sec-ch-ua-platform": "\"Windows\"",
                "sec-fetch-dest": "empty",
                "sec-fetch-mode": "cors",
                "sec-fetch-site": "same-origin",
                "user-agent": "Mozilla/5.0 (Windows NT 10.0; Win64; x64) AppleWebKit/537.36 (KHTML, like Gecko) Chrome/148.0.0.0 Safari/537.36",
                "x-forwarded-proto": "https",
                "x-real-ip": "49.237.42.99"
            },
            "cf": {
                "httpProtocol": "HTTP/3",
                "clientAcceptEncoding": "gzip, deflate, br",
                "requestPriority": "",
                "edgeRequestKeepAliveStatus": 1,
                "requestHeaderNames": {},
                "clientTcpRtt": 0,
                "clientQuicRtt": 65,
                "colo": "SIN",
                "asn": 132618,
                "asOrganization": "GPRS/3G",
                "country": "TH",
                "isEUCountry": false,
                "city": "Bangkok",
                "continent": "AS",
                "region": "Bangkok",
                "regionCode": "10",
                "timezone": "Asia/Bangkok",
                "longitude": "100.50144",
                "latitude": "13.75398",
                "postalCode": "10200",
                "tlsVersion": "TLSv1.3",
                "tlsCipher": "AEAD-AES128-GCM-SHA256",
                "tlsClientRandom": "n/T6W7Y+AOVe8lyPaY7ohwq9hw/PgJsvCO1zZRoy3Oo=",
                "tlsClientCiphersSha1": "3HTt3+R/6BL3zeALJDSq0pR1yOQ=",
                "tlsClientExtensionsSha1": "wWIPivmsHm8+4cXD6HDtpnrVCPg=",
                "tlsClientExtensionsSha1Le": "huknydfPg8XvfnC7PqbAhevKUpE=",
                "tlsClientHelloLength": "1730",
                "tlsClientAuth": {
                    "certPresented": "0",
                    "certVerified": "NONE",
                    "certRevoked": "0",
                    "certIssuerDN": "",
                    "certSubjectDN": "",
                    "certIssuerDNRFC2253": "",
                    "certSubjectDNRFC2253": "",
                    "certIssuerDNLegacy": "",
                    "certSubjectDNLegacy": "",
                    "certSerial": "",
                    "certIssuerSerial": "",
                    "certSKI": "",
                    "certIssuerSKI": "",
                    "certFingerprintSHA1": "",
                    "certFingerprintSHA256": "",
                    "certNotBefore": "",
                    "certNotAfter": "",
                    "certRFC9440": "",
                    "certRFC9440TooLarge": false,
                    "certChainRFC9440": "",
                    "certChainRFC9440TooLarge": false
                },
                "verifiedBotCategory": "",
                "edgeL4": {
                    "deliveryRate": 2841554
                }
            }
        },
        "response": {
            "status": 200
        }
    }
}
{
    "wallTime": 69,
    "cpuTime": 37,
    "truncated": false,
    "executionModel": "stateless",
    "outcome": "ok",
    "scriptVersion": {
        "id": "0141b03b-16aa-463f-bb04-28cc99b32179"
    },
    "scriptName": "vme-ips-reflection",
    "diagnosticsChannelEvents": [],
    "exceptions": [],
    "logs": [],
    "eventTimestamp": 1779102156927,
    "event": {
        "request": {
            "url": "https://vme-ips.denmasterfa.com/reflect?_rsc=I5wpi4pfLl2JXPg6",
            "method": "GET",
            "headers": {
                "accept": "*/*",
                "accept-encoding": "gzip, br",
                "accept-language": "th-TH,th;q=0.9,en;q=0.8",
                "cf-connecting-ip": "49.237.42.99",
                "cf-ipcountry": "TH",
                "cf-ray": "9fda5ee0ca188bc7",
                "cf-visitor": "{\"scheme\":\"https\"}",
                "connection": "Keep-Alive",
                "cookie": "REDACTED",
                "host": "vme-ips.denmasterfa.com",
                "next-router-prefetch": "1",
                "next-router-state-tree": "%5B%22%22%2C%7B%22children%22%3A%5B%22profile%22%2C%7B%22children%22%3A%5B%22__PAGE__%22%2C%7B%7D%2Cnull%2Cnull%5D%7D%2Cnull%2Cnull%5D%7D%2Cnull%2Cnull%2Ctrue%5D",
                "next-url": "/profile",
                "priority": "i",
                "referer": "https://vme-ips.denmasterfa.com/profile",
                "rsc": "1",
                "sec-ch-ua": "\"Chromium\";v=\"148\", \"Google Chrome\";v=\"148\", \"Not/A)Brand\";v=\"99\"",
                "sec-ch-ua-mobile": "?0",
                "sec-ch-ua-platform": "\"Windows\"",
                "sec-fetch-dest": "empty",
                "sec-fetch-mode": "cors",
                "sec-fetch-site": "same-origin",
                "user-agent": "Mozilla/5.0 (Windows NT 10.0; Win64; x64) AppleWebKit/537.36 (KHTML, like Gecko) Chrome/148.0.0.0 Safari/537.36",
                "x-forwarded-proto": "https",
                "x-real-ip": "49.237.42.99"
            },
            "cf": {
                "httpProtocol": "HTTP/3",
                "clientAcceptEncoding": "gzip, deflate, br",
                "requestPriority": "",
                "edgeRequestKeepAliveStatus": 1,
                "requestHeaderNames": {},
                "clientTcpRtt": 0,
                "clientQuicRtt": 61,
                "colo": "SIN",
                "asn": 132618,
                "asOrganization": "GPRS/3G",
                "country": "TH",
                "isEUCountry": false,
                "city": "Bangkok",
                "continent": "AS",
                "region": "Bangkok",
                "regionCode": "10",
                "timezone": "Asia/Bangkok",
                "longitude": "100.50144",
                "latitude": "13.75398",
                "postalCode": "10200",
                "tlsVersion": "TLSv1.3",
                "tlsCipher": "AEAD-AES128-GCM-SHA256",
                "tlsClientRandom": "n/T6W7Y+AOVe8lyPaY7ohwq9hw/PgJsvCO1zZRoy3Oo=",
                "tlsClientCiphersSha1": "3HTt3+R/6BL3zeALJDSq0pR1yOQ=",
                "tlsClientExtensionsSha1": "wWIPivmsHm8+4cXD6HDtpnrVCPg=",
                "tlsClientExtensionsSha1Le": "huknydfPg8XvfnC7PqbAhevKUpE=",
                "tlsClientHelloLength": "1730",
                "tlsClientAuth": {
                    "certPresented": "0",
                    "certVerified": "NONE",
                    "certRevoked": "0",
                    "certIssuerDN": "",
                    "certSubjectDN": "",
                    "certIssuerDNRFC2253": "",
                    "certSubjectDNRFC2253": "",
                    "certIssuerDNLegacy": "",
                    "certSubjectDNLegacy": "",
                    "certSerial": "",
                    "certIssuerSerial": "",
                    "certSKI": "",
                    "certIssuerSKI": "",
                    "certFingerprintSHA1": "",
                    "certFingerprintSHA256": "",
                    "certNotBefore": "",
                    "certNotAfter": "",
                    "certRFC9440": "",
                    "certRFC9440TooLarge": false,
                    "certChainRFC9440": "",
                    "certChainRFC9440TooLarge": false
                },
                "verifiedBotCategory": "",
                "edgeL4": {
                    "deliveryRate": 2841554
                }
            }
        },
        "response": {
            "status": 200
        }
    }
}
{
    "wallTime": 70,
    "cpuTime": 38,
    "truncated": false,
    "executionModel": "stateless",
    "outcome": "ok",
    "scriptVersion": {
        "id": "0141b03b-16aa-463f-bb04-28cc99b32179"
    },
    "scriptName": "vme-ips-reflection",
    "diagnosticsChannelEvents": [],
    "exceptions": [],
    "logs": [],
    "eventTimestamp": 1779102156936,
    "event": {
        "request": {
            "url": "https://vme-ips.denmasterfa.com/kaewsai?_rsc=I5wpi4pfLl2JXPg6",
            "method": "GET",
            "headers": {
                "accept": "*/*",
                "accept-encoding": "gzip, br",
                "accept-language": "th-TH,th;q=0.9,en;q=0.8",
                "cf-connecting-ip": "49.237.42.99",
                "cf-ipcountry": "TH",
                "cf-ray": "9fda5ee0ca1c8bc7",
                "cf-visitor": "{\"scheme\":\"https\"}",
                "connection": "Keep-Alive",
                "cookie": "REDACTED",
                "host": "vme-ips.denmasterfa.com",
                "next-router-prefetch": "1",
                "next-router-state-tree": "%5B%22%22%2C%7B%22children%22%3A%5B%22profile%22%2C%7B%22children%22%3A%5B%22__PAGE__%22%2C%7B%7D%2Cnull%2Cnull%5D%7D%2Cnull%2Cnull%5D%7D%2Cnull%2Cnull%2Ctrue%5D",
                "next-url": "/profile",
                "priority": "i",
                "referer": "https://vme-ips.denmasterfa.com/profile",
                "rsc": "1",
                "sec-ch-ua": "\"Chromium\";v=\"148\", \"Google Chrome\";v=\"148\", \"Not/A)Brand\";v=\"99\"",
                "sec-ch-ua-mobile": "?0",
                "sec-ch-ua-platform": "\"Windows\"",
                "sec-fetch-dest": "empty",
                "sec-fetch-mode": "cors",
                "sec-fetch-site": "same-origin",
                "user-agent": "Mozilla/5.0 (Windows NT 10.0; Win64; x64) AppleWebKit/537.36 (KHTML, like Gecko) Chrome/148.0.0.0 Safari/537.36",
                "x-forwarded-proto": "https",
                "x-real-ip": "49.237.42.99"
            },
            "cf": {
                "httpProtocol": "HTTP/3",
                "clientAcceptEncoding": "gzip, deflate, br",
                "requestPriority": "",
                "edgeRequestKeepAliveStatus": 1,
                "requestHeaderNames": {},
                "clientTcpRtt": 0,
                "clientQuicRtt": 60,
                "colo": "SIN",
                "asn": 132618,
                "asOrganization": "GPRS/3G",
                "country": "TH",
                "isEUCountry": false,
                "city": "Bangkok",
                "continent": "AS",
                "region": "Bangkok",
                "regionCode": "10",
                "timezone": "Asia/Bangkok",
                "longitude": "100.50144",
                "latitude": "13.75398",
                "postalCode": "10200",
                "tlsVersion": "TLSv1.3",
                "tlsCipher": "AEAD-AES128-GCM-SHA256",
                "tlsClientRandom": "n/T6W7Y+AOVe8lyPaY7ohwq9hw/PgJsvCO1zZRoy3Oo=",
                "tlsClientCiphersSha1": "3HTt3+R/6BL3zeALJDSq0pR1yOQ=",
                "tlsClientExtensionsSha1": "wWIPivmsHm8+4cXD6HDtpnrVCPg=",
                "tlsClientExtensionsSha1Le": "huknydfPg8XvfnC7PqbAhevKUpE=",
                "tlsClientHelloLength": "1730",
                "tlsClientAuth": {
                    "certPresented": "0",
                    "certVerified": "NONE",
                    "certRevoked": "0",
                    "certIssuerDN": "",
                    "certSubjectDN": "",
                    "certIssuerDNRFC2253": "",
                    "certSubjectDNRFC2253": "",
                    "certIssuerDNLegacy": "",
                    "certSubjectDNLegacy": "",
                    "certSerial": "",
                    "certIssuerSerial": "",
                    "certSKI": "",
                    "certIssuerSKI": "",
                    "certFingerprintSHA1": "",
                    "certFingerprintSHA256": "",
                    "certNotBefore": "",
                    "certNotAfter": "",
                    "certRFC9440": "",
                    "certRFC9440TooLarge": false,
                    "certChainRFC9440": "",
                    "certChainRFC9440TooLarge": false
                },
                "verifiedBotCategory": "",
                "edgeL4": {
                    "deliveryRate": 2841554
                }
            }
        },
        "response": {
            "status": 200
        }
    }
}
{
    "wallTime": 11,
    "cpuTime": 10,
    "truncated": false,
    "executionModel": "stateless",
    "outcome": "ok",
    "scriptVersion": {
        "id": "0141b03b-16aa-463f-bb04-28cc99b32179"
    },
    "scriptName": "vme-ips-reflection",
    "diagnosticsChannelEvents": [],
    "exceptions": [],
    "logs": [],
    "eventTimestamp": 1779102157587,
    "event": {
        "request": {
            "url": "https://vme-ips.denmasterfa.com/card/REDACTED?_rsc=I5wpi4pfLl2JXPg6",
            "method": "GET",
            "headers": {
                "accept": "*/*",
                "accept-encoding": "gzip, br",
                "accept-language": "th-TH,th;q=0.9,en;q=0.8",
                "cache-control": "no-cache",
                "cf-connecting-ip": "49.237.42.99",
                "cf-ipcountry": "TH",
                "cf-ray": "9fda5ee4db1f8bc7",
                "cf-visitor": "{\"scheme\":\"https\"}",
                "connection": "Keep-Alive",
                "cookie": "REDACTED",
                "host": "vme-ips.denmasterfa.com",
                "next-router-prefetch": "1",
                "next-router-state-tree": "%5B%22%22%2C%7B%22children%22%3A%5B%22profile%22%2C%7B%22children%22%3A%5B%22__PAGE__%22%2C%7B%7D%2Cnull%2Cnull%5D%7D%2Cnull%2Cnull%5D%7D%2Cnull%2Cnull%2Ctrue%5D",
                "next-url": "/profile",
                "pragma": "no-cache",
                "priority": "i",
                "referer": "https://vme-ips.denmasterfa.com/profile",
                "rsc": "1",
                "sec-ch-ua": "\"Chromium\";v=\"148\", \"Google Chrome\";v=\"148\", \"Not/A)Brand\";v=\"99\"",
                "sec-ch-ua-mobile": "?0",
                "sec-ch-ua-platform": "\"Windows\"",
                "sec-fetch-dest": "empty",
                "sec-fetch-mode": "cors",
                "sec-fetch-site": "same-origin",
                "user-agent": "Mozilla/5.0 (Windows NT 10.0; Win64; x64) AppleWebKit/537.36 (KHTML, like Gecko) Chrome/148.0.0.0 Safari/537.36",
                "x-forwarded-proto": "https",
                "x-real-ip": "49.237.42.99"
            },
            "cf": {
                "httpProtocol": "HTTP/3",
                "clientAcceptEncoding": "gzip, deflate, br",
                "requestPriority": "",
                "edgeRequestKeepAliveStatus": 1,
                "requestHeaderNames": {},
                "clientTcpRtt": 0,
                "clientQuicRtt": 91,
                "colo": "SIN",
                "asn": 132618,
                "asOrganization": "GPRS/3G",
                "country": "TH",
                "isEUCountry": false,
                "city": "Bangkok",
                "continent": "AS",
                "region": "Bangkok",
                "regionCode": "10",
                "timezone": "Asia/Bangkok",
                "longitude": "100.50144",
                "latitude": "13.75398",
                "postalCode": "10200",
                "tlsVersion": "TLSv1.3",
                "tlsCipher": "AEAD-AES128-GCM-SHA256",
                "tlsClientRandom": "n/T6W7Y+AOVe8lyPaY7ohwq9hw/PgJsvCO1zZRoy3Oo=",
                "tlsClientCiphersSha1": "3HTt3+R/6BL3zeALJDSq0pR1yOQ=",
                "tlsClientExtensionsSha1": "wWIPivmsHm8+4cXD6HDtpnrVCPg=",
                "tlsClientExtensionsSha1Le": "huknydfPg8XvfnC7PqbAhevKUpE=",
                "tlsClientHelloLength": "1730",
                "tlsClientAuth": {
                    "certPresented": "0",
                    "certVerified": "NONE",
                    "certRevoked": "0",
                    "certIssuerDN": "",
                    "certSubjectDN": "",
                    "certIssuerDNRFC2253": "",
                    "certSubjectDNRFC2253": "",
                    "certIssuerDNLegacy": "",
                    "certSubjectDNLegacy": "",
                    "certSerial": "",
                    "certIssuerSerial": "",
                    "certSKI": "",
                    "certIssuerSKI": "",
                    "certFingerprintSHA1": "",
                    "certFingerprintSHA256": "",
                    "certNotBefore": "",
                    "certNotAfter": "",
                    "certRFC9440": "",
                    "certRFC9440TooLarge": false,
                    "certChainRFC9440": "",
                    "certChainRFC9440TooLarge": false
                },
                "verifiedBotCategory": "",
                "edgeL4": {
                    "deliveryRate": 2841554
                }
            }
        },
        "response": {
            "status": 200
        }
    }
}
{
    "wallTime": 26,
    "cpuTime": 14,
    "truncated": false,
    "executionModel": "stateless",
    "outcome": "ok",
    "scriptVersion": {
        "id": "0141b03b-16aa-463f-bb04-28cc99b32179"
    },
    "scriptName": "vme-ips-reflection",
    "diagnosticsChannelEvents": [],
    "exceptions": [],
    "logs": [],
    "eventTimestamp": 1779102157592,
    "event": {
        "request": {
            "url": "https://vme-ips.denmasterfa.com/profile/edit?_rsc=I5wpi4pfLl2JXPg6",
            "method": "GET",
            "headers": {
                "accept": "*/*",
                "accept-encoding": "gzip, br",
                "accept-language": "th-TH,th;q=0.9,en;q=0.8",
                "cache-control": "no-cache",
                "cf-connecting-ip": "49.237.42.99",
                "cf-ipcountry": "TH",
                "cf-ray": "9fda5ee4db1e8bc7",
                "cf-visitor": "{\"scheme\":\"https\"}",
                "connection": "Keep-Alive",
                "cookie": "REDACTED",
                "host": "vme-ips.denmasterfa.com",
                "next-router-prefetch": "1",
                "next-router-state-tree": "%5B%22%22%2C%7B%22children%22%3A%5B%22profile%22%2C%7B%22children%22%3A%5B%22__PAGE__%22%2C%7B%7D%2Cnull%2Cnull%5D%7D%2Cnull%2Cnull%5D%7D%2Cnull%2Cnull%2Ctrue%5D",
                "next-url": "/profile",
                "pragma": "no-cache",
                "priority": "i",
                "referer": "https://vme-ips.denmasterfa.com/profile",
                "rsc": "1",
                "sec-ch-ua": "\"Chromium\";v=\"148\", \"Google Chrome\";v=\"148\", \"Not/A)Brand\";v=\"99\"",
                "sec-ch-ua-mobile": "?0",
                "sec-ch-ua-platform": "\"Windows\"",
                "sec-fetch-dest": "empty",
                "sec-fetch-mode": "cors",
                "sec-fetch-site": "same-origin",
                "user-agent": "Mozilla/5.0 (Windows NT 10.0; Win64; x64) AppleWebKit/537.36 (KHTML, like Gecko) Chrome/148.0.0.0 Safari/537.36",
                "x-forwarded-proto": "https",
                "x-real-ip": "49.237.42.99"
            },
            "cf": {
                "httpProtocol": "HTTP/3",
                "clientAcceptEncoding": "gzip, deflate, br",
                "requestPriority": "",
                "edgeRequestKeepAliveStatus": 1,
                "requestHeaderNames": {},
                "clientTcpRtt": 0,
                "clientQuicRtt": 91,
                "colo": "SIN",
                "asn": 132618,
                "asOrganization": "GPRS/3G",
                "country": "TH",
                "isEUCountry": false,
                "city": "Bangkok",
                "continent": "AS",
                "region": "Bangkok",
                "regionCode": "10",
                "timezone": "Asia/Bangkok",
                "longitude": "100.50144",
                "latitude": "13.75398",
                "postalCode": "10200",
                "tlsVersion": "TLSv1.3",
                "tlsCipher": "AEAD-AES128-GCM-SHA256",
                "tlsClientRandom": "n/T6W7Y+AOVe8lyPaY7ohwq9hw/PgJsvCO1zZRoy3Oo=",
                "tlsClientCiphersSha1": "3HTt3+R/6BL3zeALJDSq0pR1yOQ=",
                "tlsClientExtensionsSha1": "wWIPivmsHm8+4cXD6HDtpnrVCPg=",
                "tlsClientExtensionsSha1Le": "huknydfPg8XvfnC7PqbAhevKUpE=",
                "tlsClientHelloLength": "1730",
                "tlsClientAuth": {
                    "certPresented": "0",
                    "certVerified": "NONE",
                    "certRevoked": "0",
                    "certIssuerDN": "",
                    "certSubjectDN": "",
                    "certIssuerDNRFC2253": "",
                    "certSubjectDNRFC2253": "",
                    "certIssuerDNLegacy": "",
                    "certSubjectDNLegacy": "",
                    "certSerial": "",
                    "certIssuerSerial": "",
                    "certSKI": "",
                    "certIssuerSKI": "",
                    "certFingerprintSHA1": "",
                    "certFingerprintSHA256": "",
                    "certNotBefore": "",
                    "certNotAfter": "",
                    "certRFC9440": "",
                    "certRFC9440TooLarge": false,
                    "certChainRFC9440": "",
                    "certChainRFC9440TooLarge": false
                },
                "verifiedBotCategory": "",
                "edgeL4": {
                    "deliveryRate": 2841554
                }
            }
        },
        "response": {
            "status": 200
        }
    }
}
{
    "wallTime": 72,
    "cpuTime": 6,
    "truncated": false,
    "executionModel": "stateless",
    "outcome": "ok",
    "scriptVersion": {
        "id": "0141b03b-16aa-463f-bb04-28cc99b32179"
    },
    "scriptName": "vme-ips-reflection",
    "diagnosticsChannelEvents": [],
    "exceptions": [],
    "logs": [],
    "eventTimestamp": 1779102157597,
    "event": {
        "request": {
            "url": "https://vme-ips.denmasterfa.com/admin/users?_rsc=I5wpi4pfLl2JXPg6",
            "method": "GET",
            "headers": {
                "accept": "*/*",
                "accept-encoding": "gzip, br",
                "accept-language": "th-TH,th;q=0.9,en;q=0.8",
                "cache-control": "no-cache",
                "cf-connecting-ip": "49.237.42.99",
                "cf-ipcountry": "TH",
                "cf-ray": "9fda5ee4eb238bc7",
                "cf-visitor": "{\"scheme\":\"https\"}",
                "connection": "Keep-Alive",
                "cookie": "REDACTED",
                "host": "vme-ips.denmasterfa.com",
                "next-router-prefetch": "1",
                "next-router-state-tree": "%5B%22%22%2C%7B%22children%22%3A%5B%22profile%22%2C%7B%22children%22%3A%5B%22__PAGE__%22%2C%7B%7D%2Cnull%2Cnull%5D%7D%2Cnull%2Cnull%5D%7D%2Cnull%2Cnull%2Ctrue%5D",
                "next-url": "/profile",
                "pragma": "no-cache",
                "priority": "i",
                "referer": "https://vme-ips.denmasterfa.com/profile",
                "rsc": "1",
                "sec-ch-ua": "\"Chromium\";v=\"148\", \"Google Chrome\";v=\"148\", \"Not/A)Brand\";v=\"99\"",
                "sec-ch-ua-mobile": "?0",
                "sec-ch-ua-platform": "\"Windows\"",
                "sec-fetch-dest": "empty",
                "sec-fetch-mode": "cors",
                "sec-fetch-site": "same-origin",
                "user-agent": "Mozilla/5.0 (Windows NT 10.0; Win64; x64) AppleWebKit/537.36 (KHTML, like Gecko) Chrome/148.0.0.0 Safari/537.36",
                "x-forwarded-proto": "https",
                "x-real-ip": "49.237.42.99"
            },
            "cf": {
                "httpProtocol": "HTTP/3",
                "clientAcceptEncoding": "gzip, deflate, br",
                "requestPriority": "",
                "edgeRequestKeepAliveStatus": 1,
                "requestHeaderNames": {},
                "clientTcpRtt": 0,
                "clientQuicRtt": 91,
                "colo": "SIN",
                "asn": 132618,
                "asOrganization": "GPRS/3G",
                "country": "TH",
                "isEUCountry": false,
                "city": "Bangkok",
                "continent": "AS",
                "region": "Bangkok",
                "regionCode": "10",
                "timezone": "Asia/Bangkok",
                "longitude": "100.50144",
                "latitude": "13.75398",
                "postalCode": "10200",
                "tlsVersion": "TLSv1.3",
                "tlsCipher": "AEAD-AES128-GCM-SHA256",
                "tlsClientRandom": "n/T6W7Y+AOVe8lyPaY7ohwq9hw/PgJsvCO1zZRoy3Oo=",
                "tlsClientCiphersSha1": "3HTt3+R/6BL3zeALJDSq0pR1yOQ=",
                "tlsClientExtensionsSha1": "wWIPivmsHm8+4cXD6HDtpnrVCPg=",
                "tlsClientExtensionsSha1Le": "huknydfPg8XvfnC7PqbAhevKUpE=",
                "tlsClientHelloLength": "1730",
                "tlsClientAuth": {
                    "certPresented": "0",
                    "certVerified": "NONE",
                    "certRevoked": "0",
                    "certIssuerDN": "",
                    "certSubjectDN": "",
                    "certIssuerDNRFC2253": "",
                    "certSubjectDNRFC2253": "",
                    "certIssuerDNLegacy": "",
                    "certSubjectDNLegacy": "",
                    "certSerial": "",
                    "certIssuerSerial": "",
                    "certSKI": "",
                    "certIssuerSKI": "",
                    "certFingerprintSHA1": "",
                    "certFingerprintSHA256": "",
                    "certNotBefore": "",
                    "certNotAfter": "",
                    "certRFC9440": "",
                    "certRFC9440TooLarge": false,
                    "certChainRFC9440": "",
                    "certChainRFC9440TooLarge": false
                },
                "verifiedBotCategory": "",
                "edgeL4": {
                    "deliveryRate": 2841554
                }
            }
        },
        "response": {
            "status": 200
        }
    }
}
{
    "wallTime": 88,
    "cpuTime": 31,
    "truncated": false,
    "executionModel": "stateless",
    "outcome": "ok",
    "scriptVersion": {
        "id": "0141b03b-16aa-463f-bb04-28cc99b32179"
    },
    "scriptName": "vme-ips-reflection",
    "diagnosticsChannelEvents": [],
    "exceptions": [],
    "logs": [],
    "eventTimestamp": 1779102157591,
    "event": {
        "request": {
            "url": "https://vme-ips.denmasterfa.com/forum?_rsc=I5wpi4pfLl2JXPg6",
            "method": "GET",
            "headers": {
                "accept": "*/*",
                "accept-encoding": "gzip, br",
                "accept-language": "th-TH,th;q=0.9,en;q=0.8",
                "cache-control": "no-cache",
                "cf-connecting-ip": "49.237.42.99",
                "cf-ipcountry": "TH",
                "cf-ray": "9fda5ee4eb208bc7",
                "cf-visitor": "{\"scheme\":\"https\"}",
                "connection": "Keep-Alive",
                "cookie": "REDACTED",
                "host": "vme-ips.denmasterfa.com",
                "next-router-prefetch": "1",
                "next-router-state-tree": "%5B%22%22%2C%7B%22children%22%3A%5B%22profile%22%2C%7B%22children%22%3A%5B%22__PAGE__%22%2C%7B%7D%2Cnull%2Cnull%5D%7D%2Cnull%2Cnull%5D%7D%2Cnull%2Cnull%2Ctrue%5D",
                "next-url": "/profile",
                "pragma": "no-cache",
                "priority": "i",
                "referer": "https://vme-ips.denmasterfa.com/profile",
                "rsc": "1",
                "sec-ch-ua": "\"Chromium\";v=\"148\", \"Google Chrome\";v=\"148\", \"Not/A)Brand\";v=\"99\"",
                "sec-ch-ua-mobile": "?0",
                "sec-ch-ua-platform": "\"Windows\"",
                "sec-fetch-dest": "empty",
                "sec-fetch-mode": "cors",
                "sec-fetch-site": "same-origin",
                "user-agent": "Mozilla/5.0 (Windows NT 10.0; Win64; x64) AppleWebKit/537.36 (KHTML, like Gecko) Chrome/148.0.0.0 Safari/537.36",
                "x-forwarded-proto": "https",
                "x-real-ip": "49.237.42.99"
            },
            "cf": {
                "httpProtocol": "HTTP/3",
                "clientAcceptEncoding": "gzip, deflate, br",
                "requestPriority": "",
                "edgeRequestKeepAliveStatus": 1,
                "requestHeaderNames": {},
                "clientTcpRtt": 0,
                "clientQuicRtt": 91,
                "colo": "SIN",
                "asn": 132618,
                "asOrganization": "GPRS/3G",
                "country": "TH",
                "isEUCountry": false,
                "city": "Bangkok",
                "continent": "AS",
                "region": "Bangkok",
                "regionCode": "10",
                "timezone": "Asia/Bangkok",
                "longitude": "100.50144",
                "latitude": "13.75398",
                "postalCode": "10200",
                "tlsVersion": "TLSv1.3",
                "tlsCipher": "AEAD-AES128-GCM-SHA256",
                "tlsClientRandom": "n/T6W7Y+AOVe8lyPaY7ohwq9hw/PgJsvCO1zZRoy3Oo=",
                "tlsClientCiphersSha1": "3HTt3+R/6BL3zeALJDSq0pR1yOQ=",
                "tlsClientExtensionsSha1": "wWIPivmsHm8+4cXD6HDtpnrVCPg=",
                "tlsClientExtensionsSha1Le": "huknydfPg8XvfnC7PqbAhevKUpE=",
                "tlsClientHelloLength": "1730",
                "tlsClientAuth": {
                    "certPresented": "0",
                    "certVerified": "NONE",
                    "certRevoked": "0",
                    "certIssuerDN": "",
                    "certSubjectDN": "",
                    "certIssuerDNRFC2253": "",
                    "certSubjectDNRFC2253": "",
                    "certIssuerDNLegacy": "",
                    "certSubjectDNLegacy": "",
                    "certSerial": "",
                    "certIssuerSerial": "",
                    "certSKI": "",
                    "certIssuerSKI": "",
                    "certFingerprintSHA1": "",
                    "certFingerprintSHA256": "",
                    "certNotBefore": "",
                    "certNotAfter": "",
                    "certRFC9440": "",
                    "certRFC9440TooLarge": false,
                    "certChainRFC9440": "",
                    "certChainRFC9440TooLarge": false
                },
                "verifiedBotCategory": "",
                "edgeL4": {
                    "deliveryRate": 2841554
                }
            }
        },
        "response": {
            "status": 200
        }
    }
}
{
    "wallTime": 97,
    "cpuTime": 29,
    "truncated": false,
    "executionModel": "stateless",
    "outcome": "ok",
    "scriptVersion": {
        "id": "0141b03b-16aa-463f-bb04-28cc99b32179"
    },
    "scriptName": "vme-ips-reflection",
    "diagnosticsChannelEvents": [],
    "exceptions": [],
    "logs": [],
    "eventTimestamp": 1779102157597,
    "event": {
        "request": {
            "url": "https://vme-ips.denmasterfa.com/library?_rsc=I5wpi4pfLl2JXPg6",
            "method": "GET",
            "headers": {
                "accept": "*/*",
                "accept-encoding": "gzip, br",
                "accept-language": "th-TH,th;q=0.9,en;q=0.8",
                "cache-control": "no-cache",
                "cf-connecting-ip": "49.237.42.99",
                "cf-ipcountry": "TH",
                "cf-ray": "9fda5ee4eb248bc7",
                "cf-visitor": "{\"scheme\":\"https\"}",
                "connection": "Keep-Alive",
                "cookie": "REDACTED",
                "host": "vme-ips.denmasterfa.com",
                "next-router-prefetch": "1",
                "next-router-state-tree": "%5B%22%22%2C%7B%22children%22%3A%5B%22profile%22%2C%7B%22children%22%3A%5B%22__PAGE__%22%2C%7B%7D%2Cnull%2Cnull%5D%7D%2Cnull%2Cnull%5D%7D%2Cnull%2Cnull%2Ctrue%5D",
                "next-url": "/profile",
                "pragma": "no-cache",
                "priority": "i",
                "referer": "https://vme-ips.denmasterfa.com/profile",
                "rsc": "1",
                "sec-ch-ua": "\"Chromium\";v=\"148\", \"Google Chrome\";v=\"148\", \"Not/A)Brand\";v=\"99\"",
                "sec-ch-ua-mobile": "?0",
                "sec-ch-ua-platform": "\"Windows\"",
                "sec-fetch-dest": "empty",
                "sec-fetch-mode": "cors",
                "sec-fetch-site": "same-origin",
                "user-agent": "Mozilla/5.0 (Windows NT 10.0; Win64; x64) AppleWebKit/537.36 (KHTML, like Gecko) Chrome/148.0.0.0 Safari/537.36",
                "x-forwarded-proto": "https",
                "x-real-ip": "49.237.42.99"
            },
            "cf": {
                "httpProtocol": "HTTP/3",
                "clientAcceptEncoding": "gzip, deflate, br",
                "requestPriority": "",
                "edgeRequestKeepAliveStatus": 1,
                "requestHeaderNames": {},
                "clientTcpRtt": 0,
                "clientQuicRtt": 91,
                "colo": "SIN",
                "asn": 132618,
                "asOrganization": "GPRS/3G",
                "country": "TH",
                "isEUCountry": false,
                "city": "Bangkok",
                "continent": "AS",
                "region": "Bangkok",
                "regionCode": "10",
                "timezone": "Asia/Bangkok",
                "longitude": "100.50144",
                "latitude": "13.75398",
                "postalCode": "10200",
                "tlsVersion": "TLSv1.3",
                "tlsCipher": "AEAD-AES128-GCM-SHA256",
                "tlsClientRandom": "n/T6W7Y+AOVe8lyPaY7ohwq9hw/PgJsvCO1zZRoy3Oo=",
                "tlsClientCiphersSha1": "3HTt3+R/6BL3zeALJDSq0pR1yOQ=",
                "tlsClientExtensionsSha1": "wWIPivmsHm8+4cXD6HDtpnrVCPg=",
                "tlsClientExtensionsSha1Le": "huknydfPg8XvfnC7PqbAhevKUpE=",
                "tlsClientHelloLength": "1730",
                "tlsClientAuth": {
                    "certPresented": "0",
                    "certVerified": "NONE",
                    "certRevoked": "0",
                    "certIssuerDN": "",
                    "certSubjectDN": "",
                    "certIssuerDNRFC2253": "",
                    "certSubjectDNRFC2253": "",
                    "certIssuerDNLegacy": "",
                    "certSubjectDNLegacy": "",
                    "certSerial": "",
                    "certIssuerSerial": "",
                    "certSKI": "",
                    "certIssuerSKI": "",
                    "certFingerprintSHA1": "",
                    "certFingerprintSHA256": "",
                    "certNotBefore": "",
                    "certNotAfter": "",
                    "certRFC9440": "",
                    "certRFC9440TooLarge": false,
                    "certChainRFC9440": "",
                    "certChainRFC9440TooLarge": false
                },
                "verifiedBotCategory": "",
                "edgeL4": {
                    "deliveryRate": 2841554
                }
            }
        },
        "response": {
            "status": 200
        }
    }
}
{
    "wallTime": 55,
    "cpuTime": 20,
    "truncated": false,
    "executionModel": "stateless",
    "outcome": "ok",
    "scriptVersion": {
        "id": "0141b03b-16aa-463f-bb04-28cc99b32179"
    },
    "scriptName": "vme-ips-reflection",
    "diagnosticsChannelEvents": [],
    "exceptions": [],
    "logs": [],
    "eventTimestamp": 1779102157700,
    "event": {
        "request": {
            "url": "https://vme-ips.denmasterfa.com/admin/library?_rsc=I5wpi4pfLl2JXPg6",
            "method": "GET",
            "headers": {
                "accept": "*/*",
                "accept-encoding": "gzip, br",
                "accept-language": "th-TH,th;q=0.9,en;q=0.8",
                "cf-connecting-ip": "49.237.42.99",
                "cf-ipcountry": "TH",
                "cf-ray": "9fda5ee59b3f8bc7",
                "cf-visitor": "{\"scheme\":\"https\"}",
                "connection": "Keep-Alive",
                "cookie": "REDACTED",
                "host": "vme-ips.denmasterfa.com",
                "next-router-prefetch": "1",
                "next-router-state-tree": "%5B%22%22%2C%7B%22children%22%3A%5B%22profile%22%2C%7B%22children%22%3A%5B%22__PAGE__%22%2C%7B%7D%2Cnull%2Cnull%5D%7D%2Cnull%2Cnull%5D%7D%2Cnull%2Cnull%2Ctrue%5D",
                "next-url": "/profile",
                "priority": "i",
                "referer": "https://vme-ips.denmasterfa.com/profile",
                "rsc": "1",
                "sec-ch-ua": "\"Chromium\";v=\"148\", \"Google Chrome\";v=\"148\", \"Not/A)Brand\";v=\"99\"",
                "sec-ch-ua-mobile": "?0",
                "sec-ch-ua-platform": "\"Windows\"",
                "sec-fetch-dest": "empty",
                "sec-fetch-mode": "cors",
                "sec-fetch-site": "same-origin",
                "user-agent": "Mozilla/5.0 (Windows NT 10.0; Win64; x64) AppleWebKit/537.36 (KHTML, like Gecko) Chrome/148.0.0.0 Safari/537.36",
                "x-forwarded-proto": "https",
                "x-real-ip": "49.237.42.99"
            },
            "cf": {
                "httpProtocol": "HTTP/3",
                "clientAcceptEncoding": "gzip, deflate, br",
                "requestPriority": "",
                "edgeRequestKeepAliveStatus": 1,
                "requestHeaderNames": {},
                "clientTcpRtt": 0,
                "clientQuicRtt": 77,
                "colo": "SIN",
                "asn": 132618,
                "asOrganization": "GPRS/3G",
                "country": "TH",
                "isEUCountry": false,
                "city": "Bangkok",
                "continent": "AS",
                "region": "Bangkok",
                "regionCode": "10",
                "timezone": "Asia/Bangkok",
                "longitude": "100.50144",
                "latitude": "13.75398",
                "postalCode": "10200",
                "tlsVersion": "TLSv1.3",
                "tlsCipher": "AEAD-AES128-GCM-SHA256",
                "tlsClientRandom": "n/T6W7Y+AOVe8lyPaY7ohwq9hw/PgJsvCO1zZRoy3Oo=",
                "tlsClientCiphersSha1": "3HTt3+R/6BL3zeALJDSq0pR1yOQ=",
                "tlsClientExtensionsSha1": "wWIPivmsHm8+4cXD6HDtpnrVCPg=",
                "tlsClientExtensionsSha1Le": "huknydfPg8XvfnC7PqbAhevKUpE=",
                "tlsClientHelloLength": "1730",
                "tlsClientAuth": {
                    "certPresented": "0",
                    "certVerified": "NONE",
                    "certRevoked": "0",
                    "certIssuerDN": "",
                    "certSubjectDN": "",
                    "certIssuerDNRFC2253": "",
                    "certSubjectDNRFC2253": "",
                    "certIssuerDNLegacy": "",
                    "certSubjectDNLegacy": "",
                    "certSerial": "",
                    "certIssuerSerial": "",
                    "certSKI": "",
                    "certIssuerSKI": "",
                    "certFingerprintSHA1": "",
                    "certFingerprintSHA256": "",
                    "certNotBefore": "",
                    "certNotAfter": "",
                    "certRFC9440": "",
                    "certRFC9440TooLarge": false,
                    "certChainRFC9440": "",
                    "certChainRFC9440TooLarge": false
                },
                "verifiedBotCategory": "",
                "edgeL4": {
                    "deliveryRate": 2841554
                }
            }
        },
        "response": {
            "status": 200
        }
    }
}
{
    "wallTime": 11,
    "cpuTime": 8,
    "truncated": false,
    "executionModel": "stateless",
    "outcome": "ok",
    "scriptVersion": {
        "id": "0141b03b-16aa-463f-bb04-28cc99b32179"
    },
    "scriptName": "vme-ips-reflection",
    "diagnosticsChannelEvents": [],
    "exceptions": [],
    "logs": [],
    "eventTimestamp": 1779102157776,
    "event": {
        "request": {
            "url": "https://vme-ips.denmasterfa.com/?_rsc=I5wpi4pfLl2JXPg6",
            "method": "GET",
            "headers": {
                "accept": "*/*",
                "accept-encoding": "gzip, br",
                "accept-language": "th-TH,th;q=0.9,en;q=0.8",
                "cf-connecting-ip": "49.237.42.99",
                "cf-ipcountry": "TH",
                "cf-ray": "9fda5ee60b5f8bc7",
                "cf-visitor": "{\"scheme\":\"https\"}",
                "connection": "Keep-Alive",
                "cookie": "REDACTED",
                "host": "vme-ips.denmasterfa.com",
                "next-router-prefetch": "1",
                "next-router-state-tree": "%5B%22%22%2C%7B%22children%22%3A%5B%22profile%22%2C%7B%22children%22%3A%5B%22__PAGE__%22%2C%7B%7D%2Cnull%2Cnull%5D%7D%2Cnull%2Cnull%5D%7D%2Cnull%2Cnull%2Ctrue%5D",
                "next-url": "/profile",
                "priority": "i",
                "referer": "https://vme-ips.denmasterfa.com/profile",
                "rsc": "1",
                "sec-ch-ua": "\"Chromium\";v=\"148\", \"Google Chrome\";v=\"148\", \"Not/A)Brand\";v=\"99\"",
                "sec-ch-ua-mobile": "?0",
                "sec-ch-ua-platform": "\"Windows\"",
                "sec-fetch-dest": "empty",
                "sec-fetch-mode": "cors",
                "sec-fetch-site": "same-origin",
                "user-agent": "Mozilla/5.0 (Windows NT 10.0; Win64; x64) AppleWebKit/537.36 (KHTML, like Gecko) Chrome/148.0.0.0 Safari/537.36",
                "x-forwarded-proto": "https",
                "x-real-ip": "49.237.42.99"
            },
            "cf": {
                "httpProtocol": "HTTP/3",
                "clientAcceptEncoding": "gzip, deflate, br",
                "requestPriority": "",
                "edgeRequestKeepAliveStatus": 1,
                "requestHeaderNames": {},
                "clientTcpRtt": 0,
                "clientQuicRtt": 84,
                "colo": "SIN",
                "asn": 132618,
                "asOrganization": "GPRS/3G",
                "country": "TH",
                "isEUCountry": false,
                "city": "Bangkok",
                "continent": "AS",
                "region": "Bangkok",
                "regionCode": "10",
                "timezone": "Asia/Bangkok",
                "longitude": "100.50144",
                "latitude": "13.75398",
                "postalCode": "10200",
                "tlsVersion": "TLSv1.3",
                "tlsCipher": "AEAD-AES128-GCM-SHA256",
                "tlsClientRandom": "n/T6W7Y+AOVe8lyPaY7ohwq9hw/PgJsvCO1zZRoy3Oo=",
                "tlsClientCiphersSha1": "3HTt3+R/6BL3zeALJDSq0pR1yOQ=",
                "tlsClientExtensionsSha1": "wWIPivmsHm8+4cXD6HDtpnrVCPg=",
                "tlsClientExtensionsSha1Le": "huknydfPg8XvfnC7PqbAhevKUpE=",
                "tlsClientHelloLength": "1730",
                "tlsClientAuth": {
                    "certPresented": "0",
                    "certVerified": "NONE",
                    "certRevoked": "0",
                    "certIssuerDN": "",
                    "certSubjectDN": "",
                    "certIssuerDNRFC2253": "",
                    "certSubjectDNRFC2253": "",
                    "certIssuerDNLegacy": "",
                    "certSubjectDNLegacy": "",
                    "certSerial": "",
                    "certIssuerSerial": "",
                    "certSKI": "",
                    "certIssuerSKI": "",
                    "certFingerprintSHA1": "",
                    "certFingerprintSHA256": "",
                    "certNotBefore": "",
                    "certNotAfter": "",
                    "certRFC9440": "",
                    "certRFC9440TooLarge": false,
                    "certChainRFC9440": "",
                    "certChainRFC9440TooLarge": false
                },
                "verifiedBotCategory": "",
                "edgeL4": {
                    "deliveryRate": 2841554
                }
            }
        },
        "response": {
            "status": 200
        }
    }
}
{
    "wallTime": 54,
    "cpuTime": 31,
    "truncated": false,
    "executionModel": "stateless",
    "outcome": "ok",
    "scriptVersion": {
        "id": "0141b03b-16aa-463f-bb04-28cc99b32179"
    },
    "scriptName": "vme-ips-reflection",
    "diagnosticsChannelEvents": [],
    "exceptions": [],
    "logs": [],
    "eventTimestamp": 1779102157694,
    "event": {
        "request": {
            "url": "https://vme-ips.denmasterfa.com/admin/knowledge?_rsc=I5wpi4pfLl2JXPg6",
            "method": "GET",
            "headers": {
                "accept": "*/*",
                "accept-encoding": "gzip, br",
                "accept-language": "th-TH,th;q=0.9,en;q=0.8",
                "cf-connecting-ip": "49.237.42.99",
                "cf-ipcountry": "TH",
                "cf-ray": "9fda5ee58b3e8bc7",
                "cf-visitor": "{\"scheme\":\"https\"}",
                "connection": "Keep-Alive",
                "cookie": "REDACTED",
                "host": "vme-ips.denmasterfa.com",
                "next-router-prefetch": "1",
                "next-router-state-tree": "%5B%22%22%2C%7B%22children%22%3A%5B%22profile%22%2C%7B%22children%22%3A%5B%22__PAGE__%22%2C%7B%7D%2Cnull%2Cnull%5D%7D%2Cnull%2Cnull%5D%7D%2Cnull%2Cnull%2Ctrue%5D",
                "next-url": "/profile",
                "priority": "i",
                "referer": "https://vme-ips.denmasterfa.com/profile",
                "rsc": "1",
                "sec-ch-ua": "\"Chromium\";v=\"148\", \"Google Chrome\";v=\"148\", \"Not/A)Brand\";v=\"99\"",
                "sec-ch-ua-mobile": "?0",
                "sec-ch-ua-platform": "\"Windows\"",
                "sec-fetch-dest": "empty",
                "sec-fetch-mode": "cors",
                "sec-fetch-site": "same-origin",
                "user-agent": "Mozilla/5.0 (Windows NT 10.0; Win64; x64) AppleWebKit/537.36 (KHTML, like Gecko) Chrome/148.0.0.0 Safari/537.36",
                "x-forwarded-proto": "https",
                "x-real-ip": "49.237.42.99"
            },
            "cf": {
                "httpProtocol": "HTTP/3",
                "clientAcceptEncoding": "gzip, deflate, br",
                "requestPriority": "",
                "edgeRequestKeepAliveStatus": 1,
                "requestHeaderNames": {},
                "clientTcpRtt": 0,
                "clientQuicRtt": 82,
                "colo": "SIN",
                "asn": 132618,
                "asOrganization": "GPRS/3G",
                "country": "TH",
                "isEUCountry": false,
                "city": "Bangkok",
                "continent": "AS",
                "region": "Bangkok",
                "regionCode": "10",
                "timezone": "Asia/Bangkok",
                "longitude": "100.50144",
                "latitude": "13.75398",
                "postalCode": "10200",
                "tlsVersion": "TLSv1.3",
                "tlsCipher": "AEAD-AES128-GCM-SHA256",
                "tlsClientRandom": "n/T6W7Y+AOVe8lyPaY7ohwq9hw/PgJsvCO1zZRoy3Oo=",
                "tlsClientCiphersSha1": "3HTt3+R/6BL3zeALJDSq0pR1yOQ=",
                "tlsClientExtensionsSha1": "wWIPivmsHm8+4cXD6HDtpnrVCPg=",
                "tlsClientExtensionsSha1Le": "huknydfPg8XvfnC7PqbAhevKUpE=",
                "tlsClientHelloLength": "1730",
                "tlsClientAuth": {
                    "certPresented": "0",
                    "certVerified": "NONE",
                    "certRevoked": "0",
                    "certIssuerDN": "",
                    "certSubjectDN": "",
                    "certIssuerDNRFC2253": "",
                    "certSubjectDNRFC2253": "",
                    "certIssuerDNLegacy": "",
                    "certSubjectDNLegacy": "",
                    "certSerial": "",
                    "certIssuerSerial": "",
                    "certSKI": "",
                    "certIssuerSKI": "",
                    "certFingerprintSHA1": "",
                    "certFingerprintSHA256": "",
                    "certNotBefore": "",
                    "certNotAfter": "",
                    "certRFC9440": "",
                    "certRFC9440TooLarge": false,
                    "certChainRFC9440": "",
                    "certChainRFC9440TooLarge": false
                },
                "verifiedBotCategory": "",
                "edgeL4": {
                    "deliveryRate": 2841554
                }
            }
        },
        "response": {
            "status": 200
        }
    }
}
{
    "wallTime": 80,
    "cpuTime": 35,
    "truncated": false,
    "executionModel": "stateless",
    "outcome": "ok",
    "scriptVersion": {
        "id": "0141b03b-16aa-463f-bb04-28cc99b32179"
    },
    "scriptName": "vme-ips-reflection",
    "diagnosticsChannelEvents": [],
    "exceptions": [],
    "logs": [],
    "eventTimestamp": 1779102157840,
    "event": {
        "request": {
            "url": "https://vme-ips.denmasterfa.com/smart?_rsc=I5wpi4pfLl2JXPg6",
            "method": "GET",
            "headers": {
                "accept": "*/*",
                "accept-encoding": "gzip, br",
                "accept-language": "th-TH,th;q=0.9,en;q=0.8",
                "cf-connecting-ip": "49.237.42.99",
                "cf-ipcountry": "TH",
                "cf-ray": "9fda5ee67b7b8bc7",
                "cf-visitor": "{\"scheme\":\"https\"}",
                "connection": "Keep-Alive",
                "cookie": "REDACTED",
                "host": "vme-ips.denmasterfa.com",
                "next-router-prefetch": "1",
                "next-router-state-tree": "%5B%22%22%2C%7B%22children%22%3A%5B%22profile%22%2C%7B%22children%22%3A%5B%22__PAGE__%22%2C%7B%7D%2Cnull%2Cnull%5D%7D%2Cnull%2Cnull%5D%7D%2Cnull%2Cnull%2Ctrue%5D",
                "next-url": "/profile",
                "priority": "i",
                "referer": "https://vme-ips.denmasterfa.com/profile",
                "rsc": "1",
                "sec-ch-ua": "\"Chromium\";v=\"148\", \"Google Chrome\";v=\"148\", \"Not/A)Brand\";v=\"99\"",
                "sec-ch-ua-mobile": "?0",
                "sec-ch-ua-platform": "\"Windows\"",
                "sec-fetch-dest": "empty",
                "sec-fetch-mode": "cors",
                "sec-fetch-site": "same-origin",
                "user-agent": "Mozilla/5.0 (Windows NT 10.0; Win64; x64) AppleWebKit/537.36 (KHTML, like Gecko) Chrome/148.0.0.0 Safari/537.36",
                "x-forwarded-proto": "https",
                "x-real-ip": "49.237.42.99"
            },
            "cf": {
                "httpProtocol": "HTTP/3",
                "clientAcceptEncoding": "gzip, deflate, br",
                "requestPriority": "",
                "edgeRequestKeepAliveStatus": 1,
                "requestHeaderNames": {},
                "clientTcpRtt": 0,
                "clientQuicRtt": 111,
                "colo": "SIN",
                "asn": 132618,
                "asOrganization": "GPRS/3G",
                "country": "TH",
                "isEUCountry": false,
                "city": "Bangkok",
                "continent": "AS",
                "region": "Bangkok",
                "regionCode": "10",
                "timezone": "Asia/Bangkok",
                "longitude": "100.50144",
                "latitude": "13.75398",
                "postalCode": "10200",
                "tlsVersion": "TLSv1.3",
                "tlsCipher": "AEAD-AES128-GCM-SHA256",
                "tlsClientRandom": "n/T6W7Y+AOVe8lyPaY7ohwq9hw/PgJsvCO1zZRoy3Oo=",
                "tlsClientCiphersSha1": "3HTt3+R/6BL3zeALJDSq0pR1yOQ=",
                "tlsClientExtensionsSha1": "wWIPivmsHm8+4cXD6HDtpnrVCPg=",
                "tlsClientExtensionsSha1Le": "huknydfPg8XvfnC7PqbAhevKUpE=",
                "tlsClientHelloLength": "1730",
                "tlsClientAuth": {
                    "certPresented": "0",
                    "certVerified": "NONE",
                    "certRevoked": "0",
                    "certIssuerDN": "",
                    "certSubjectDN": "",
                    "certIssuerDNRFC2253": "",
                    "certSubjectDNRFC2253": "",
                    "certIssuerDNLegacy": "",
                    "certSubjectDNLegacy": "",
                    "certSerial": "",
                    "certIssuerSerial": "",
                    "certSKI": "",
                    "certIssuerSKI": "",
                    "certFingerprintSHA1": "",
                    "certFingerprintSHA256": "",
                    "certNotBefore": "",
                    "certNotAfter": "",
                    "certRFC9440": "",
                    "certRFC9440TooLarge": false,
                    "certChainRFC9440": "",
                    "certChainRFC9440TooLarge": false
                },
                "verifiedBotCategory": "",
                "edgeL4": {
                    "deliveryRate": 2966370
                }
            }
        },
        "response": {
            "status": 200
        }
    }
}
{
    "wallTime": 81,
    "cpuTime": 25,
    "truncated": false,
    "executionModel": "stateless",
    "outcome": "ok",
    "scriptVersion": {
        "id": "0141b03b-16aa-463f-bb04-28cc99b32179"
    },
    "scriptName": "vme-ips-reflection",
    "diagnosticsChannelEvents": [],
    "exceptions": [],
    "logs": [],
    "eventTimestamp": 1779102157859,
    "event": {
        "request": {
            "url": "https://vme-ips.denmasterfa.com/kaewsai?_rsc=I5wpi4pfLl2JXPg6",
            "method": "GET",
            "headers": {
                "accept": "*/*",
                "accept-encoding": "gzip, br",
                "accept-language": "th-TH,th;q=0.9,en;q=0.8",
                "cf-connecting-ip": "49.237.42.99",
                "cf-ipcountry": "TH",
                "cf-ray": "9fda5ee69b988bc7",
                "cf-visitor": "{\"scheme\":\"https\"}",
                "connection": "Keep-Alive",
                "cookie": "REDACTED",
                "host": "vme-ips.denmasterfa.com",
                "next-router-prefetch": "1",
                "next-router-state-tree": "%5B%22%22%2C%7B%22children%22%3A%5B%22profile%22%2C%7B%22children%22%3A%5B%22__PAGE__%22%2C%7B%7D%2Cnull%2Cnull%5D%7D%2Cnull%2Cnull%5D%7D%2Cnull%2Cnull%2Ctrue%5D",
                "next-url": "/profile",
                "priority": "i",
                "referer": "https://vme-ips.denmasterfa.com/profile",
                "rsc": "1",
                "sec-ch-ua": "\"Chromium\";v=\"148\", \"Google Chrome\";v=\"148\", \"Not/A)Brand\";v=\"99\"",
                "sec-ch-ua-mobile": "?0",
                "sec-ch-ua-platform": "\"Windows\"",
                "sec-fetch-dest": "empty",
                "sec-fetch-mode": "cors",
                "sec-fetch-site": "same-origin",
                "user-agent": "Mozilla/5.0 (Windows NT 10.0; Win64; x64) AppleWebKit/537.36 (KHTML, like Gecko) Chrome/148.0.0.0 Safari/537.36",
                "x-forwarded-proto": "https",
                "x-real-ip": "49.237.42.99"
            },
            "cf": {
                "httpProtocol": "HTTP/3",
                "clientAcceptEncoding": "gzip, deflate, br",
                "requestPriority": "",
                "edgeRequestKeepAliveStatus": 1,
                "requestHeaderNames": {},
                "clientTcpRtt": 0,
                "clientQuicRtt": 99,
                "colo": "SIN",
                "asn": 132618,
                "asOrganization": "GPRS/3G",
                "country": "TH",
                "isEUCountry": false,
                "city": "Bangkok",
                "continent": "AS",
                "region": "Bangkok",
                "regionCode": "10",
                "timezone": "Asia/Bangkok",
                "longitude": "100.50144",
                "latitude": "13.75398",
                "postalCode": "10200",
                "tlsVersion": "TLSv1.3",
                "tlsCipher": "AEAD-AES128-GCM-SHA256",
                "tlsClientRandom": "n/T6W7Y+AOVe8lyPaY7ohwq9hw/PgJsvCO1zZRoy3Oo=",
                "tlsClientCiphersSha1": "3HTt3+R/6BL3zeALJDSq0pR1yOQ=",
                "tlsClientExtensionsSha1": "wWIPivmsHm8+4cXD6HDtpnrVCPg=",
                "tlsClientExtensionsSha1Le": "huknydfPg8XvfnC7PqbAhevKUpE=",
                "tlsClientHelloLength": "1730",
                "tlsClientAuth": {
                    "certPresented": "0",
                    "certVerified": "NONE",
                    "certRevoked": "0",
                    "certIssuerDN": "",
                    "certSubjectDN": "",
                    "certIssuerDNRFC2253": "",
                    "certSubjectDNRFC2253": "",
                    "certIssuerDNLegacy": "",
                    "certSubjectDNLegacy": "",
                    "certSerial": "",
                    "certIssuerSerial": "",
                    "certSKI": "",
                    "certIssuerSKI": "",
                    "certFingerprintSHA1": "",
                    "certFingerprintSHA256": "",
                    "certNotBefore": "",
                    "certNotAfter": "",
                    "certRFC9440": "",
                    "certRFC9440TooLarge": false,
                    "certChainRFC9440": "",
                    "certChainRFC9440TooLarge": false
                },
                "verifiedBotCategory": "",
                "edgeL4": {
                    "deliveryRate": 2966370
                }
            }
        },
        "response": {
            "status": 200
        }
    }
}
{
    "wallTime": 83,
    "cpuTime": 29,
    "truncated": false,
    "executionModel": "stateless",
    "outcome": "ok",
    "scriptVersion": {
        "id": "0141b03b-16aa-463f-bb04-28cc99b32179"
    },
    "scriptName": "vme-ips-reflection",
    "diagnosticsChannelEvents": [],
    "exceptions": [],
    "logs": [],
    "eventTimestamp": 1779102157853,
    "event": {
        "request": {
            "url": "https://vme-ips.denmasterfa.com/reflect?_rsc=I5wpi4pfLl2JXPg6",
            "method": "GET",
            "headers": {
                "accept": "*/*",
                "accept-encoding": "gzip, br",
                "accept-language": "th-TH,th;q=0.9,en;q=0.8",
                "cf-connecting-ip": "49.237.42.99",
                "cf-ipcountry": "TH",
                "cf-ray": "9fda5ee68b908bc7",
                "cf-visitor": "{\"scheme\":\"https\"}",
                "connection": "Keep-Alive",
                "cookie": "REDACTED",
                "host": "vme-ips.denmasterfa.com",
                "next-router-prefetch": "1",
                "next-router-state-tree": "%5B%22%22%2C%7B%22children%22%3A%5B%22profile%22%2C%7B%22children%22%3A%5B%22__PAGE__%22%2C%7B%7D%2Cnull%2Cnull%5D%7D%2Cnull%2Cnull%5D%7D%2Cnull%2Cnull%2Ctrue%5D",
                "next-url": "/profile",
                "priority": "i",
                "referer": "https://vme-ips.denmasterfa.com/profile",
                "rsc": "1",
                "sec-ch-ua": "\"Chromium\";v=\"148\", \"Google Chrome\";v=\"148\", \"Not/A)Brand\";v=\"99\"",
                "sec-ch-ua-mobile": "?0",
                "sec-ch-ua-platform": "\"Windows\"",
                "sec-fetch-dest": "empty",
                "sec-fetch-mode": "cors",
                "sec-fetch-site": "same-origin",
                "user-agent": "Mozilla/5.0 (Windows NT 10.0; Win64; x64) AppleWebKit/537.36 (KHTML, like Gecko) Chrome/148.0.0.0 Safari/537.36",
                "x-forwarded-proto": "https",
                "x-real-ip": "49.237.42.99"
            },
            "cf": {
                "httpProtocol": "HTTP/3",
                "clientAcceptEncoding": "gzip, deflate, br",
                "requestPriority": "",
                "edgeRequestKeepAliveStatus": 1,
                "requestHeaderNames": {},
                "clientTcpRtt": 0,
                "clientQuicRtt": 106,
                "colo": "SIN",
                "asn": 132618,
                "asOrganization": "GPRS/3G",
                "country": "TH",
                "isEUCountry": false,
                "city": "Bangkok",
                "continent": "AS",
                "region": "Bangkok",
                "regionCode": "10",
                "timezone": "Asia/Bangkok",
                "longitude": "100.50144",
                "latitude": "13.75398",
                "postalCode": "10200",
                "tlsVersion": "TLSv1.3",
                "tlsCipher": "AEAD-AES128-GCM-SHA256",
                "tlsClientRandom": "n/T6W7Y+AOVe8lyPaY7ohwq9hw/PgJsvCO1zZRoy3Oo=",
                "tlsClientCiphersSha1": "3HTt3+R/6BL3zeALJDSq0pR1yOQ=",
                "tlsClientExtensionsSha1": "wWIPivmsHm8+4cXD6HDtpnrVCPg=",
                "tlsClientExtensionsSha1Le": "huknydfPg8XvfnC7PqbAhevKUpE=",
                "tlsClientHelloLength": "1730",
                "tlsClientAuth": {
                    "certPresented": "0",
                    "certVerified": "NONE",
                    "certRevoked": "0",
                    "certIssuerDN": "",
                    "certSubjectDN": "",
                    "certIssuerDNRFC2253": "",
                    "certSubjectDNRFC2253": "",
                    "certIssuerDNLegacy": "",
                    "certSubjectDNLegacy": "",
                    "certSerial": "",
                    "certIssuerSerial": "",
                    "certSKI": "",
                    "certIssuerSKI": "",
                    "certFingerprintSHA1": "",
                    "certFingerprintSHA256": "",
                    "certNotBefore": "",
                    "certNotAfter": "",
                    "certRFC9440": "",
                    "certRFC9440TooLarge": false,
                    "certChainRFC9440": "",
                    "certChainRFC9440TooLarge": false
                },
                "verifiedBotCategory": "",
                "edgeL4": {
                    "deliveryRate": 2966370
                }
            }
        },
        "response": {
            "status": 200
        }
    }
}
{
    "wallTime": 45,
    "cpuTime": 41,
    "truncated": false,
    "executionModel": "stateless",
    "outcome": "ok",
    "scriptVersion": {
        "id": "0141b03b-16aa-463f-bb04-28cc99b32179"
    },
    "scriptName": "vme-ips-reflection",
    "diagnosticsChannelEvents": [],
    "exceptions": [],
    "logs": [],
    "eventTimestamp": 1779102174034,
    "event": {
        "request": {
            "url": "https://vme-ips.denmasterfa.com/api/library/links",
            "method": "POST",
            "headers": {
                "accept-encoding": "gzip, br",
                "cf-connecting-ip": "49.237.42.99",
                "cf-ipcountry": "TH",
                "cf-ray": "9fda5f4a3a19a9f9",
                "cf-visitor": "{\"scheme\":\"https\"}",
                "connection": "Keep-Alive",
                "content-length": "122",
                "content-type": "application/json",
                "host": "vme-ips.denmasterfa.com",
                "user-agent": "Mozilla/5.0 (Windows NT; Windows NT 10.0; en-US) WindowsPowerShell/5.1.29585.1000",
                "x-forwarded-proto": "https",
                "x-real-ip": "49.237.42.99"
            },
            "cf": {
                "httpProtocol": "HTTP/1.1",
                "requestPriority": "",
                "edgeRequestKeepAliveStatus": 1,
                "requestHeaderNames": {},
                "clientTcpRtt": 2,
                "clientQuicRtt": 0,
                "colo": "BKK",
                "asn": 132618,
                "asOrganization": "GPRS/3G",
                "country": "TH",
                "isEUCountry": false,
                "city": "Bangkok",
                "continent": "AS",
                "region": "Bangkok",
                "regionCode": "10",
                "timezone": "Asia/Bangkok",
                "longitude": "100.50144",
                "latitude": "13.75398",
                "postalCode": "10200",
                "tlsVersion": "TLSv1.3",
                "tlsCipher": "AEAD-AES256-GCM-SHA384",
                "tlsClientRandom": "QhS3OsVO2Qa44xxlGw4B22GBgmpUgMBzoPL3ZkXvZ24=",
                "tlsClientCiphersSha1": "kTkJ+HAwBvIuoPFncb1wEDLcgfg=",
                "tlsClientExtensionsSha1": "Bxwn0Bs0z+5dY69ZcqleTRGmlpE=",
                "tlsClientExtensionsSha1Le": "sb2ftGg4/laBHA9Q/MJ4X/0+cJY=",
                "tlsExportedAuthenticator": {
                    "clientHandshake": "ce84742865ac1a83834deb4a3f556d9b5491e1fc408014bb8454d17f0a2d0c1605083394d5073c13530b0b1332fff69e",
                    "serverHandshake": "be1a3013e777a4b7e83351377a5f2135cea17ec3b4576cc4fbdcf5c26de105e44bad2ff43fbfb0f445309c7ff46a69cf",
                    "clientFinished": "9fe9985292b3e6c5bf6c73d8a3b533b3d6e4a6d737212061ab0b1cb8a80fd7e0168d396d15dfed5b99f62cddcab720d6",
                    "serverFinished": "a4b8996c98925b7a3fd3267f92e341225df20a1e042d4f074418aee3f45981565421f242b032cd3367ce47bc9bead823"
                },
                "tlsClientHelloLength": "437",
                "tlsClientAuth": {
                    "certPresented": "0",
                    "certVerified": "NONE",
                    "certRevoked": "0",
                    "certIssuerDN": "",
                    "certSubjectDN": "",
                    "certIssuerDNRFC2253": "",
                    "certSubjectDNRFC2253": "",
                    "certIssuerDNLegacy": "",
                    "certSubjectDNLegacy": "",
                    "certSerial": "",
                    "certIssuerSerial": "",
                    "certSKI": "",
                    "certIssuerSKI": "",
                    "certFingerprintSHA1": "",
                    "certFingerprintSHA256": "",
                    "certNotBefore": "",
                    "certNotAfter": "",
                    "certRFC9440": "",
                    "certRFC9440TooLarge": false,
                    "certChainRFC9440": "",
                    "certChainRFC9440TooLarge": false
                },
                "verifiedBotCategory": "",
                "edgeL4": {
                    "deliveryRate": 1865837
                }
            }
        },
        "response": {
            "status": 500
        }
    }
}
{
    "wallTime": 5,
    "cpuTime": 3,
    "truncated": false,
    "executionModel": "stateless",
    "outcome": "ok",
    "scriptVersion": {
        "id": "0141b03b-16aa-463f-bb04-28cc99b32179"
    },
    "scriptName": "vme-ips-reflection",
    "diagnosticsChannelEvents": [],
    "exceptions": [],
    "logs": [],
    "eventTimestamp": 1779102184609,
    "event": {
        "request": {
            "url": "https://vme-ips.denmasterfa.com/card/REDACTED",
            "method": "GET",
            "headers": {
                "accept": "text/html,application/xhtml+xml,application/xml;q=0.9,image/avif,image/webp,image/apng,*/*;q=0.8,application/signed-exchange;v=b3;q=0.7",
                "accept-encoding": "gzip, br",
                "accept-language": "th-TH,th;q=0.9,en-US;q=0.8,en;q=0.7",
                "cf-connecting-ip": "223.24.199.235",
                "cf-ipcountry": "TH",
                "cf-ray": "9fda5f8dac9b55a1",
                "cf-visitor": "{\"scheme\":\"https\"}",
                "connection": "Keep-Alive",
                "host": "vme-ips.denmasterfa.com",
                "priority": "u=0, i",
                "sec-ch-ua": "\"Android WebView\";v=\"147\", \"Not.A/Brand\";v=\"8\", \"Chromium\";v=\"147\"",
                "sec-ch-ua-mobile": "?1",
                "sec-ch-ua-platform": "\"Android\"",
                "sec-fetch-dest": "document",
                "sec-fetch-mode": "navigate",
                "sec-fetch-site": "none",
                "sec-fetch-user": "?1",
                "upgrade-insecure-requests": "1",
                "user-agent": "Mozilla/5.0 (Linux; Android 16; SM-S711B Build/BP2A.250605.031.A3; wv) AppleWebKit/537.36 (KHTML, like Gecko) Version/4.0 Chrome/147.0.7727.137 Mobile Safari/537.36 Line/26.5.0/IAB",
                "x-forwarded-proto": "https",
                "x-real-ip": "223.24.199.235",
                "x-requested-with": "jp.naver.line.android"
            },
            "cf": {
                "httpProtocol": "HTTP/3",
                "clientAcceptEncoding": "gzip, deflate, br",
                "requestPriority": "",
                "edgeRequestKeepAliveStatus": 1,
                "requestHeaderNames": {},
                "clientTcpRtt": 0,
                "clientQuicRtt": 55,
                "colo": "BKK",
                "asn": 132618,
                "asOrganization": "GPRS/3G",
                "country": "TH",
                "isEUCountry": false,
                "city": "Bangkok",
                "continent": "AS",
                "region": "Bangkok",
                "regionCode": "10",
                "timezone": "Asia/Bangkok",
                "longitude": "100.50144",
                "latitude": "13.75398",
                "postalCode": "10200",
                "tlsVersion": "TLSv1.3",
                "tlsCipher": "AEAD-AES128-GCM-SHA256",
                "tlsClientRandom": "t07PaHUYt2APpnwnG9FkFe29TnRtn21hndoDodDEUt0=",
                "tlsClientCiphersSha1": "3HTt3+R/6BL3zeALJDSq0pR1yOQ=",
                "tlsClientExtensionsSha1": "55ykrg15kjkrZZNgFuMl2mHBzmo=",
                "tlsClientExtensionsSha1Le": "Nh82daFQ9NZhpieTuhqgOcCaS5U=",
                "tlsClientHelloLength": "1724",
                "tlsClientAuth": {
                    "certPresented": "0",
                    "certVerified": "NONE",
                    "certRevoked": "0",
                    "certIssuerDN": "",
                    "certSubjectDN": "",
                    "certIssuerDNRFC2253": "",
                    "certSubjectDNRFC2253": "",
                    "certIssuerDNLegacy": "",
                    "certSubjectDNLegacy": "",
                    "certSerial": "",
                    "certIssuerSerial": "",
                    "certSKI": "",
                    "certIssuerSKI": "",
                    "certFingerprintSHA1": "",
                    "certFingerprintSHA256": "",
                    "certNotBefore": "",
                    "certNotAfter": "",
                    "certRFC9440": "",
                    "certRFC9440TooLarge": false,
                    "certChainRFC9440": "",
                    "certChainRFC9440TooLarge": false
                },
                "verifiedBotCategory": "",
                "edgeL4": {
                    "deliveryRate": 62141
                }
            }
        },
        "response": {
            "status": 307
        }
    }
}
{
    "wallTime": 23,
    "cpuTime": 19,
    "truncated": false,
    "executionModel": "stateless",
    "outcome": "ok",
    "scriptVersion": {
        "id": "0141b03b-16aa-463f-bb04-28cc99b32179"
    },
    "scriptName": "vme-ips-reflection",
    "diagnosticsChannelEvents": [],
    "exceptions": [],
    "logs": [],
    "eventTimestamp": 1779102184710,
    "event": {
        "request": {
            "url": "https://vme-ips.denmasterfa.com/login",
            "method": "GET",
            "headers": {
                "accept": "text/html,application/xhtml+xml,application/xml;q=0.9,image/avif,image/webp,image/apng,*/*;q=0.8,application/signed-exchange;v=b3;q=0.7",
                "accept-encoding": "gzip, br",
                "accept-language": "th-TH,th;q=0.9,en-US;q=0.8,en;q=0.7",
                "cf-connecting-ip": "223.24.199.235",
                "cf-ipcountry": "TH",
                "cf-ray": "9fda5f8e5d4155a1",
                "cf-visitor": "{\"scheme\":\"https\"}",
                "connection": "Keep-Alive",
                "host": "vme-ips.denmasterfa.com",
                "priority": "u=0, i",
                "sec-ch-ua": "\"Android WebView\";v=\"147\", \"Not.A/Brand\";v=\"8\", \"Chromium\";v=\"147\"",
                "sec-ch-ua-mobile": "?1",
                "sec-ch-ua-platform": "\"Android\"",
                "sec-fetch-dest": "document",
                "sec-fetch-mode": "navigate",
                "sec-fetch-site": "none",
                "sec-fetch-user": "?1",
                "upgrade-insecure-requests": "1",
                "user-agent": "Mozilla/5.0 (Linux; Android 16; SM-S711B Build/BP2A.250605.031.A3; wv) AppleWebKit/537.36 (KHTML, like Gecko) Version/4.0 Chrome/147.0.7727.137 Mobile Safari/537.36 Line/26.5.0/IAB",
                "x-forwarded-proto": "https",
                "x-real-ip": "223.24.199.235",
                "x-requested-with": "jp.naver.line.android"
            },
            "cf": {
                "httpProtocol": "HTTP/3",
                "clientAcceptEncoding": "gzip, deflate, br",
                "requestPriority": "",
                "edgeRequestKeepAliveStatus": 1,
                "requestHeaderNames": {},
                "clientTcpRtt": 0,
                "clientQuicRtt": 47,
                "colo": "BKK",
                "asn": 132618,
                "asOrganization": "GPRS/3G",
                "country": "TH",
                "isEUCountry": false,
                "city": "Bangkok",
                "continent": "AS",
                "region": "Bangkok",
                "regionCode": "10",
                "timezone": "Asia/Bangkok",
                "longitude": "100.50144",
                "latitude": "13.75398",
                "postalCode": "10200",
                "tlsVersion": "TLSv1.3",
                "tlsCipher": "AEAD-AES128-GCM-SHA256",
                "tlsClientRandom": "t07PaHUYt2APpnwnG9FkFe29TnRtn21hndoDodDEUt0=",
                "tlsClientCiphersSha1": "3HTt3+R/6BL3zeALJDSq0pR1yOQ=",
                "tlsClientExtensionsSha1": "55ykrg15kjkrZZNgFuMl2mHBzmo=",
                "tlsClientExtensionsSha1Le": "Nh82daFQ9NZhpieTuhqgOcCaS5U=",
                "tlsClientHelloLength": "1724",
                "tlsClientAuth": {
                    "certPresented": "0",
                    "certVerified": "NONE",
                    "certRevoked": "0",
                    "certIssuerDN": "",
                    "certSubjectDN": "",
                    "certIssuerDNRFC2253": "",
                    "certSubjectDNRFC2253": "",
                    "certIssuerDNLegacy": "",
                    "certSubjectDNLegacy": "",
                    "certSerial": "",
                    "certIssuerSerial": "",
                    "certSKI": "",
                    "certIssuerSKI": "",
                    "certFingerprintSHA1": "",
                    "certFingerprintSHA256": "",
                    "certNotBefore": "",
                    "certNotAfter": "",
                    "certRFC9440": "",
                    "certRFC9440TooLarge": false,
                    "certChainRFC9440": "",
                    "certChainRFC9440TooLarge": false
                },
                "verifiedBotCategory": "",
                "edgeL4": {
                    "deliveryRate": 62141
                }
            }
        },
        "response": {
            "status": 200
        }
    }
}
{
    "wallTime": 3,
    "cpuTime": 2,
    "truncated": false,
    "executionModel": "stateless",
    "outcome": "ok",
    "scriptVersion": {
        "id": "0141b03b-16aa-463f-bb04-28cc99b32179"
    },
    "scriptName": "vme-ips-reflection",
    "diagnosticsChannelEvents": [],
    "exceptions": [],
    "logs": [],
    "eventTimestamp": 1779102185059,
    "event": {
        "request": {
            "url": "https://vme-ips.denmasterfa.com/library?_rsc=iKnYMpwRDMxan1zE",
            "method": "GET",
            "headers": {
                "accept": "*/*",
                "accept-encoding": "gzip, br",
                "accept-language": "th-TH,th;q=0.9,en-US;q=0.8,en;q=0.7",
                "cf-connecting-ip": "223.24.199.235",
                "cf-ipcountry": "TH",
                "cf-ray": "9fda5f909fcb55a1",
                "cf-visitor": "{\"scheme\":\"https\"}",
                "connection": "Keep-Alive",
                "host": "vme-ips.denmasterfa.com",
                "next-router-prefetch": "1",
                "next-router-state-tree": "%5B%22%22%2C%7B%22children%22%3A%5B%22(auth)%22%2C%7B%22children%22%3A%5B%22login%22%2C%7B%22children%22%3A%5B%22__PAGE__%22%2C%7B%7D%2Cnull%2Cnull%5D%7D%2Cnull%2Cnull%5D%7D%2Cnull%2Cnull%5D%7D%2Cnull%2Cnull%2Ctrue%5D",
                "next-url": "/login",
                "priority": "i",
                "referer": "https://vme-ips.denmasterfa.com/login",
                "rsc": "1",
                "sec-ch-ua": "\"Android WebView\";v=\"147\", \"Not.A/Brand\";v=\"8\", \"Chromium\";v=\"147\"",
                "sec-ch-ua-mobile": "?1",
                "sec-ch-ua-platform": "\"Android\"",
                "sec-fetch-dest": "empty",
                "sec-fetch-mode": "cors",
                "sec-fetch-site": "same-origin",
                "user-agent": "Mozilla/5.0 (Linux; Android 16; SM-S711B Build/BP2A.250605.031.A3; wv) AppleWebKit/537.36 (KHTML, like Gecko) Version/4.0 Chrome/147.0.7727.137 Mobile Safari/537.36 Line/26.5.0/IAB",
                "x-forwarded-proto": "https",
                "x-real-ip": "223.24.199.235",
                "x-requested-with": "jp.naver.line.android"
            },
            "cf": {
                "httpProtocol": "HTTP/3",
                "clientAcceptEncoding": "gzip, deflate, br",
                "requestPriority": "",
                "edgeRequestKeepAliveStatus": 1,
                "requestHeaderNames": {},
                "clientTcpRtt": 0,
                "clientQuicRtt": 34,
                "colo": "BKK",
                "asn": 132618,
                "asOrganization": "GPRS/3G",
                "country": "TH",
                "isEUCountry": false,
                "city": "Bangkok",
                "continent": "AS",
                "region": "Bangkok",
                "regionCode": "10",
                "timezone": "Asia/Bangkok",
                "longitude": "100.50144",
                "latitude": "13.75398",
                "postalCode": "10200",
                "tlsVersion": "TLSv1.3",
                "tlsCipher": "AEAD-AES128-GCM-SHA256",
                "tlsClientRandom": "t07PaHUYt2APpnwnG9FkFe29TnRtn21hndoDodDEUt0=",
                "tlsClientCiphersSha1": "3HTt3+R/6BL3zeALJDSq0pR1yOQ=",
                "tlsClientExtensionsSha1": "55ykrg15kjkrZZNgFuMl2mHBzmo=",
                "tlsClientExtensionsSha1Le": "Nh82daFQ9NZhpieTuhqgOcCaS5U=",
                "tlsClientHelloLength": "1724",
                "tlsClientAuth": {
                    "certPresented": "0",
                    "certVerified": "NONE",
                    "certRevoked": "0",
                    "certIssuerDN": "",
                    "certSubjectDN": "",
                    "certIssuerDNRFC2253": "",
                    "certSubjectDNRFC2253": "",
                    "certIssuerDNLegacy": "",
                    "certSubjectDNLegacy": "",
                    "certSerial": "",
                    "certIssuerSerial": "",
                    "certSKI": "",
                    "certIssuerSKI": "",
                    "certFingerprintSHA1": "",
                    "certFingerprintSHA256": "",
                    "certNotBefore": "",
                    "certNotAfter": "",
                    "certRFC9440": "",
                    "certRFC9440TooLarge": false,
                    "certChainRFC9440": "",
                    "certChainRFC9440TooLarge": false
                },
                "verifiedBotCategory": "",
                "edgeL4": {
                    "deliveryRate": 211613
                }
            }
        },
        "response": {
            "status": 307
        }
    }
}
{
    "wallTime": 6,
    "cpuTime": 4,
    "truncated": false,
    "executionModel": "stateless",
    "outcome": "ok",
    "scriptVersion": {
        "id": "0141b03b-16aa-463f-bb04-28cc99b32179"
    },
    "scriptName": "vme-ips-reflection",
    "diagnosticsChannelEvents": [],
    "exceptions": [],
    "logs": [],
    "eventTimestamp": 1779102185070,
    "event": {
        "request": {
            "url": "https://vme-ips.denmasterfa.com/smart?_rsc=iKnYMpwRDMxan1zE",
            "method": "GET",
            "headers": {
                "accept": "*/*",
                "accept-encoding": "gzip, br",
                "accept-language": "th-TH,th;q=0.9,en-US;q=0.8,en;q=0.7",
                "cf-connecting-ip": "223.24.199.235",
                "cf-ipcountry": "TH",
                "cf-ray": "9fda5f909fcc55a1",
                "cf-visitor": "{\"scheme\":\"https\"}",
                "connection": "Keep-Alive",
                "host": "vme-ips.denmasterfa.com",
                "next-router-prefetch": "1",
                "next-router-state-tree": "%5B%22%22%2C%7B%22children%22%3A%5B%22(auth)%22%2C%7B%22children%22%3A%5B%22login%22%2C%7B%22children%22%3A%5B%22__PAGE__%22%2C%7B%7D%2Cnull%2Cnull%5D%7D%2Cnull%2Cnull%5D%7D%2Cnull%2Cnull%5D%7D%2Cnull%2Cnull%2Ctrue%5D",
                "next-url": "/login",
                "priority": "i",
                "referer": "https://vme-ips.denmasterfa.com/login",
                "rsc": "1",
                "sec-ch-ua": "\"Android WebView\";v=\"147\", \"Not.A/Brand\";v=\"8\", \"Chromium\";v=\"147\"",
                "sec-ch-ua-mobile": "?1",
                "sec-ch-ua-platform": "\"Android\"",
                "sec-fetch-dest": "empty",
                "sec-fetch-mode": "cors",
                "sec-fetch-site": "same-origin",
                "user-agent": "Mozilla/5.0 (Linux; Android 16; SM-S711B Build/BP2A.250605.031.A3; wv) AppleWebKit/537.36 (KHTML, like Gecko) Version/4.0 Chrome/147.0.7727.137 Mobile Safari/537.36 Line/26.5.0/IAB",
                "x-forwarded-proto": "https",
                "x-real-ip": "223.24.199.235",
                "x-requested-with": "jp.naver.line.android"
            },
            "cf": {
                "httpProtocol": "HTTP/3",
                "clientAcceptEncoding": "gzip, deflate, br",
                "requestPriority": "",
                "edgeRequestKeepAliveStatus": 1,
                "requestHeaderNames": {},
                "clientTcpRtt": 0,
                "clientQuicRtt": 34,
                "colo": "BKK",
                "asn": 132618,
                "asOrganization": "GPRS/3G",
                "country": "TH",
                "isEUCountry": false,
                "city": "Bangkok",
                "continent": "AS",
                "region": "Bangkok",
                "regionCode": "10",
                "timezone": "Asia/Bangkok",
                "longitude": "100.50144",
                "latitude": "13.75398",
                "postalCode": "10200",
                "tlsVersion": "TLSv1.3",
                "tlsCipher": "AEAD-AES128-GCM-SHA256",
                "tlsClientRandom": "t07PaHUYt2APpnwnG9FkFe29TnRtn21hndoDodDEUt0=",
                "tlsClientCiphersSha1": "3HTt3+R/6BL3zeALJDSq0pR1yOQ=",
                "tlsClientExtensionsSha1": "55ykrg15kjkrZZNgFuMl2mHBzmo=",
                "tlsClientExtensionsSha1Le": "Nh82daFQ9NZhpieTuhqgOcCaS5U=",
                "tlsClientHelloLength": "1724",
                "tlsClientAuth": {
                    "certPresented": "0",
                    "certVerified": "NONE",
                    "certRevoked": "0",
                    "certIssuerDN": "",
                    "certSubjectDN": "",
                    "certIssuerDNRFC2253": "",
                    "certSubjectDNRFC2253": "",
                    "certIssuerDNLegacy": "",
                    "certSubjectDNLegacy": "",
                    "certSerial": "",
                    "certIssuerSerial": "",
                    "certSKI": "",
                    "certIssuerSKI": "",
                    "certFingerprintSHA1": "",
                    "certFingerprintSHA256": "",
                    "certNotBefore": "",
                    "certNotAfter": "",
                    "certRFC9440": "",
                    "certRFC9440TooLarge": false,
                    "certChainRFC9440": "",
                    "certChainRFC9440TooLarge": false
                },
                "verifiedBotCategory": "",
                "edgeL4": {
                    "deliveryRate": 211613
                }
            }
        },
        "response": {
            "status": 307
        }
    }
}
{
    "wallTime": 220,
    "cpuTime": 2,
    "truncated": false,
    "executionModel": "stateless",
    "outcome": "ok",
    "scriptVersion": {
        "id": "0141b03b-16aa-463f-bb04-28cc99b32179"
    },
    "scriptName": "vme-ips-reflection",
    "diagnosticsChannelEvents": [],
    "exceptions": [],
    "logs": [],
    "eventTimestamp": 1779102185066,
    "event": {
        "request": {
            "url": "https://vme-ips.denmasterfa.com/?_rsc=iKnYMpwRDMxan1zE",
            "method": "GET",
            "headers": {
                "accept": "*/*",
                "accept-encoding": "gzip, br",
                "accept-language": "th-TH,th;q=0.9,en-US;q=0.8,en;q=0.7",
                "cf-connecting-ip": "223.24.199.235",
                "cf-ipcountry": "TH",
                "cf-ray": "9fda5f909fca55a1",
                "cf-visitor": "{\"scheme\":\"https\"}",
                "connection": "Keep-Alive",
                "host": "vme-ips.denmasterfa.com",
                "next-router-prefetch": "1",
                "next-router-state-tree": "%5B%22%22%2C%7B%22children%22%3A%5B%22(auth)%22%2C%7B%22children%22%3A%5B%22login%22%2C%7B%22children%22%3A%5B%22__PAGE__%22%2C%7B%7D%2Cnull%2Cnull%5D%7D%2Cnull%2Cnull%5D%7D%2Cnull%2Cnull%5D%7D%2Cnull%2Cnull%2Ctrue%5D",
                "next-url": "/login",
                "priority": "i",
                "referer": "https://vme-ips.denmasterfa.com/login",
                "rsc": "1",
                "sec-ch-ua": "\"Android WebView\";v=\"147\", \"Not.A/Brand\";v=\"8\", \"Chromium\";v=\"147\"",
                "sec-ch-ua-mobile": "?1",
                "sec-ch-ua-platform": "\"Android\"",
                "sec-fetch-dest": "empty",
                "sec-fetch-mode": "cors",
                "sec-fetch-site": "same-origin",
                "user-agent": "Mozilla/5.0 (Linux; Android 16; SM-S711B Build/BP2A.250605.031.A3; wv) AppleWebKit/537.36 (KHTML, like Gecko) Version/4.0 Chrome/147.0.7727.137 Mobile Safari/537.36 Line/26.5.0/IAB",
                "x-forwarded-proto": "https",
                "x-real-ip": "223.24.199.235",
                "x-requested-with": "jp.naver.line.android"
            },
            "cf": {
                "httpProtocol": "HTTP/3",
                "clientAcceptEncoding": "gzip, deflate, br",
                "requestPriority": "",
                "edgeRequestKeepAliveStatus": 1,
                "requestHeaderNames": {},
                "clientTcpRtt": 0,
                "clientQuicRtt": 34,
                "colo": "BKK",
                "asn": 132618,
                "asOrganization": "GPRS/3G",
                "country": "TH",
                "isEUCountry": false,
                "city": "Bangkok",
                "continent": "AS",
                "region": "Bangkok",
                "regionCode": "10",
                "timezone": "Asia/Bangkok",
                "longitude": "100.50144",
                "latitude": "13.75398",
                "postalCode": "10200",
                "tlsVersion": "TLSv1.3",
                "tlsCipher": "AEAD-AES128-GCM-SHA256",
                "tlsClientRandom": "t07PaHUYt2APpnwnG9FkFe29TnRtn21hndoDodDEUt0=",
                "tlsClientCiphersSha1": "3HTt3+R/6BL3zeALJDSq0pR1yOQ=",
                "tlsClientExtensionsSha1": "55ykrg15kjkrZZNgFuMl2mHBzmo=",
                "tlsClientExtensionsSha1Le": "Nh82daFQ9NZhpieTuhqgOcCaS5U=",
                "tlsClientHelloLength": "1724",
                "tlsClientAuth": {
                    "certPresented": "0",
                    "certVerified": "NONE",
                    "certRevoked": "0",
                    "certIssuerDN": "",
                    "certSubjectDN": "",
                    "certIssuerDNRFC2253": "",
                    "certSubjectDNRFC2253": "",
                    "certIssuerDNLegacy": "",
                    "certSubjectDNLegacy": "",
                    "certSerial": "",
                    "certIssuerSerial": "",
                    "certSKI": "",
                    "certIssuerSKI": "",
                    "certFingerprintSHA1": "",
                    "certFingerprintSHA256": "",
                    "certNotBefore": "",
                    "certNotAfter": "",
                    "certRFC9440": "",
                    "certRFC9440TooLarge": false,
                    "certChainRFC9440": "",
                    "certChainRFC9440TooLarge": false
                },
                "verifiedBotCategory": "",
                "edgeL4": {
                    "deliveryRate": 211613
                }
            }
        },
        "response": {
            "status": 307
        }
    }
}
{
    "wallTime": 224,
    "cpuTime": 2,
    "truncated": false,
    "executionModel": "stateless",
    "outcome": "ok",
    "scriptVersion": {
        "id": "0141b03b-16aa-463f-bb04-28cc99b32179"
    },
    "scriptName": "vme-ips-reflection",
    "diagnosticsChannelEvents": [],
    "exceptions": [],
    "logs": [],
    "eventTimestamp": 1779102185075,
    "event": {
        "request": {
            "url": "https://vme-ips.denmasterfa.com/kaewsai?_rsc=iKnYMpwRDMxan1zE",
            "method": "GET",
            "headers": {
                "accept": "*/*",
                "accept-encoding": "gzip, br",
                "accept-language": "th-TH,th;q=0.9,en-US;q=0.8,en;q=0.7",
                "cf-connecting-ip": "223.24.199.235",
                "cf-ipcountry": "TH",
                "cf-ray": "9fda5f90afef55a1",
                "cf-visitor": "{\"scheme\":\"https\"}",
                "connection": "Keep-Alive",
                "host": "vme-ips.denmasterfa.com",
                "next-router-prefetch": "1",
                "next-router-state-tree": "%5B%22%22%2C%7B%22children%22%3A%5B%22(auth)%22%2C%7B%22children%22%3A%5B%22login%22%2C%7B%22children%22%3A%5B%22__PAGE__%22%2C%7B%7D%2Cnull%2Cnull%5D%7D%2Cnull%2Cnull%5D%7D%2Cnull%2Cnull%5D%7D%2Cnull%2Cnull%2Ctrue%5D",
                "next-url": "/login",
                "priority": "i",
                "referer": "https://vme-ips.denmasterfa.com/login",
                "rsc": "1",
                "sec-ch-ua": "\"Android WebView\";v=\"147\", \"Not.A/Brand\";v=\"8\", \"Chromium\";v=\"147\"",
                "sec-ch-ua-mobile": "?1",
                "sec-ch-ua-platform": "\"Android\"",
                "sec-fetch-dest": "empty",
                "sec-fetch-mode": "cors",
                "sec-fetch-site": "same-origin",
                "user-agent": "Mozilla/5.0 (Linux; Android 16; SM-S711B Build/BP2A.250605.031.A3; wv) AppleWebKit/537.36 (KHTML, like Gecko) Version/4.0 Chrome/147.0.7727.137 Mobile Safari/537.36 Line/26.5.0/IAB",
                "x-forwarded-proto": "https",
                "x-real-ip": "223.24.199.235",
                "x-requested-with": "jp.naver.line.android"
            },
            "cf": {
                "httpProtocol": "HTTP/3",
                "clientAcceptEncoding": "gzip, deflate, br",
                "requestPriority": "",
                "edgeRequestKeepAliveStatus": 1,
                "requestHeaderNames": {},
                "clientTcpRtt": 0,
                "clientQuicRtt": 34,
                "colo": "BKK",
                "asn": 132618,
                "asOrganization": "GPRS/3G",
                "country": "TH",
                "isEUCountry": false,
                "city": "Bangkok",
                "continent": "AS",
                "region": "Bangkok",
                "regionCode": "10",
                "timezone": "Asia/Bangkok",
                "longitude": "100.50144",
                "latitude": "13.75398",
                "postalCode": "10200",
                "tlsVersion": "TLSv1.3",
                "tlsCipher": "AEAD-AES128-GCM-SHA256",
                "tlsClientRandom": "t07PaHUYt2APpnwnG9FkFe29TnRtn21hndoDodDEUt0=",
                "tlsClientCiphersSha1": "3HTt3+R/6BL3zeALJDSq0pR1yOQ=",
                "tlsClientExtensionsSha1": "55ykrg15kjkrZZNgFuMl2mHBzmo=",
                "tlsClientExtensionsSha1Le": "Nh82daFQ9NZhpieTuhqgOcCaS5U=",
                "tlsClientHelloLength": "1724",
                "tlsClientAuth": {
                    "certPresented": "0",
                    "certVerified": "NONE",
                    "certRevoked": "0",
                    "certIssuerDN": "",
                    "certSubjectDN": "",
                    "certIssuerDNRFC2253": "",
                    "certSubjectDNRFC2253": "",
                    "certIssuerDNLegacy": "",
                    "certSubjectDNLegacy": "",
                    "certSerial": "",
                    "certIssuerSerial": "",
                    "certSKI": "",
                    "certIssuerSKI": "",
                    "certFingerprintSHA1": "",
                    "certFingerprintSHA256": "",
                    "certNotBefore": "",
                    "certNotAfter": "",
                    "certRFC9440": "",
                    "certRFC9440TooLarge": false,
                    "certChainRFC9440": "",
                    "certChainRFC9440TooLarge": false
                },
                "verifiedBotCategory": "",
                "edgeL4": {
                    "deliveryRate": 211613
                }
            }
        },
        "response": {
            "status": 307
        }
    }
}
{
    "wallTime": 228,
    "cpuTime": 3,
    "truncated": false,
    "executionModel": "stateless",
    "outcome": "ok",
    "scriptVersion": {
        "id": "0141b03b-16aa-463f-bb04-28cc99b32179"
    },
    "scriptName": "vme-ips-reflection",
    "diagnosticsChannelEvents": [],
    "exceptions": [],
    "logs": [],
    "eventTimestamp": 1779102185079,
    "event": {
        "request": {
            "url": "https://vme-ips.denmasterfa.com/reflect?_rsc=iKnYMpwRDMxan1zE",
            "method": "GET",
            "headers": {
                "accept": "*/*",
                "accept-encoding": "gzip, br",
                "accept-language": "th-TH,th;q=0.9,en-US;q=0.8,en;q=0.7",
                "cf-connecting-ip": "223.24.199.235",
                "cf-ipcountry": "TH",
                "cf-ray": "9fda5f90afee55a1",
                "cf-visitor": "{\"scheme\":\"https\"}",
                "connection": "Keep-Alive",
                "host": "vme-ips.denmasterfa.com",
                "next-router-prefetch": "1",
                "next-router-state-tree": "%5B%22%22%2C%7B%22children%22%3A%5B%22(auth)%22%2C%7B%22children%22%3A%5B%22login%22%2C%7B%22children%22%3A%5B%22__PAGE__%22%2C%7B%7D%2Cnull%2Cnull%5D%7D%2Cnull%2Cnull%5D%7D%2Cnull%2Cnull%5D%7D%2Cnull%2Cnull%2Ctrue%5D",
                "next-url": "/login",
                "priority": "i",
                "referer": "https://vme-ips.denmasterfa.com/login",
                "rsc": "1",
                "sec-ch-ua": "\"Android WebView\";v=\"147\", \"Not.A/Brand\";v=\"8\", \"Chromium\";v=\"147\"",
                "sec-ch-ua-mobile": "?1",
                "sec-ch-ua-platform": "\"Android\"",
                "sec-fetch-dest": "empty",
                "sec-fetch-mode": "cors",
                "sec-fetch-site": "same-origin",
                "user-agent": "Mozilla/5.0 (Linux; Android 16; SM-S711B Build/BP2A.250605.031.A3; wv) AppleWebKit/537.36 (KHTML, like Gecko) Version/4.0 Chrome/147.0.7727.137 Mobile Safari/537.36 Line/26.5.0/IAB",
                "x-forwarded-proto": "https",
                "x-real-ip": "223.24.199.235",
                "x-requested-with": "jp.naver.line.android"
            },
            "cf": {
                "httpProtocol": "HTTP/3",
                "clientAcceptEncoding": "gzip, deflate, br",
                "requestPriority": "",
                "edgeRequestKeepAliveStatus": 1,
                "requestHeaderNames": {},
                "clientTcpRtt": 0,
                "clientQuicRtt": 34,
                "colo": "BKK",
                "asn": 132618,
                "asOrganization": "GPRS/3G",
                "country": "TH",
                "isEUCountry": false,
                "city": "Bangkok",
                "continent": "AS",
                "region": "Bangkok",
                "regionCode": "10",
                "timezone": "Asia/Bangkok",
                "longitude": "100.50144",
                "latitude": "13.75398",
                "postalCode": "10200",
                "tlsVersion": "TLSv1.3",
                "tlsCipher": "AEAD-AES128-GCM-SHA256",
                "tlsClientRandom": "t07PaHUYt2APpnwnG9FkFe29TnRtn21hndoDodDEUt0=",
                "tlsClientCiphersSha1": "3HTt3+R/6BL3zeALJDSq0pR1yOQ=",
                "tlsClientExtensionsSha1": "55ykrg15kjkrZZNgFuMl2mHBzmo=",
                "tlsClientExtensionsSha1Le": "Nh82daFQ9NZhpieTuhqgOcCaS5U=",
                "tlsClientHelloLength": "1724",
                "tlsClientAuth": {
                    "certPresented": "0",
                    "certVerified": "NONE",
                    "certRevoked": "0",
                    "certIssuerDN": "",
                    "certSubjectDN": "",
                    "certIssuerDNRFC2253": "",
                    "certSubjectDNRFC2253": "",
                    "certIssuerDNLegacy": "",
                    "certSubjectDNLegacy": "",
                    "certSerial": "",
                    "certIssuerSerial": "",
                    "certSKI": "",
                    "certIssuerSKI": "",
                    "certFingerprintSHA1": "",
                    "certFingerprintSHA256": "",
                    "certNotBefore": "",
                    "certNotAfter": "",
                    "certRFC9440": "",
                    "certRFC9440TooLarge": false,
                    "certChainRFC9440": "",
                    "certChainRFC9440TooLarge": false
                },
                "verifiedBotCategory": "",
                "edgeL4": {
                    "deliveryRate": 211613
                }
            }
        },
        "response": {
            "status": 307
        }
    }
}
{
    "wallTime": 242,
    "cpuTime": 208,
    "truncated": false,
    "executionModel": "stateless",
    "outcome": "ok",
    "scriptVersion": {
        "id": "0141b03b-16aa-463f-bb04-28cc99b32179"
    },
    "scriptName": "vme-ips-reflection",
    "diagnosticsChannelEvents": [],
    "exceptions": [],
    "logs": [],
    "eventTimestamp": 1779102185134,
    "event": {
        "request": {
            "url": "https://vme-ips.denmasterfa.com/login",
            "method": "GET",
            "headers": {
                "accept": "*/*",
                "accept-encoding": "gzip, br",
                "accept-language": "th-TH,th;q=0.9,en-US;q=0.8,en;q=0.7",
                "cf-connecting-ip": "223.24.199.235",
                "cf-ipcountry": "TH",
                "cf-ray": "9fda5f90f88b55a1",
                "cf-visitor": "{\"scheme\":\"https\"}",
                "connection": "Keep-Alive",
                "host": "vme-ips.denmasterfa.com",
                "next-router-prefetch": "1",
                "next-router-state-tree": "%5B%22%22%2C%7B%22children%22%3A%5B%22(auth)%22%2C%7B%22children%22%3A%5B%22login%22%2C%7B%22children%22%3A%5B%22__PAGE__%22%2C%7B%7D%2Cnull%2Cnull%5D%7D%2Cnull%2Cnull%5D%7D%2Cnull%2Cnull%5D%7D%2Cnull%2Cnull%2Ctrue%5D",
                "next-url": "/login",
                "priority": "i",
                "referer": "https://vme-ips.denmasterfa.com/login",
                "rsc": "1",
                "sec-ch-ua": "\"Android WebView\";v=\"147\", \"Not.A/Brand\";v=\"8\", \"Chromium\";v=\"147\"",
                "sec-ch-ua-mobile": "?1",
                "sec-ch-ua-platform": "\"Android\"",
                "sec-fetch-dest": "empty",
                "sec-fetch-mode": "cors",
                "sec-fetch-site": "same-origin",
                "user-agent": "Mozilla/5.0 (Linux; Android 16; SM-S711B Build/BP2A.250605.031.A3; wv) AppleWebKit/537.36 (KHTML, like Gecko) Version/4.0 Chrome/147.0.7727.137 Mobile Safari/537.36 Line/26.5.0/IAB",
                "x-forwarded-proto": "https",
                "x-real-ip": "223.24.199.235",
                "x-requested-with": "jp.naver.line.android"
            },
            "cf": {
                "httpProtocol": "HTTP/3",
                "clientAcceptEncoding": "gzip, deflate, br",
                "requestPriority": "",
                "edgeRequestKeepAliveStatus": 1,
                "requestHeaderNames": {},
                "clientTcpRtt": 0,
                "clientQuicRtt": 33,
                "colo": "BKK",
                "asn": 132618,
                "asOrganization": "GPRS/3G",
                "country": "TH",
                "isEUCountry": false,
                "city": "Bangkok",
                "continent": "AS",
                "region": "Bangkok",
                "regionCode": "10",
                "timezone": "Asia/Bangkok",
                "longitude": "100.50144",
                "latitude": "13.75398",
                "postalCode": "10200",
                "tlsVersion": "TLSv1.3",
                "tlsCipher": "AEAD-AES128-GCM-SHA256",
                "tlsClientRandom": "t07PaHUYt2APpnwnG9FkFe29TnRtn21hndoDodDEUt0=",
                "tlsClientCiphersSha1": "3HTt3+R/6BL3zeALJDSq0pR1yOQ=",
                "tlsClientExtensionsSha1": "55ykrg15kjkrZZNgFuMl2mHBzmo=",
                "tlsClientExtensionsSha1Le": "Nh82daFQ9NZhpieTuhqgOcCaS5U=",
                "tlsClientHelloLength": "1724",
                "tlsClientAuth": {
                    "certPresented": "0",
                    "certVerified": "NONE",
                    "certRevoked": "0",
                    "certIssuerDN": "",
                    "certSubjectDN": "",
                    "certIssuerDNRFC2253": "",
                    "certSubjectDNRFC2253": "",
                    "certIssuerDNLegacy": "",
                    "certSubjectDNLegacy": "",
                    "certSerial": "",
                    "certIssuerSerial": "",
                    "certSKI": "",
                    "certIssuerSKI": "",
                    "certFingerprintSHA1": "",
                    "certFingerprintSHA256": "",
                    "certNotBefore": "",
                    "certNotAfter": "",
                    "certRFC9440": "",
                    "certRFC9440TooLarge": false,
                    "certChainRFC9440": "",
                    "certChainRFC9440TooLarge": false
                },
                "verifiedBotCategory": "",
                "edgeL4": {
                    "deliveryRate": 211613
                }
            }
        },
        "response": {
            "status": 200
        }
    }
}
{
    "wallTime": 23,
    "cpuTime": 1,
    "truncated": false,
    "executionModel": "stateless",
    "outcome": "ok",
    "scriptVersion": {
        "id": "0141b03b-16aa-463f-bb04-28cc99b32179"
    },
    "scriptName": "vme-ips-reflection",
    "diagnosticsChannelEvents": [],
    "exceptions": [],
    "logs": [],
    "eventTimestamp": 1779102185812,
    "event": {
        "request": {
            "url": "https://vme-ips.denmasterfa.com/profile?_rsc=iKnYMpwRDMxan1zE",
            "method": "GET",
            "headers": {
                "accept": "*/*",
                "accept-encoding": "gzip, br",
                "accept-language": "th-TH,th;q=0.9,en-US;q=0.8,en;q=0.7",
                "cf-connecting-ip": "223.24.199.235",
                "cf-ipcountry": "TH",
                "cf-ray": "9fda5f954cf155a1",
                "cf-visitor": "{\"scheme\":\"https\"}",
                "connection": "Keep-Alive",
                "host": "vme-ips.denmasterfa.com",
                "next-router-prefetch": "1",
                "next-router-state-tree": "%5B%22%22%2C%7B%22children%22%3A%5B%22(auth)%22%2C%7B%22children%22%3A%5B%22login%22%2C%7B%22children%22%3A%5B%22__PAGE__%22%2C%7B%7D%2Cnull%2Cnull%5D%7D%2Cnull%2Cnull%5D%7D%2Cnull%2Cnull%5D%7D%2Cnull%2Cnull%2Ctrue%5D",
                "next-url": "/login",
                "priority": "i",
                "referer": "https://vme-ips.denmasterfa.com/login",
                "rsc": "1",
                "sec-ch-ua": "\"Android WebView\";v=\"147\", \"Not.A/Brand\";v=\"8\", \"Chromium\";v=\"147\"",
                "sec-ch-ua-mobile": "?1",
                "sec-ch-ua-platform": "\"Android\"",
                "sec-fetch-dest": "empty",
                "sec-fetch-mode": "cors",
                "sec-fetch-site": "same-origin",
                "user-agent": "Mozilla/5.0 (Linux; Android 16; SM-S711B Build/BP2A.250605.031.A3; wv) AppleWebKit/537.36 (KHTML, like Gecko) Version/4.0 Chrome/147.0.7727.137 Mobile Safari/537.36 Line/26.5.0/IAB",
                "x-forwarded-proto": "https",
                "x-real-ip": "223.24.199.235",
                "x-requested-with": "jp.naver.line.android"
            },
            "cf": {
                "httpProtocol": "HTTP/3",
                "clientAcceptEncoding": "gzip, deflate, br",
                "requestPriority": "",
                "edgeRequestKeepAliveStatus": 1,
                "requestHeaderNames": {},
                "clientTcpRtt": 0,
                "clientQuicRtt": 62,
                "colo": "BKK",
                "asn": 132618,
                "asOrganization": "GPRS/3G",
                "country": "TH",
                "isEUCountry": false,
                "city": "Bangkok",
                "continent": "AS",
                "region": "Bangkok",
                "regionCode": "10",
                "timezone": "Asia/Bangkok",
                "longitude": "100.50144",
                "latitude": "13.75398",
                "postalCode": "10200",
                "tlsVersion": "TLSv1.3",
                "tlsCipher": "AEAD-AES128-GCM-SHA256",
                "tlsClientRandom": "t07PaHUYt2APpnwnG9FkFe29TnRtn21hndoDodDEUt0=",
                "tlsClientCiphersSha1": "3HTt3+R/6BL3zeALJDSq0pR1yOQ=",
                "tlsClientExtensionsSha1": "55ykrg15kjkrZZNgFuMl2mHBzmo=",
                "tlsClientExtensionsSha1Le": "Nh82daFQ9NZhpieTuhqgOcCaS5U=",
                "tlsClientHelloLength": "1724",
                "tlsClientAuth": {
                    "certPresented": "0",
                    "certVerified": "NONE",
                    "certRevoked": "0",
                    "certIssuerDN": "",
                    "certSubjectDN": "",
                    "certIssuerDNRFC2253": "",
                    "certSubjectDNRFC2253": "",
                    "certIssuerDNLegacy": "",
                    "certSubjectDNLegacy": "",
                    "certSerial": "",
                    "certIssuerSerial": "",
                    "certSKI": "",
                    "certIssuerSKI": "",
                    "certFingerprintSHA1": "",
                    "certFingerprintSHA256": "",
                    "certNotBefore": "",
                    "certNotAfter": "",
                    "certRFC9440": "",
                    "certRFC9440TooLarge": false,
                    "certChainRFC9440": "",
                    "certChainRFC9440TooLarge": false
                },
                "verifiedBotCategory": "",
                "edgeL4": {
                    "deliveryRate": 211613
                }
            }
        },
        "response": {
            "status": 307
        }
    }
}
{
    "wallTime": 70,
    "cpuTime": 32,
    "truncated": false,
    "executionModel": "stateless",
    "outcome": "ok",
    "scriptVersion": {
        "id": "0141b03b-16aa-463f-bb04-28cc99b32179"
    },
    "scriptName": "vme-ips-reflection",
    "diagnosticsChannelEvents": [],
    "exceptions": [],
    "logs": [],
    "eventTimestamp": 1779102185811,
    "event": {
        "request": {
            "url": "https://vme-ips.denmasterfa.com/login",
            "method": "GET",
            "headers": {
                "accept": "*/*",
                "accept-encoding": "gzip, br",
                "accept-language": "th-TH,th;q=0.9,en-US;q=0.8,en;q=0.7",
                "cf-connecting-ip": "223.24.199.235",
                "cf-ipcountry": "TH",
                "cf-ray": "9fda5f954cf055a1",
                "cf-visitor": "{\"scheme\":\"https\"}",
                "connection": "Keep-Alive",
                "host": "vme-ips.denmasterfa.com",
                "next-router-prefetch": "1",
                "next-router-state-tree": "%5B%22%22%2C%7B%22children%22%3A%5B%22(auth)%22%2C%7B%22children%22%3A%5B%22login%22%2C%7B%22children%22%3A%5B%22__PAGE__%22%2C%7B%7D%2Cnull%2Cnull%5D%7D%2Cnull%2Cnull%5D%7D%2Cnull%2Cnull%5D%7D%2Cnull%2Cnull%2Ctrue%5D",
                "next-url": "/login",
                "priority": "i",
                "referer": "https://vme-ips.denmasterfa.com/login",
                "rsc": "1",
                "sec-ch-ua": "\"Android WebView\";v=\"147\", \"Not.A/Brand\";v=\"8\", \"Chromium\";v=\"147\"",
                "sec-ch-ua-mobile": "?1",
                "sec-ch-ua-platform": "\"Android\"",
                "sec-fetch-dest": "empty",
                "sec-fetch-mode": "cors",
                "sec-fetch-site": "same-origin",
                "user-agent": "Mozilla/5.0 (Linux; Android 16; SM-S711B Build/BP2A.250605.031.A3; wv) AppleWebKit/537.36 (KHTML, like Gecko) Version/4.0 Chrome/147.0.7727.137 Mobile Safari/537.36 Line/26.5.0/IAB",
                "x-forwarded-proto": "https",
                "x-real-ip": "223.24.199.235",
                "x-requested-with": "jp.naver.line.android"
            },
            "cf": {
                "httpProtocol": "HTTP/3",
                "clientAcceptEncoding": "gzip, deflate, br",
                "requestPriority": "",
                "edgeRequestKeepAliveStatus": 1,
                "requestHeaderNames": {},
                "clientTcpRtt": 0,
                "clientQuicRtt": 62,
                "colo": "BKK",
                "asn": 132618,
                "asOrganization": "GPRS/3G",
                "country": "TH",
                "isEUCountry": false,
                "city": "Bangkok",
                "continent": "AS",
                "region": "Bangkok",
                "regionCode": "10",
                "timezone": "Asia/Bangkok",
                "longitude": "100.50144",
                "latitude": "13.75398",
                "postalCode": "10200",
                "tlsVersion": "TLSv1.3",
                "tlsCipher": "AEAD-AES128-GCM-SHA256",
                "tlsClientRandom": "t07PaHUYt2APpnwnG9FkFe29TnRtn21hndoDodDEUt0=",
                "tlsClientCiphersSha1": "3HTt3+R/6BL3zeALJDSq0pR1yOQ=",
                "tlsClientExtensionsSha1": "55ykrg15kjkrZZNgFuMl2mHBzmo=",
                "tlsClientExtensionsSha1Le": "Nh82daFQ9NZhpieTuhqgOcCaS5U=",
                "tlsClientHelloLength": "1724",
                "tlsClientAuth": {
                    "certPresented": "0",
                    "certVerified": "NONE",
                    "certRevoked": "0",
                    "certIssuerDN": "",
                    "certSubjectDN": "",
                    "certIssuerDNRFC2253": "",
                    "certSubjectDNRFC2253": "",
                    "certIssuerDNLegacy": "",
                    "certSubjectDNLegacy": "",
                    "certSerial": "",
                    "certIssuerSerial": "",
                    "certSKI": "",
                    "certIssuerSKI": "",
                    "certFingerprintSHA1": "",
                    "certFingerprintSHA256": "",
                    "certNotBefore": "",
                    "certNotAfter": "",
                    "certRFC9440": "",
                    "certRFC9440TooLarge": false,
                    "certChainRFC9440": "",
                    "certChainRFC9440TooLarge": false
                },
                "verifiedBotCategory": "",
                "edgeL4": {
                    "deliveryRate": 211613
                }
            }
        },
        "response": {
            "status": 200
        }
    }
}
{
    "wallTime": 77,
    "cpuTime": 38,
    "truncated": false,
    "executionModel": "stateless",
    "outcome": "ok",
    "scriptVersion": {
        "id": "0141b03b-16aa-463f-bb04-28cc99b32179"
    },
    "scriptName": "vme-ips-reflection",
    "diagnosticsChannelEvents": [],
    "exceptions": [],
    "logs": [],
    "eventTimestamp": 1779102185813,
    "event": {
        "request": {
            "url": "https://vme-ips.denmasterfa.com/welcome",
            "method": "GET",
            "headers": {
                "accept": "*/*",
                "accept-encoding": "gzip, br",
                "accept-language": "th-TH,th;q=0.9,en-US;q=0.8,en;q=0.7",
                "cf-connecting-ip": "223.24.199.235",
                "cf-ipcountry": "TH",
                "cf-ray": "9fda5f954cf355a1",
                "cf-visitor": "{\"scheme\":\"https\"}",
                "connection": "Keep-Alive",
                "host": "vme-ips.denmasterfa.com",
                "next-router-prefetch": "1",
                "next-router-state-tree": "%5B%22%22%2C%7B%22children%22%3A%5B%22(auth)%22%2C%7B%22children%22%3A%5B%22login%22%2C%7B%22children%22%3A%5B%22__PAGE__%22%2C%7B%7D%2Cnull%2Cnull%5D%7D%2Cnull%2Cnull%5D%7D%2Cnull%2Cnull%5D%7D%2Cnull%2Cnull%2Ctrue%5D",
                "next-url": "/login",
                "priority": "i",
                "referer": "https://vme-ips.denmasterfa.com/login",
                "rsc": "1",
                "sec-ch-ua": "\"Android WebView\";v=\"147\", \"Not.A/Brand\";v=\"8\", \"Chromium\";v=\"147\"",
                "sec-ch-ua-mobile": "?1",
                "sec-ch-ua-platform": "\"Android\"",
                "sec-fetch-dest": "empty",
                "sec-fetch-mode": "cors",
                "sec-fetch-site": "same-origin",
                "user-agent": "Mozilla/5.0 (Linux; Android 16; SM-S711B Build/BP2A.250605.031.A3; wv) AppleWebKit/537.36 (KHTML, like Gecko) Version/4.0 Chrome/147.0.7727.137 Mobile Safari/537.36 Line/26.5.0/IAB",
                "x-forwarded-proto": "https",
                "x-real-ip": "223.24.199.235",
                "x-requested-with": "jp.naver.line.android"
            },
            "cf": {
                "httpProtocol": "HTTP/3",
                "clientAcceptEncoding": "gzip, deflate, br",
                "requestPriority": "",
                "edgeRequestKeepAliveStatus": 1,
                "requestHeaderNames": {},
                "clientTcpRtt": 0,
                "clientQuicRtt": 62,
                "colo": "BKK",
                "asn": 132618,
                "asOrganization": "GPRS/3G",
                "country": "TH",
                "isEUCountry": false,
                "city": "Bangkok",
                "continent": "AS",
                "region": "Bangkok",
                "regionCode": "10",
                "timezone": "Asia/Bangkok",
                "longitude": "100.50144",
                "latitude": "13.75398",
                "postalCode": "10200",
                "tlsVersion": "TLSv1.3",
                "tlsCipher": "AEAD-AES128-GCM-SHA256",
                "tlsClientRandom": "t07PaHUYt2APpnwnG9FkFe29TnRtn21hndoDodDEUt0=",
                "tlsClientCiphersSha1": "3HTt3+R/6BL3zeALJDSq0pR1yOQ=",
                "tlsClientExtensionsSha1": "55ykrg15kjkrZZNgFuMl2mHBzmo=",
                "tlsClientExtensionsSha1Le": "Nh82daFQ9NZhpieTuhqgOcCaS5U=",
                "tlsClientHelloLength": "1724",
                "tlsClientAuth": {
                    "certPresented": "0",
                    "certVerified": "NONE",
                    "certRevoked": "0",
                    "certIssuerDN": "",
                    "certSubjectDN": "",
                    "certIssuerDNRFC2253": "",
                    "certSubjectDNRFC2253": "",
                    "certIssuerDNLegacy": "",
                    "certSubjectDNLegacy": "",
                    "certSerial": "",
                    "certIssuerSerial": "",
                    "certSKI": "",
                    "certIssuerSKI": "",
                    "certFingerprintSHA1": "",
                    "certFingerprintSHA256": "",
                    "certNotBefore": "",
                    "certNotAfter": "",
                    "certRFC9440": "",
                    "certRFC9440TooLarge": false,
                    "certChainRFC9440": "",
                    "certChainRFC9440TooLarge": false
                },
                "verifiedBotCategory": "",
                "edgeL4": {
                    "deliveryRate": 211613
                }
            }
        },
        "response": {
            "status": 200
        }
    }
}
{
    "wallTime": 22,
    "cpuTime": 21,
    "truncated": false,
    "executionModel": "stateless",
    "outcome": "ok",
    "scriptVersion": {
        "id": "0141b03b-16aa-463f-bb04-28cc99b32179"
    },
    "scriptName": "vme-ips-reflection",
    "diagnosticsChannelEvents": [],
    "exceptions": [],
    "logs": [],
    "eventTimestamp": 1779102185946,
    "event": {
        "request": {
            "url": "https://vme-ips.denmasterfa.com/login",
            "method": "GET",
            "headers": {
                "accept": "*/*",
                "accept-encoding": "gzip, br",
                "accept-language": "th-TH,th;q=0.9,en-US;q=0.8,en;q=0.7",
                "cf-connecting-ip": "223.24.199.235",
                "cf-ipcountry": "TH",
                "cf-ray": "9fda5f962dbc55a1",
                "cf-visitor": "{\"scheme\":\"https\"}",
                "connection": "Keep-Alive",
                "host": "vme-ips.denmasterfa.com",
                "next-router-prefetch": "1",
                "next-router-state-tree": "%5B%22%22%2C%7B%22children%22%3A%5B%22(auth)%22%2C%7B%22children%22%3A%5B%22login%22%2C%7B%22children%22%3A%5B%22__PAGE__%22%2C%7B%7D%2Cnull%2Cnull%5D%7D%2Cnull%2Cnull%5D%7D%2Cnull%2Cnull%5D%7D%2Cnull%2Cnull%2Ctrue%5D",
                "next-url": "/login",
                "priority": "i",
                "referer": "https://vme-ips.denmasterfa.com/login",
                "rsc": "1",
                "sec-ch-ua": "\"Android WebView\";v=\"147\", \"Not.A/Brand\";v=\"8\", \"Chromium\";v=\"147\"",
                "sec-ch-ua-mobile": "?1",
                "sec-ch-ua-platform": "\"Android\"",
                "sec-fetch-dest": "empty",
                "sec-fetch-mode": "cors",
                "sec-fetch-site": "same-origin",
                "user-agent": "Mozilla/5.0 (Linux; Android 16; SM-S711B Build/BP2A.250605.031.A3; wv) AppleWebKit/537.36 (KHTML, like Gecko) Version/4.0 Chrome/147.0.7727.137 Mobile Safari/537.36 Line/26.5.0/IAB",
                "x-forwarded-proto": "https",
                "x-real-ip": "223.24.199.235",
                "x-requested-with": "jp.naver.line.android"
            },
            "cf": {
                "httpProtocol": "HTTP/3",
                "clientAcceptEncoding": "gzip, deflate, br",
                "requestPriority": "",
                "edgeRequestKeepAliveStatus": 1,
                "requestHeaderNames": {},
                "clientTcpRtt": 0,
                "clientQuicRtt": 47,
                "colo": "BKK",
                "asn": 132618,
                "asOrganization": "GPRS/3G",
                "country": "TH",
                "isEUCountry": false,
                "city": "Bangkok",
                "continent": "AS",
                "region": "Bangkok",
                "regionCode": "10",
                "timezone": "Asia/Bangkok",
                "longitude": "100.50144",
                "latitude": "13.75398",
                "postalCode": "10200",
                "tlsVersion": "TLSv1.3",
                "tlsCipher": "AEAD-AES128-GCM-SHA256",
                "tlsClientRandom": "t07PaHUYt2APpnwnG9FkFe29TnRtn21hndoDodDEUt0=",
                "tlsClientCiphersSha1": "3HTt3+R/6BL3zeALJDSq0pR1yOQ=",
                "tlsClientExtensionsSha1": "55ykrg15kjkrZZNgFuMl2mHBzmo=",
                "tlsClientExtensionsSha1Le": "Nh82daFQ9NZhpieTuhqgOcCaS5U=",
                "tlsClientHelloLength": "1724",
                "tlsClientAuth": {
                    "certPresented": "0",
                    "certVerified": "NONE",
                    "certRevoked": "0",
                    "certIssuerDN": "",
                    "certSubjectDN": "",
                    "certIssuerDNRFC2253": "",
                    "certSubjectDNRFC2253": "",
                    "certIssuerDNLegacy": "",
                    "certSubjectDNLegacy": "",
                    "certSerial": "",
                    "certIssuerSerial": "",
                    "certSKI": "",
                    "certIssuerSKI": "",
                    "certFingerprintSHA1": "",
                    "certFingerprintSHA256": "",
                    "certNotBefore": "",
                    "certNotAfter": "",
                    "certRFC9440": "",
                    "certRFC9440TooLarge": false,
                    "certChainRFC9440": "",
                    "certChainRFC9440TooLarge": false
                },
                "verifiedBotCategory": "",
                "edgeL4": {
                    "deliveryRate": 211613
                }
            }
        },
        "response": {
            "status": 200
        }
    }
}
{
    "wallTime": 30,
    "cpuTime": 23,
    "truncated": false,
    "executionModel": "stateless",
    "outcome": "ok",
    "scriptVersion": {
        "id": "0141b03b-16aa-463f-bb04-28cc99b32179"
    },
    "scriptName": "vme-ips-reflection",
    "diagnosticsChannelEvents": [],
    "exceptions": [],
    "logs": [],
    "eventTimestamp": 1779102186034,
    "event": {
        "request": {
            "url": "https://vme-ips.denmasterfa.com/login",
            "method": "GET",
            "headers": {
                "accept": "*/*",
                "accept-encoding": "gzip, br",
                "accept-language": "th-TH,th;q=0.9,en-US;q=0.8,en;q=0.7",
                "cf-connecting-ip": "223.24.199.235",
                "cf-ipcountry": "TH",
                "cf-ray": "9fda5f96be1e55a1",
                "cf-visitor": "{\"scheme\":\"https\"}",
                "connection": "Keep-Alive",
                "host": "vme-ips.denmasterfa.com",
                "next-router-prefetch": "1",
                "next-router-state-tree": "%5B%22%22%2C%7B%22children%22%3A%5B%22(auth)%22%2C%7B%22children%22%3A%5B%22login%22%2C%7B%22children%22%3A%5B%22__PAGE__%22%2C%7B%7D%2Cnull%2Cnull%5D%7D%2Cnull%2Cnull%5D%7D%2Cnull%2Cnull%5D%7D%2Cnull%2Cnull%2Ctrue%5D",
                "next-url": "/login",
                "priority": "i",
                "referer": "https://vme-ips.denmasterfa.com/login",
                "rsc": "1",
                "sec-ch-ua": "\"Android WebView\";v=\"147\", \"Not.A/Brand\";v=\"8\", \"Chromium\";v=\"147\"",
                "sec-ch-ua-mobile": "?1",
                "sec-ch-ua-platform": "\"Android\"",
                "sec-fetch-dest": "empty",
                "sec-fetch-mode": "cors",
                "sec-fetch-site": "same-origin",
                "user-agent": "Mozilla/5.0 (Linux; Android 16; SM-S711B Build/BP2A.250605.031.A3; wv) AppleWebKit/537.36 (KHTML, like Gecko) Version/4.0 Chrome/147.0.7727.137 Mobile Safari/537.36 Line/26.5.0/IAB",
                "x-forwarded-proto": "https",
                "x-real-ip": "223.24.199.235",
                "x-requested-with": "jp.naver.line.android"
            },
            "cf": {
                "httpProtocol": "HTTP/3",
                "clientAcceptEncoding": "gzip, deflate, br",
                "requestPriority": "",
                "edgeRequestKeepAliveStatus": 1,
                "requestHeaderNames": {},
                "clientTcpRtt": 0,
                "clientQuicRtt": 44,
                "colo": "BKK",
                "asn": 132618,
                "asOrganization": "GPRS/3G",
                "country": "TH",
                "isEUCountry": false,
                "city": "Bangkok",
                "continent": "AS",
                "region": "Bangkok",
                "regionCode": "10",
                "timezone": "Asia/Bangkok",
                "longitude": "100.50144",
                "latitude": "13.75398",
                "postalCode": "10200",
                "tlsVersion": "TLSv1.3",
                "tlsCipher": "AEAD-AES128-GCM-SHA256",
                "tlsClientRandom": "t07PaHUYt2APpnwnG9FkFe29TnRtn21hndoDodDEUt0=",
                "tlsClientCiphersSha1": "3HTt3+R/6BL3zeALJDSq0pR1yOQ=",
                "tlsClientExtensionsSha1": "55ykrg15kjkrZZNgFuMl2mHBzmo=",
                "tlsClientExtensionsSha1Le": "Nh82daFQ9NZhpieTuhqgOcCaS5U=",
                "tlsClientHelloLength": "1724",
                "tlsClientAuth": {
                    "certPresented": "0",
                    "certVerified": "NONE",
                    "certRevoked": "0",
                    "certIssuerDN": "",
                    "certSubjectDN": "",
                    "certIssuerDNRFC2253": "",
                    "certSubjectDNRFC2253": "",
                    "certIssuerDNLegacy": "",
                    "certSubjectDNLegacy": "",
                    "certSerial": "",
                    "certIssuerSerial": "",
                    "certSKI": "",
                    "certIssuerSKI": "",
                    "certFingerprintSHA1": "",
                    "certFingerprintSHA256": "",
                    "certNotBefore": "",
                    "certNotAfter": "",
                    "certRFC9440": "",
                    "certRFC9440TooLarge": false,
                    "certChainRFC9440": "",
                    "certChainRFC9440TooLarge": false
                },
                "verifiedBotCategory": "",
                "edgeL4": {
                    "deliveryRate": 211613
                }
            }
        },
        "response": {
            "status": 200
        }
    }
}
{
    "wallTime": 34,
    "cpuTime": 31,
    "truncated": false,
    "executionModel": "stateless",
    "outcome": "ok",
    "scriptVersion": {
        "id": "0141b03b-16aa-463f-bb04-28cc99b32179"
    },
    "scriptName": "vme-ips-reflection",
    "diagnosticsChannelEvents": [],
    "exceptions": [],
    "logs": [],
    "eventTimestamp": 1779102186118,
    "event": {
        "request": {
            "url": "https://vme-ips.denmasterfa.com/login",
            "method": "GET",
            "headers": {
                "accept": "*/*",
                "accept-encoding": "gzip, br",
                "accept-language": "th-TH,th;q=0.9,en-US;q=0.8,en;q=0.7",
                "cf-connecting-ip": "223.24.199.235",
                "cf-ipcountry": "TH",
                "cf-ray": "9fda5f973e8e55a1",
                "cf-visitor": "{\"scheme\":\"https\"}",
                "connection": "Keep-Alive",
                "host": "vme-ips.denmasterfa.com",
                "next-router-prefetch": "1",
                "next-router-state-tree": "%5B%22%22%2C%7B%22children%22%3A%5B%22(auth)%22%2C%7B%22children%22%3A%5B%22login%22%2C%7B%22children%22%3A%5B%22__PAGE__%22%2C%7B%7D%2Cnull%2Cnull%5D%7D%2Cnull%2Cnull%5D%7D%2Cnull%2Cnull%5D%7D%2Cnull%2Cnull%2Ctrue%5D",
                "next-url": "/login",
                "priority": "i",
                "referer": "https://vme-ips.denmasterfa.com/login",
                "rsc": "1",
                "sec-ch-ua": "\"Android WebView\";v=\"147\", \"Not.A/Brand\";v=\"8\", \"Chromium\";v=\"147\"",
                "sec-ch-ua-mobile": "?1",
                "sec-ch-ua-platform": "\"Android\"",
                "sec-fetch-dest": "empty",
                "sec-fetch-mode": "cors",
                "sec-fetch-site": "same-origin",
                "user-agent": "Mozilla/5.0 (Linux; Android 16; SM-S711B Build/BP2A.250605.031.A3; wv) AppleWebKit/537.36 (KHTML, like Gecko) Version/4.0 Chrome/147.0.7727.137 Mobile Safari/537.36 Line/26.5.0/IAB",
                "x-forwarded-proto": "https",
                "x-real-ip": "223.24.199.235",
                "x-requested-with": "jp.naver.line.android"
            },
            "cf": {
                "httpProtocol": "HTTP/3",
                "clientAcceptEncoding": "gzip, deflate, br",
                "requestPriority": "",
                "edgeRequestKeepAliveStatus": 1,
                "requestHeaderNames": {},
                "clientTcpRtt": 0,
                "clientQuicRtt": 40,
                "colo": "BKK",
                "asn": 132618,
                "asOrganization": "GPRS/3G",
                "country": "TH",
                "isEUCountry": false,
                "city": "Bangkok",
                "continent": "AS",
                "region": "Bangkok",
                "regionCode": "10",
                "timezone": "Asia/Bangkok",
                "longitude": "100.50144",
                "latitude": "13.75398",
                "postalCode": "10200",
                "tlsVersion": "TLSv1.3",
                "tlsCipher": "AEAD-AES128-GCM-SHA256",
                "tlsClientRandom": "t07PaHUYt2APpnwnG9FkFe29TnRtn21hndoDodDEUt0=",
                "tlsClientCiphersSha1": "3HTt3+R/6BL3zeALJDSq0pR1yOQ=",
                "tlsClientExtensionsSha1": "55ykrg15kjkrZZNgFuMl2mHBzmo=",
                "tlsClientExtensionsSha1Le": "Nh82daFQ9NZhpieTuhqgOcCaS5U=",
                "tlsClientHelloLength": "1724",
                "tlsClientAuth": {
                    "certPresented": "0",
                    "certVerified": "NONE",
                    "certRevoked": "0",
                    "certIssuerDN": "",
                    "certSubjectDN": "",
                    "certIssuerDNRFC2253": "",
                    "certSubjectDNRFC2253": "",
                    "certIssuerDNLegacy": "",
                    "certSubjectDNLegacy": "",
                    "certSerial": "",
                    "certIssuerSerial": "",
                    "certSKI": "",
                    "certIssuerSKI": "",
                    "certFingerprintSHA1": "",
                    "certFingerprintSHA256": "",
                    "certNotBefore": "",
                    "certNotAfter": "",
                    "certRFC9440": "",
                    "certRFC9440TooLarge": false,
                    "certChainRFC9440": "",
                    "certChainRFC9440TooLarge": false
                },
                "verifiedBotCategory": "",
                "edgeL4": {
                    "deliveryRate": 211613
                }
            }
        },
        "response": {
            "status": 200
        }
    }
}
{
    "wallTime": 5,
    "cpuTime": 3,
    "truncated": false,
    "executionModel": "stateless",
    "outcome": "ok",
    "scriptVersion": {
        "id": "0141b03b-16aa-463f-bb04-28cc99b32179"
    },
    "scriptName": "vme-ips-reflection",
    "diagnosticsChannelEvents": [],
    "exceptions": [],
    "logs": [],
    "eventTimestamp": 1779102225478,
    "event": {
        "request": {
            "url": "https://vme-ips.denmasterfa.com/card/REDACTED",
            "method": "GET",
            "headers": {
                "accept": "text/html,application/xhtml+xml,application/xml;q=0.9,image/avif,image/webp,image/apng,*/*;q=0.8,application/signed-exchange;v=b3;q=0.7",
                "accept-encoding": "gzip, br",
                "accept-language": "th-TH,th;q=0.9,en-US;q=0.8,en;q=0.7",
                "cf-connecting-ip": "223.24.199.235",
                "cf-ipcountry": "TH",
                "cf-ray": "9fda608d09a714aa",
                "cf-visitor": "{\"scheme\":\"https\"}",
                "connection": "Keep-Alive",
                "host": "vme-ips.denmasterfa.com",
                "priority": "u=0, i",
                "sec-ch-ua": "\"Chromium\";v=\"146\", \"Not-A.Brand\";v=\"24\", \"Microsoft Edge\";v=\"146\"",
                "sec-ch-ua-mobile": "?1",
                "sec-ch-ua-platform": "\"Android\"",
                "sec-fetch-dest": "document",
                "sec-fetch-mode": "navigate",
                "sec-fetch-site": "none",
                "upgrade-insecure-requests": "1",
                "user-agent": "Mozilla/5.0 (Linux; Android 10; K) AppleWebKit/537.36 (KHTML, like Gecko) Chrome/146.0.0.0 Mobile Safari/537.36 EdgA/146.0.0.0",
                "x-forwarded-proto": "https",
                "x-real-ip": "223.24.199.235"
            },
            "cf": {
                "httpProtocol": "HTTP/3",
                "clientAcceptEncoding": "gzip, deflate, br",
                "requestPriority": "",
                "edgeRequestKeepAliveStatus": 1,
                "requestHeaderNames": {},
                "clientTcpRtt": 0,
                "clientQuicRtt": 83,
                "colo": "BKK",
                "asn": 132618,
                "asOrganization": "GPRS/3G",
                "country": "TH",
                "isEUCountry": false,
                "city": "Bangkok",
                "continent": "AS",
                "region": "Bangkok",
                "regionCode": "10",
                "timezone": "Asia/Bangkok",
                "longitude": "100.50144",
                "latitude": "13.75398",
                "postalCode": "10200",
                "tlsVersion": "TLSv1.3",
                "tlsCipher": "AEAD-AES128-GCM-SHA256",
                "tlsClientRandom": "Kf5i9WVB6FC9mXlTT5G+d8J747gvEtN/TtWYwl9nzqQ=",
                "tlsClientCiphersSha1": "3HTt3+R/6BL3zeALJDSq0pR1yOQ=",
                "tlsClientExtensionsSha1": "PRWbElr6c7YU7t3sA3bfa+V/igM=",
                "tlsClientExtensionsSha1Le": "E8qQpj5QpamEp6k36jw5bd+p1cw=",
                "tlsClientHelloLength": "1501",
                "tlsClientAuth": {
                    "certPresented": "0",
                    "certVerified": "NONE",
                    "certRevoked": "0",
                    "certIssuerDN": "",
                    "certSubjectDN": "",
                    "certIssuerDNRFC2253": "",
                    "certSubjectDNRFC2253": "",
                    "certIssuerDNLegacy": "",
                    "certSubjectDNLegacy": "",
                    "certSerial": "",
                    "certIssuerSerial": "",
                    "certSKI": "",
                    "certIssuerSKI": "",
                    "certFingerprintSHA1": "",
                    "certFingerprintSHA256": "",
                    "certNotBefore": "",
                    "certNotAfter": "",
                    "certRFC9440": "",
                    "certRFC9440TooLarge": false,
                    "certChainRFC9440": "",
                    "certChainRFC9440TooLarge": false
                },
                "verifiedBotCategory": "",
                "edgeL4": {
                    "deliveryRate": 40916
                }
            }
        },
        "response": {
            "status": 307
        }
    }
}
{
    "wallTime": 23,
    "cpuTime": 20,
    "truncated": false,
    "executionModel": "stateless",
    "outcome": "ok",
    "scriptVersion": {
        "id": "0141b03b-16aa-463f-bb04-28cc99b32179"
    },
    "scriptName": "vme-ips-reflection",
    "diagnosticsChannelEvents": [],
    "exceptions": [],
    "logs": [],
    "eventTimestamp": 1779102225560,
    "event": {
        "request": {
            "url": "https://vme-ips.denmasterfa.com/login",
            "method": "GET",
            "headers": {
                "accept": "text/html,application/xhtml+xml,application/xml;q=0.9,image/avif,image/webp,image/apng,*/*;q=0.8,application/signed-exchange;v=b3;q=0.7",
                "accept-encoding": "gzip, br",
                "accept-language": "th-TH,th;q=0.9,en-US;q=0.8,en;q=0.7",
                "cf-connecting-ip": "223.24.199.235",
                "cf-ipcountry": "TH",
                "cf-ray": "9fda608dba8a14aa",
                "cf-visitor": "{\"scheme\":\"https\"}",
                "connection": "Keep-Alive",
                "host": "vme-ips.denmasterfa.com",
                "priority": "u=0, i",
                "sec-ch-ua": "\"Chromium\";v=\"146\", \"Not-A.Brand\";v=\"24\", \"Microsoft Edge\";v=\"146\"",
                "sec-ch-ua-mobile": "?1",
                "sec-ch-ua-platform": "\"Android\"",
                "sec-fetch-dest": "document",
                "sec-fetch-mode": "navigate",
                "sec-fetch-site": "none",
                "upgrade-insecure-requests": "1",
                "user-agent": "Mozilla/5.0 (Linux; Android 10; K) AppleWebKit/537.36 (KHTML, like Gecko) Chrome/146.0.0.0 Mobile Safari/537.36 EdgA/146.0.0.0",
                "x-forwarded-proto": "https",
                "x-real-ip": "223.24.199.235"
            },
            "cf": {
                "httpProtocol": "HTTP/3",
                "clientAcceptEncoding": "gzip, deflate, br",
                "requestPriority": "",
                "edgeRequestKeepAliveStatus": 1,
                "requestHeaderNames": {},
                "clientTcpRtt": 0,
                "clientQuicRtt": 62,
                "colo": "BKK",
                "asn": 132618,
                "asOrganization": "GPRS/3G",
                "country": "TH",
                "isEUCountry": false,
                "city": "Bangkok",
                "continent": "AS",
                "region": "Bangkok",
                "regionCode": "10",
                "timezone": "Asia/Bangkok",
                "longitude": "100.50144",
                "latitude": "13.75398",
                "postalCode": "10200",
                "tlsVersion": "TLSv1.3",
                "tlsCipher": "AEAD-AES128-GCM-SHA256",
                "tlsClientRandom": "Kf5i9WVB6FC9mXlTT5G+d8J747gvEtN/TtWYwl9nzqQ=",
                "tlsClientCiphersSha1": "3HTt3+R/6BL3zeALJDSq0pR1yOQ=",
                "tlsClientExtensionsSha1": "PRWbElr6c7YU7t3sA3bfa+V/igM=",
                "tlsClientExtensionsSha1Le": "E8qQpj5QpamEp6k36jw5bd+p1cw=",
                "tlsClientHelloLength": "1501",
                "tlsClientAuth": {
                    "certPresented": "0",
                    "certVerified": "NONE",
                    "certRevoked": "0",
                    "certIssuerDN": "",
                    "certSubjectDN": "",
                    "certIssuerDNRFC2253": "",
                    "certSubjectDNRFC2253": "",
                    "certIssuerDNLegacy": "",
                    "certSubjectDNLegacy": "",
                    "certSerial": "",
                    "certIssuerSerial": "",
                    "certSKI": "",
                    "certIssuerSKI": "",
                    "certFingerprintSHA1": "",
                    "certFingerprintSHA256": "",
                    "certNotBefore": "",
                    "certNotAfter": "",
                    "certRFC9440": "",
                    "certRFC9440TooLarge": false,
                    "certChainRFC9440": "",
                    "certChainRFC9440TooLarge": false
                },
                "verifiedBotCategory": "",
                "edgeL4": {
                    "deliveryRate": 40916
                }
            }
        },
        "response": {
            "status": 200
        }
    }
}
{
    "wallTime": 3,
    "cpuTime": 2,
    "truncated": false,
    "executionModel": "stateless",
    "outcome": "ok",
    "scriptVersion": {
        "id": "0141b03b-16aa-463f-bb04-28cc99b32179"
    },
    "scriptName": "vme-ips-reflection",
    "diagnosticsChannelEvents": [],
    "exceptions": [],
    "logs": [],
    "eventTimestamp": 1779102226644,
    "event": {
        "request": {
            "url": "https://vme-ips.denmasterfa.com/?_rsc=iKnYMpwRDMxan1zE",
            "method": "GET",
            "headers": {
                "accept": "*/*",
                "accept-encoding": "gzip, br",
                "accept-language": "th-TH,th;q=0.9,en-US;q=0.8,en;q=0.7",
                "cf-connecting-ip": "223.24.199.235",
                "cf-ipcountry": "TH",
                "cf-ray": "9fda60947a0714aa",
                "cf-visitor": "{\"scheme\":\"https\"}",
                "connection": "Keep-Alive",
                "host": "vme-ips.denmasterfa.com",
                "next-router-prefetch": "1",
                "next-router-state-tree": "%5B%22%22%2C%7B%22children%22%3A%5B%22(auth)%22%2C%7B%22children%22%3A%5B%22login%22%2C%7B%22children%22%3A%5B%22__PAGE__%22%2C%7B%7D%2Cnull%2Cnull%5D%7D%2Cnull%2Cnull%5D%7D%2Cnull%2Cnull%5D%7D%2Cnull%2Cnull%2Ctrue%5D",
                "next-url": "/login",
                "priority": "i",
                "referer": "https://vme-ips.denmasterfa.com/login",
                "rsc": "1",
                "sec-ch-ua": "\"Chromium\";v=\"146\", \"Not-A.Brand\";v=\"24\", \"Microsoft Edge\";v=\"146\"",
                "sec-ch-ua-mobile": "?1",
                "sec-ch-ua-platform": "\"Android\"",
                "sec-fetch-dest": "empty",
                "sec-fetch-mode": "cors",
                "sec-fetch-site": "same-origin",
                "user-agent": "Mozilla/5.0 (Linux; Android 10; K) AppleWebKit/537.36 (KHTML, like Gecko) Chrome/146.0.0.0 Mobile Safari/537.36 EdgA/146.0.0.0",
                "x-forwarded-proto": "https",
                "x-real-ip": "223.24.199.235"
            },
            "cf": {
                "httpProtocol": "HTTP/3",
                "clientAcceptEncoding": "gzip, deflate, br",
                "requestPriority": "",
                "edgeRequestKeepAliveStatus": 1,
                "requestHeaderNames": {},
                "clientTcpRtt": 0,
                "clientQuicRtt": 36,
                "colo": "BKK",
                "asn": 132618,
                "asOrganization": "GPRS/3G",
                "country": "TH",
                "isEUCountry": false,
                "city": "Bangkok",
                "continent": "AS",
                "region": "Bangkok",
                "regionCode": "10",
                "timezone": "Asia/Bangkok",
                "longitude": "100.50144",
                "latitude": "13.75398",
                "postalCode": "10200",
                "tlsVersion": "TLSv1.3",
                "tlsCipher": "AEAD-AES128-GCM-SHA256",
                "tlsClientRandom": "Kf5i9WVB6FC9mXlTT5G+d8J747gvEtN/TtWYwl9nzqQ=",
                "tlsClientCiphersSha1": "3HTt3+R/6BL3zeALJDSq0pR1yOQ=",
                "tlsClientExtensionsSha1": "PRWbElr6c7YU7t3sA3bfa+V/igM=",
                "tlsClientExtensionsSha1Le": "E8qQpj5QpamEp6k36jw5bd+p1cw=",
                "tlsClientHelloLength": "1501",
                "tlsClientAuth": {
                    "certPresented": "0",
                    "certVerified": "NONE",
                    "certRevoked": "0",
                    "certIssuerDN": "",
                    "certSubjectDN": "",
                    "certIssuerDNRFC2253": "",
                    "certSubjectDNRFC2253": "",
                    "certIssuerDNLegacy": "",
                    "certSubjectDNLegacy": "",
                    "certSerial": "",
                    "certIssuerSerial": "",
                    "certSKI": "",
                    "certIssuerSKI": "",
                    "certFingerprintSHA1": "",
                    "certFingerprintSHA256": "",
                    "certNotBefore": "",
                    "certNotAfter": "",
                    "certRFC9440": "",
                    "certRFC9440TooLarge": false,
                    "certChainRFC9440": "",
                    "certChainRFC9440TooLarge": false
                },
                "verifiedBotCategory": "",
                "edgeL4": {
                    "deliveryRate": 7483435
                }
            }
        },
        "response": {
            "status": 307
        }
    }
}
{
    "wallTime": 2,
    "cpuTime": 1,
    "truncated": false,
    "executionModel": "stateless",
    "outcome": "ok",
    "scriptVersion": {
        "id": "0141b03b-16aa-463f-bb04-28cc99b32179"
    },
    "scriptName": "vme-ips-reflection",
    "diagnosticsChannelEvents": [],
    "exceptions": [],
    "logs": [],
    "eventTimestamp": 1779102226671,
    "event": {
        "request": {
            "url": "https://vme-ips.denmasterfa.com/reflect?_rsc=iKnYMpwRDMxan1zE",
            "method": "GET",
            "headers": {
                "accept": "*/*",
                "accept-encoding": "gzip, br",
                "accept-language": "th-TH,th;q=0.9,en-US;q=0.8,en;q=0.7",
                "cf-connecting-ip": "223.24.199.235",
                "cf-ipcountry": "TH",
                "cf-ray": "9fda6094aa7b14aa",
                "cf-visitor": "{\"scheme\":\"https\"}",
                "connection": "Keep-Alive",
                "host": "vme-ips.denmasterfa.com",
                "next-router-prefetch": "1",
                "next-router-state-tree": "%5B%22%22%2C%7B%22children%22%3A%5B%22(auth)%22%2C%7B%22children%22%3A%5B%22login%22%2C%7B%22children%22%3A%5B%22__PAGE__%22%2C%7B%7D%2Cnull%2Cnull%5D%7D%2Cnull%2Cnull%5D%7D%2Cnull%2Cnull%5D%7D%2Cnull%2Cnull%2Ctrue%5D",
                "next-url": "/login",
                "priority": "i",
                "referer": "https://vme-ips.denmasterfa.com/login",
                "rsc": "1",
                "sec-ch-ua": "\"Chromium\";v=\"146\", \"Not-A.Brand\";v=\"24\", \"Microsoft Edge\";v=\"146\"",
                "sec-ch-ua-mobile": "?1",
                "sec-ch-ua-platform": "\"Android\"",
                "sec-fetch-dest": "empty",
                "sec-fetch-mode": "cors",
                "sec-fetch-site": "same-origin",
                "user-agent": "Mozilla/5.0 (Linux; Android 10; K) AppleWebKit/537.36 (KHTML, like Gecko) Chrome/146.0.0.0 Mobile Safari/537.36 EdgA/146.0.0.0",
                "x-forwarded-proto": "https",
                "x-real-ip": "223.24.199.235"
            },
            "cf": {
                "httpProtocol": "HTTP/3",
                "clientAcceptEncoding": "gzip, deflate, br",
                "requestPriority": "",
                "edgeRequestKeepAliveStatus": 1,
                "requestHeaderNames": {},
                "clientTcpRtt": 0,
                "clientQuicRtt": 36,
                "colo": "BKK",
                "asn": 132618,
                "asOrganization": "GPRS/3G",
                "country": "TH",
                "isEUCountry": false,
                "city": "Bangkok",
                "continent": "AS",
                "region": "Bangkok",
                "regionCode": "10",
                "timezone": "Asia/Bangkok",
                "longitude": "100.50144",
                "latitude": "13.75398",
                "postalCode": "10200",
                "tlsVersion": "TLSv1.3",
                "tlsCipher": "AEAD-AES128-GCM-SHA256",
                "tlsClientRandom": "Kf5i9WVB6FC9mXlTT5G+d8J747gvEtN/TtWYwl9nzqQ=",
                "tlsClientCiphersSha1": "3HTt3+R/6BL3zeALJDSq0pR1yOQ=",
                "tlsClientExtensionsSha1": "PRWbElr6c7YU7t3sA3bfa+V/igM=",
                "tlsClientExtensionsSha1Le": "E8qQpj5QpamEp6k36jw5bd+p1cw=",
                "tlsClientHelloLength": "1501",
                "tlsClientAuth": {
                    "certPresented": "0",
                    "certVerified": "NONE",
                    "certRevoked": "0",
                    "certIssuerDN": "",
                    "certSubjectDN": "",
                    "certIssuerDNRFC2253": "",
                    "certSubjectDNRFC2253": "",
                    "certIssuerDNLegacy": "",
                    "certSubjectDNLegacy": "",
                    "certSerial": "",
                    "certIssuerSerial": "",
                    "certSKI": "",
                    "certIssuerSKI": "",
                    "certFingerprintSHA1": "",
                    "certFingerprintSHA256": "",
                    "certNotBefore": "",
                    "certNotAfter": "",
                    "certRFC9440": "",
                    "certRFC9440TooLarge": false,
                    "certChainRFC9440": "",
                    "certChainRFC9440TooLarge": false
                },
                "verifiedBotCategory": "",
                "edgeL4": {
                    "deliveryRate": 7483435
                }
            }
        },
        "response": {
            "status": 307
        }
    }
}
{
    "wallTime": 1,
    "cpuTime": 1,
    "truncated": false,
    "executionModel": "stateless",
    "outcome": "ok",
    "scriptVersion": {
        "id": "0141b03b-16aa-463f-bb04-28cc99b32179"
    },
    "scriptName": "vme-ips-reflection",
    "diagnosticsChannelEvents": [],
    "exceptions": [],
    "logs": [],
    "eventTimestamp": 1779102226678,
    "event": {
        "request": {
            "url": "https://vme-ips.denmasterfa.com/library?_rsc=iKnYMpwRDMxan1zE",
            "method": "GET",
            "headers": {
                "accept": "*/*",
                "accept-encoding": "gzip, br",
                "accept-language": "th-TH,th;q=0.9,en-US;q=0.8,en;q=0.7",
                "cf-connecting-ip": "223.24.199.235",
                "cf-ipcountry": "TH",
                "cf-ray": "9fda6094aa7a14aa",
                "cf-visitor": "{\"scheme\":\"https\"}",
                "connection": "Keep-Alive",
                "host": "vme-ips.denmasterfa.com",
                "next-router-prefetch": "1",
                "next-router-state-tree": "%5B%22%22%2C%7B%22children%22%3A%5B%22(auth)%22%2C%7B%22children%22%3A%5B%22login%22%2C%7B%22children%22%3A%5B%22__PAGE__%22%2C%7B%7D%2Cnull%2Cnull%5D%7D%2Cnull%2Cnull%5D%7D%2Cnull%2Cnull%5D%7D%2Cnull%2Cnull%2Ctrue%5D",
                "next-url": "/login",
                "priority": "i",
                "referer": "https://vme-ips.denmasterfa.com/login",
                "rsc": "1",
                "sec-ch-ua": "\"Chromium\";v=\"146\", \"Not-A.Brand\";v=\"24\", \"Microsoft Edge\";v=\"146\"",
                "sec-ch-ua-mobile": "?1",
                "sec-ch-ua-platform": "\"Android\"",
                "sec-fetch-dest": "empty",
                "sec-fetch-mode": "cors",
                "sec-fetch-site": "same-origin",
                "user-agent": "Mozilla/5.0 (Linux; Android 10; K) AppleWebKit/537.36 (KHTML, like Gecko) Chrome/146.0.0.0 Mobile Safari/537.36 EdgA/146.0.0.0",
                "x-forwarded-proto": "https",
                "x-real-ip": "223.24.199.235"
            },
            "cf": {
                "httpProtocol": "HTTP/3",
                "clientAcceptEncoding": "gzip, deflate, br",
                "requestPriority": "",
                "edgeRequestKeepAliveStatus": 1,
                "requestHeaderNames": {},
                "clientTcpRtt": 0,
                "clientQuicRtt": 36,
                "colo": "BKK",
                "asn": 132618,
                "asOrganization": "GPRS/3G",
                "country": "TH",
                "isEUCountry": false,
                "city": "Bangkok",
                "continent": "AS",
                "region": "Bangkok",
                "regionCode": "10",
                "timezone": "Asia/Bangkok",
                "longitude": "100.50144",
                "latitude": "13.75398",
                "postalCode": "10200",
                "tlsVersion": "TLSv1.3",
                "tlsCipher": "AEAD-AES128-GCM-SHA256",
                "tlsClientRandom": "Kf5i9WVB6FC9mXlTT5G+d8J747gvEtN/TtWYwl9nzqQ=",
                "tlsClientCiphersSha1": "3HTt3+R/6BL3zeALJDSq0pR1yOQ=",
                "tlsClientExtensionsSha1": "PRWbElr6c7YU7t3sA3bfa+V/igM=",
                "tlsClientExtensionsSha1Le": "E8qQpj5QpamEp6k36jw5bd+p1cw=",
                "tlsClientHelloLength": "1501",
                "tlsClientAuth": {
                    "certPresented": "0",
                    "certVerified": "NONE",
                    "certRevoked": "0",
                    "certIssuerDN": "",
                    "certSubjectDN": "",
                    "certIssuerDNRFC2253": "",
                    "certSubjectDNRFC2253": "",
                    "certIssuerDNLegacy": "",
                    "certSubjectDNLegacy": "",
                    "certSerial": "",
                    "certIssuerSerial": "",
                    "certSKI": "",
                    "certIssuerSKI": "",
                    "certFingerprintSHA1": "",
                    "certFingerprintSHA256": "",
                    "certNotBefore": "",
                    "certNotAfter": "",
                    "certRFC9440": "",
                    "certRFC9440TooLarge": false,
                    "certChainRFC9440": "",
                    "certChainRFC9440TooLarge": false
                },
                "verifiedBotCategory": "",
                "edgeL4": {
                    "deliveryRate": 7483435
                }
            }
        },
        "response": {
            "status": 307
        }
    }
}
{
    "wallTime": 27,
    "cpuTime": 26,
    "truncated": false,
    "executionModel": "stateless",
    "outcome": "ok",
    "scriptVersion": {
        "id": "0141b03b-16aa-463f-bb04-28cc99b32179"
    },
    "scriptName": "vme-ips-reflection",
    "diagnosticsChannelEvents": [],
    "exceptions": [],
    "logs": [],
    "eventTimestamp": 1779102226671,
    "event": {
        "request": {
            "url": "https://vme-ips.denmasterfa.com/smart?_rsc=iKnYMpwRDMxan1zE",
            "method": "GET",
            "headers": {
                "accept": "*/*",
                "accept-encoding": "gzip, br",
                "accept-language": "th-TH,th;q=0.9,en-US;q=0.8,en;q=0.7",
                "cf-connecting-ip": "223.24.199.235",
                "cf-ipcountry": "TH",
                "cf-ray": "9fda6094aa7c14aa",
                "cf-visitor": "{\"scheme\":\"https\"}",
                "connection": "Keep-Alive",
                "host": "vme-ips.denmasterfa.com",
                "next-router-prefetch": "1",
                "next-router-state-tree": "%5B%22%22%2C%7B%22children%22%3A%5B%22(auth)%22%2C%7B%22children%22%3A%5B%22login%22%2C%7B%22children%22%3A%5B%22__PAGE__%22%2C%7B%7D%2Cnull%2Cnull%5D%7D%2Cnull%2Cnull%5D%7D%2Cnull%2Cnull%5D%7D%2Cnull%2Cnull%2Ctrue%5D",
                "next-url": "/login",
                "priority": "i",
                "referer": "https://vme-ips.denmasterfa.com/login",
                "rsc": "1",
                "sec-ch-ua": "\"Chromium\";v=\"146\", \"Not-A.Brand\";v=\"24\", \"Microsoft Edge\";v=\"146\"",
                "sec-ch-ua-mobile": "?1",
                "sec-ch-ua-platform": "\"Android\"",
                "sec-fetch-dest": "empty",
                "sec-fetch-mode": "cors",
                "sec-fetch-site": "same-origin",
                "user-agent": "Mozilla/5.0 (Linux; Android 10; K) AppleWebKit/537.36 (KHTML, like Gecko) Chrome/146.0.0.0 Mobile Safari/537.36 EdgA/146.0.0.0",
                "x-forwarded-proto": "https",
                "x-real-ip": "223.24.199.235"
            },
            "cf": {
                "httpProtocol": "HTTP/3",
                "clientAcceptEncoding": "gzip, deflate, br",
                "requestPriority": "",
                "edgeRequestKeepAliveStatus": 1,
                "requestHeaderNames": {},
                "clientTcpRtt": 0,
                "clientQuicRtt": 36,
                "colo": "BKK",
                "asn": 132618,
                "asOrganization": "GPRS/3G",
                "country": "TH",
                "isEUCountry": false,
                "city": "Bangkok",
                "continent": "AS",
                "region": "Bangkok",
                "regionCode": "10",
                "timezone": "Asia/Bangkok",
                "longitude": "100.50144",
                "latitude": "13.75398",
                "postalCode": "10200",
                "tlsVersion": "TLSv1.3",
                "tlsCipher": "AEAD-AES128-GCM-SHA256",
                "tlsClientRandom": "Kf5i9WVB6FC9mXlTT5G+d8J747gvEtN/TtWYwl9nzqQ=",
                "tlsClientCiphersSha1": "3HTt3+R/6BL3zeALJDSq0pR1yOQ=",
                "tlsClientExtensionsSha1": "PRWbElr6c7YU7t3sA3bfa+V/igM=",
                "tlsClientExtensionsSha1Le": "E8qQpj5QpamEp6k36jw5bd+p1cw=",
                "tlsClientHelloLength": "1501",
                "tlsClientAuth": {
                    "certPresented": "0",
                    "certVerified": "NONE",
                    "certRevoked": "0",
                    "certIssuerDN": "",
                    "certSubjectDN": "",
                    "certIssuerDNRFC2253": "",
                    "certSubjectDNRFC2253": "",
                    "certIssuerDNLegacy": "",
                    "certSubjectDNLegacy": "",
                    "certSerial": "",
                    "certIssuerSerial": "",
                    "certSKI": "",
                    "certIssuerSKI": "",
                    "certFingerprintSHA1": "",
                    "certFingerprintSHA256": "",
                    "certNotBefore": "",
                    "certNotAfter": "",
                    "certRFC9440": "",
                    "certRFC9440TooLarge": false,
                    "certChainRFC9440": "",
                    "certChainRFC9440TooLarge": false
                },
                "verifiedBotCategory": "",
                "edgeL4": {
                    "deliveryRate": 7483435
                }
            }
        },
        "response": {
            "status": 307
        }
    }
}
{
    "wallTime": 30,
    "cpuTime": 3,
    "truncated": false,
    "executionModel": "stateless",
    "outcome": "ok",
    "scriptVersion": {
        "id": "0141b03b-16aa-463f-bb04-28cc99b32179"
    },
    "scriptName": "vme-ips-reflection",
    "diagnosticsChannelEvents": [],
    "exceptions": [],
    "logs": [],
    "eventTimestamp": 1779102226691,
    "event": {
        "request": {
            "url": "https://vme-ips.denmasterfa.com/kaewsai?_rsc=iKnYMpwRDMxan1zE",
            "method": "GET",
            "headers": {
                "accept": "*/*",
                "accept-encoding": "gzip, br",
                "accept-language": "th-TH,th;q=0.9,en-US;q=0.8,en;q=0.7",
                "cf-connecting-ip": "223.24.199.235",
                "cf-ipcountry": "TH",
                "cf-ray": "9fda6094caa214aa",
                "cf-visitor": "{\"scheme\":\"https\"}",
                "connection": "Keep-Alive",
                "host": "vme-ips.denmasterfa.com",
                "next-router-prefetch": "1",
                "next-router-state-tree": "%5B%22%22%2C%7B%22children%22%3A%5B%22(auth)%22%2C%7B%22children%22%3A%5B%22login%22%2C%7B%22children%22%3A%5B%22__PAGE__%22%2C%7B%7D%2Cnull%2Cnull%5D%7D%2Cnull%2Cnull%5D%7D%2Cnull%2Cnull%5D%7D%2Cnull%2Cnull%2Ctrue%5D",
                "next-url": "/login",
                "priority": "i",
                "referer": "https://vme-ips.denmasterfa.com/login",
                "rsc": "1",
                "sec-ch-ua": "\"Chromium\";v=\"146\", \"Not-A.Brand\";v=\"24\", \"Microsoft Edge\";v=\"146\"",
                "sec-ch-ua-mobile": "?1",
                "sec-ch-ua-platform": "\"Android\"",
                "sec-fetch-dest": "empty",
                "sec-fetch-mode": "cors",
                "sec-fetch-site": "same-origin",
                "user-agent": "Mozilla/5.0 (Linux; Android 10; K) AppleWebKit/537.36 (KHTML, like Gecko) Chrome/146.0.0.0 Mobile Safari/537.36 EdgA/146.0.0.0",
                "x-forwarded-proto": "https",
                "x-real-ip": "223.24.199.235"
            },
            "cf": {
                "httpProtocol": "HTTP/3",
                "clientAcceptEncoding": "gzip, deflate, br",
                "requestPriority": "",
                "edgeRequestKeepAliveStatus": 1,
                "requestHeaderNames": {},
                "clientTcpRtt": 0,
                "clientQuicRtt": 36,
                "colo": "BKK",
                "asn": 132618,
                "asOrganization": "GPRS/3G",
                "country": "TH",
                "isEUCountry": false,
                "city": "Bangkok",
                "continent": "AS",
                "region": "Bangkok",
                "regionCode": "10",
                "timezone": "Asia/Bangkok",
                "longitude": "100.50144",
                "latitude": "13.75398",
                "postalCode": "10200",
                "tlsVersion": "TLSv1.3",
                "tlsCipher": "AEAD-AES128-GCM-SHA256",
                "tlsClientRandom": "Kf5i9WVB6FC9mXlTT5G+d8J747gvEtN/TtWYwl9nzqQ=",
                "tlsClientCiphersSha1": "3HTt3+R/6BL3zeALJDSq0pR1yOQ=",
                "tlsClientExtensionsSha1": "PRWbElr6c7YU7t3sA3bfa+V/igM=",
                "tlsClientExtensionsSha1Le": "E8qQpj5QpamEp6k36jw5bd+p1cw=",
                "tlsClientHelloLength": "1501",
                "tlsClientAuth": {
                    "certPresented": "0",
                    "certVerified": "NONE",
                    "certRevoked": "0",
                    "certIssuerDN": "",
                    "certSubjectDN": "",
                    "certIssuerDNRFC2253": "",
                    "certSubjectDNRFC2253": "",
                    "certIssuerDNLegacy": "",
                    "certSubjectDNLegacy": "",
                    "certSerial": "",
                    "certIssuerSerial": "",
                    "certSKI": "",
                    "certIssuerSKI": "",
                    "certFingerprintSHA1": "",
                    "certFingerprintSHA256": "",
                    "certNotBefore": "",
                    "certNotAfter": "",
                    "certRFC9440": "",
                    "certRFC9440TooLarge": false,
                    "certChainRFC9440": "",
                    "certChainRFC9440TooLarge": false
                },
                "verifiedBotCategory": "",
                "edgeL4": {
                    "deliveryRate": 7483435
                }
            }
        },
        "response": {
            "status": 307
        }
    }
}
{
    "wallTime": 317,
    "cpuTime": 251,
    "truncated": false,
    "executionModel": "stateless",
    "outcome": "ok",
    "scriptVersion": {
        "id": "0141b03b-16aa-463f-bb04-28cc99b32179"
    },
    "scriptName": "vme-ips-reflection",
    "diagnosticsChannelEvents": [],
    "exceptions": [],
    "logs": [],
    "eventTimestamp": 1779102226718,
    "event": {
        "request": {
            "url": "https://vme-ips.denmasterfa.com/welcome",
            "method": "GET",
            "headers": {
                "accept": "*/*",
                "accept-encoding": "gzip, br",
                "accept-language": "th-TH,th;q=0.9,en-US;q=0.8,en;q=0.7",
                "cf-connecting-ip": "223.24.199.235",
                "cf-ipcountry": "TH",
                "cf-ray": "9fda6094fae714aa",
                "cf-visitor": "{\"scheme\":\"https\"}",
                "connection": "Keep-Alive",
                "host": "vme-ips.denmasterfa.com",
                "next-router-prefetch": "1",
                "next-router-state-tree": "%5B%22%22%2C%7B%22children%22%3A%5B%22(auth)%22%2C%7B%22children%22%3A%5B%22login%22%2C%7B%22children%22%3A%5B%22__PAGE__%22%2C%7B%7D%2Cnull%2Cnull%5D%7D%2Cnull%2Cnull%5D%7D%2Cnull%2Cnull%5D%7D%2Cnull%2Cnull%2Ctrue%5D",
                "next-url": "/login",
                "priority": "i",
                "referer": "https://vme-ips.denmasterfa.com/login",
                "rsc": "1",
                "sec-ch-ua": "\"Chromium\";v=\"146\", \"Not-A.Brand\";v=\"24\", \"Microsoft Edge\";v=\"146\"",
                "sec-ch-ua-mobile": "?1",
                "sec-ch-ua-platform": "\"Android\"",
                "sec-fetch-dest": "empty",
                "sec-fetch-mode": "cors",
                "sec-fetch-site": "same-origin",
                "user-agent": "Mozilla/5.0 (Linux; Android 10; K) AppleWebKit/537.36 (KHTML, like Gecko) Chrome/146.0.0.0 Mobile Safari/537.36 EdgA/146.0.0.0",
                "x-forwarded-proto": "https",
                "x-real-ip": "223.24.199.235"
            },
            "cf": {
                "httpProtocol": "HTTP/3",
                "clientAcceptEncoding": "gzip, deflate, br",
                "requestPriority": "",
                "edgeRequestKeepAliveStatus": 1,
                "requestHeaderNames": {},
                "clientTcpRtt": 0,
                "clientQuicRtt": 37,
                "colo": "BKK",
                "asn": 132618,
                "asOrganization": "GPRS/3G",
                "country": "TH",
                "isEUCountry": false,
                "city": "Bangkok",
                "continent": "AS",
                "region": "Bangkok",
                "regionCode": "10",
                "timezone": "Asia/Bangkok",
                "longitude": "100.50144",
                "latitude": "13.75398",
                "postalCode": "10200",
                "tlsVersion": "TLSv1.3",
                "tlsCipher": "AEAD-AES128-GCM-SHA256",
                "tlsClientRandom": "Kf5i9WVB6FC9mXlTT5G+d8J747gvEtN/TtWYwl9nzqQ=",
                "tlsClientCiphersSha1": "3HTt3+R/6BL3zeALJDSq0pR1yOQ=",
                "tlsClientExtensionsSha1": "PRWbElr6c7YU7t3sA3bfa+V/igM=",
                "tlsClientExtensionsSha1Le": "E8qQpj5QpamEp6k36jw5bd+p1cw=",
                "tlsClientHelloLength": "1501",
                "tlsClientAuth": {
                    "certPresented": "0",
                    "certVerified": "NONE",
                    "certRevoked": "0",
                    "certIssuerDN": "",
                    "certSubjectDN": "",
                    "certIssuerDNRFC2253": "",
                    "certSubjectDNRFC2253": "",
                    "certIssuerDNLegacy": "",
                    "certSubjectDNLegacy": "",
                    "certSerial": "",
                    "certIssuerSerial": "",
                    "certSKI": "",
                    "certIssuerSKI": "",
                    "certFingerprintSHA1": "",
                    "certFingerprintSHA256": "",
                    "certNotBefore": "",
                    "certNotAfter": "",
                    "certRFC9440": "",
                    "certRFC9440TooLarge": false,
                    "certChainRFC9440": "",
                    "certChainRFC9440TooLarge": false
                },
                "verifiedBotCategory": "",
                "edgeL4": {
                    "deliveryRate": 7483435
                }
            }
        },
        "response": {
            "status": 200
        }
    }
}
{
    "wallTime": 323,
    "cpuTime": 27,
    "truncated": false,
    "executionModel": "stateless",
    "outcome": "ok",
    "scriptVersion": {
        "id": "0141b03b-16aa-463f-bb04-28cc99b32179"
    },
    "scriptName": "vme-ips-reflection",
    "diagnosticsChannelEvents": [],
    "exceptions": [],
    "logs": [],
    "eventTimestamp": 1779102226727,
    "event": {
        "request": {
            "url": "https://vme-ips.denmasterfa.com/login",
            "method": "GET",
            "headers": {
                "accept": "*/*",
                "accept-encoding": "gzip, br",
                "accept-language": "th-TH,th;q=0.9,en-US;q=0.8,en;q=0.7",
                "cf-connecting-ip": "223.24.199.235",
                "cf-ipcountry": "TH",
                "cf-ray": "9fda60950af114aa",
                "cf-visitor": "{\"scheme\":\"https\"}",
                "connection": "Keep-Alive",
                "host": "vme-ips.denmasterfa.com",
                "next-router-prefetch": "1",
                "next-router-state-tree": "%5B%22%22%2C%7B%22children%22%3A%5B%22(auth)%22%2C%7B%22children%22%3A%5B%22login%22%2C%7B%22children%22%3A%5B%22__PAGE__%22%2C%7B%7D%2Cnull%2Cnull%5D%7D%2Cnull%2Cnull%5D%7D%2Cnull%2Cnull%5D%7D%2Cnull%2Cnull%2Ctrue%5D",
                "next-url": "/login",
                "priority": "i",
                "referer": "https://vme-ips.denmasterfa.com/login",
                "rsc": "1",
                "sec-ch-ua": "\"Chromium\";v=\"146\", \"Not-A.Brand\";v=\"24\", \"Microsoft Edge\";v=\"146\"",
                "sec-ch-ua-mobile": "?1",
                "sec-ch-ua-platform": "\"Android\"",
                "sec-fetch-dest": "empty",
                "sec-fetch-mode": "cors",
                "sec-fetch-site": "same-origin",
                "user-agent": "Mozilla/5.0 (Linux; Android 10; K) AppleWebKit/537.36 (KHTML, like Gecko) Chrome/146.0.0.0 Mobile Safari/537.36 EdgA/146.0.0.0",
                "x-forwarded-proto": "https",
                "x-real-ip": "223.24.199.235"
            },
            "cf": {
                "httpProtocol": "HTTP/3",
                "clientAcceptEncoding": "gzip, deflate, br",
                "requestPriority": "",
                "edgeRequestKeepAliveStatus": 1,
                "requestHeaderNames": {},
                "clientTcpRtt": 0,
                "clientQuicRtt": 37,
                "colo": "BKK",
                "asn": 132618,
                "asOrganization": "GPRS/3G",
                "country": "TH",
                "isEUCountry": false,
                "city": "Bangkok",
                "continent": "AS",
                "region": "Bangkok",
                "regionCode": "10",
                "timezone": "Asia/Bangkok",
                "longitude": "100.50144",
                "latitude": "13.75398",
                "postalCode": "10200",
                "tlsVersion": "TLSv1.3",
                "tlsCipher": "AEAD-AES128-GCM-SHA256",
                "tlsClientRandom": "Kf5i9WVB6FC9mXlTT5G+d8J747gvEtN/TtWYwl9nzqQ=",
                "tlsClientCiphersSha1": "3HTt3+R/6BL3zeALJDSq0pR1yOQ=",
                "tlsClientExtensionsSha1": "PRWbElr6c7YU7t3sA3bfa+V/igM=",
                "tlsClientExtensionsSha1Le": "E8qQpj5QpamEp6k36jw5bd+p1cw=",
                "tlsClientHelloLength": "1501",
                "tlsClientAuth": {
                    "certPresented": "0",
                    "certVerified": "NONE",
                    "certRevoked": "0",
                    "certIssuerDN": "",
                    "certSubjectDN": "",
                    "certIssuerDNRFC2253": "",
                    "certSubjectDNRFC2253": "",
                    "certIssuerDNLegacy": "",
                    "certSubjectDNLegacy": "",
                    "certSerial": "",
                    "certIssuerSerial": "",
                    "certSKI": "",
                    "certIssuerSKI": "",
                    "certFingerprintSHA1": "",
                    "certFingerprintSHA256": "",
                    "certNotBefore": "",
                    "certNotAfter": "",
                    "certRFC9440": "",
                    "certRFC9440TooLarge": false,
                    "certChainRFC9440": "",
                    "certChainRFC9440TooLarge": false
                },
                "verifiedBotCategory": "",
                "edgeL4": {
                    "deliveryRate": 7483435
                }
            }
        },
        "response": {
            "status": 200
        }
    }
}
{
    "wallTime": 17,
    "cpuTime": 1,
    "truncated": false,
    "executionModel": "stateless",
    "outcome": "ok",
    "scriptVersion": {
        "id": "0141b03b-16aa-463f-bb04-28cc99b32179"
    },
    "scriptName": "vme-ips-reflection",
    "diagnosticsChannelEvents": [],
    "exceptions": [],
    "logs": [],
    "eventTimestamp": 1779102227364,
    "event": {
        "request": {
            "url": "https://vme-ips.denmasterfa.com/profile?_rsc=iKnYMpwRDMxan1zE",
            "method": "GET",
            "headers": {
                "accept": "*/*",
                "accept-encoding": "gzip, br",
                "accept-language": "th-TH,th;q=0.9,en-US;q=0.8,en;q=0.7",
                "cf-connecting-ip": "223.24.199.235",
                "cf-ipcountry": "TH",
                "cf-ray": "9fda6098ff8514aa",
                "cf-visitor": "{\"scheme\":\"https\"}",
                "connection": "Keep-Alive",
                "host": "vme-ips.denmasterfa.com",
                "next-router-prefetch": "1",
                "next-router-state-tree": "%5B%22%22%2C%7B%22children%22%3A%5B%22(auth)%22%2C%7B%22children%22%3A%5B%22login%22%2C%7B%22children%22%3A%5B%22__PAGE__%22%2C%7B%7D%2Cnull%2Cnull%5D%7D%2Cnull%2Cnull%5D%7D%2Cnull%2Cnull%5D%7D%2Cnull%2Cnull%2Ctrue%5D",
                "next-url": "/login",
                "priority": "i",
                "referer": "https://vme-ips.denmasterfa.com/login",
                "rsc": "1",
                "sec-ch-ua": "\"Chromium\";v=\"146\", \"Not-A.Brand\";v=\"24\", \"Microsoft Edge\";v=\"146\"",
                "sec-ch-ua-mobile": "?1",
                "sec-ch-ua-platform": "\"Android\"",
                "sec-fetch-dest": "empty",
                "sec-fetch-mode": "cors",
                "sec-fetch-site": "same-origin",
                "user-agent": "Mozilla/5.0 (Linux; Android 10; K) AppleWebKit/537.36 (KHTML, like Gecko) Chrome/146.0.0.0 Mobile Safari/537.36 EdgA/146.0.0.0",
                "x-forwarded-proto": "https",
                "x-real-ip": "223.24.199.235"
            },
            "cf": {
                "httpProtocol": "HTTP/3",
                "clientAcceptEncoding": "gzip, deflate, br",
                "requestPriority": "",
                "edgeRequestKeepAliveStatus": 1,
                "requestHeaderNames": {},
                "clientTcpRtt": 0,
                "clientQuicRtt": 52,
                "colo": "BKK",
                "asn": 132618,
                "asOrganization": "GPRS/3G",
                "country": "TH",
                "isEUCountry": false,
                "city": "Bangkok",
                "continent": "AS",
                "region": "Bangkok",
                "regionCode": "10",
                "timezone": "Asia/Bangkok",
                "longitude": "100.50144",
                "latitude": "13.75398",
                "postalCode": "10200",
                "tlsVersion": "TLSv1.3",
                "tlsCipher": "AEAD-AES128-GCM-SHA256",
                "tlsClientRandom": "Kf5i9WVB6FC9mXlTT5G+d8J747gvEtN/TtWYwl9nzqQ=",
                "tlsClientCiphersSha1": "3HTt3+R/6BL3zeALJDSq0pR1yOQ=",
                "tlsClientExtensionsSha1": "PRWbElr6c7YU7t3sA3bfa+V/igM=",
                "tlsClientExtensionsSha1Le": "E8qQpj5QpamEp6k36jw5bd+p1cw=",
                "tlsClientHelloLength": "1501",
                "tlsClientAuth": {
                    "certPresented": "0",
                    "certVerified": "NONE",
                    "certRevoked": "0",
                    "certIssuerDN": "",
                    "certSubjectDN": "",
                    "certIssuerDNRFC2253": "",
                    "certSubjectDNRFC2253": "",
                    "certIssuerDNLegacy": "",
                    "certSubjectDNLegacy": "",
                    "certSerial": "",
                    "certIssuerSerial": "",
                    "certSKI": "",
                    "certIssuerSKI": "",
                    "certFingerprintSHA1": "",
                    "certFingerprintSHA256": "",
                    "certNotBefore": "",
                    "certNotAfter": "",
                    "certRFC9440": "",
                    "certRFC9440TooLarge": false,
                    "certChainRFC9440": "",
                    "certChainRFC9440TooLarge": false
                },
                "verifiedBotCategory": "",
                "edgeL4": {
                    "deliveryRate": 7483435
                }
            }
        },
        "response": {
            "status": 307
        }
    }
}
{
    "wallTime": 27,
    "cpuTime": 23,
    "truncated": false,
    "executionModel": "stateless",
    "outcome": "ok",
    "scriptVersion": {
        "id": "0141b03b-16aa-463f-bb04-28cc99b32179"
    },
    "scriptName": "vme-ips-reflection",
    "diagnosticsChannelEvents": [],
    "exceptions": [],
    "logs": [],
    "eventTimestamp": 1779102227363,
    "event": {
        "request": {
            "url": "https://vme-ips.denmasterfa.com/login",
            "method": "GET",
            "headers": {
                "accept": "*/*",
                "accept-encoding": "gzip, br",
                "accept-language": "th-TH,th;q=0.9,en-US;q=0.8,en;q=0.7",
                "cf-connecting-ip": "223.24.199.235",
                "cf-ipcountry": "TH",
                "cf-ray": "9fda6098ff8614aa",
                "cf-visitor": "{\"scheme\":\"https\"}",
                "connection": "Keep-Alive",
                "host": "vme-ips.denmasterfa.com",
                "next-router-prefetch": "1",
                "next-router-state-tree": "%5B%22%22%2C%7B%22children%22%3A%5B%22(auth)%22%2C%7B%22children%22%3A%5B%22login%22%2C%7B%22children%22%3A%5B%22__PAGE__%22%2C%7B%7D%2Cnull%2Cnull%5D%7D%2Cnull%2Cnull%5D%7D%2Cnull%2Cnull%5D%7D%2Cnull%2Cnull%2Ctrue%5D",
                "next-url": "/login",
                "priority": "i",
                "referer": "https://vme-ips.denmasterfa.com/login",
                "rsc": "1",
                "sec-ch-ua": "\"Chromium\";v=\"146\", \"Not-A.Brand\";v=\"24\", \"Microsoft Edge\";v=\"146\"",
                "sec-ch-ua-mobile": "?1",
                "sec-ch-ua-platform": "\"Android\"",
                "sec-fetch-dest": "empty",
                "sec-fetch-mode": "cors",
                "sec-fetch-site": "same-origin",
                "user-agent": "Mozilla/5.0 (Linux; Android 10; K) AppleWebKit/537.36 (KHTML, like Gecko) Chrome/146.0.0.0 Mobile Safari/537.36 EdgA/146.0.0.0",
                "x-forwarded-proto": "https",
                "x-real-ip": "223.24.199.235"
            },
            "cf": {
                "httpProtocol": "HTTP/3",
                "clientAcceptEncoding": "gzip, deflate, br",
                "requestPriority": "",
                "edgeRequestKeepAliveStatus": 1,
                "requestHeaderNames": {},
                "clientTcpRtt": 0,
                "clientQuicRtt": 52,
                "colo": "BKK",
                "asn": 132618,
                "asOrganization": "GPRS/3G",
                "country": "TH",
                "isEUCountry": false,
                "city": "Bangkok",
                "continent": "AS",
                "region": "Bangkok",
                "regionCode": "10",
                "timezone": "Asia/Bangkok",
                "longitude": "100.50144",
                "latitude": "13.75398",
                "postalCode": "10200",
                "tlsVersion": "TLSv1.3",
                "tlsCipher": "AEAD-AES128-GCM-SHA256",
                "tlsClientRandom": "Kf5i9WVB6FC9mXlTT5G+d8J747gvEtN/TtWYwl9nzqQ=",
                "tlsClientCiphersSha1": "3HTt3+R/6BL3zeALJDSq0pR1yOQ=",
                "tlsClientExtensionsSha1": "PRWbElr6c7YU7t3sA3bfa+V/igM=",
                "tlsClientExtensionsSha1Le": "E8qQpj5QpamEp6k36jw5bd+p1cw=",
                "tlsClientHelloLength": "1501",
                "tlsClientAuth": {
                    "certPresented": "0",
                    "certVerified": "NONE",
                    "certRevoked": "0",
                    "certIssuerDN": "",
                    "certSubjectDN": "",
                    "certIssuerDNRFC2253": "",
                    "certSubjectDNRFC2253": "",
                    "certIssuerDNLegacy": "",
                    "certSubjectDNLegacy": "",
                    "certSerial": "",
                    "certIssuerSerial": "",
                    "certSKI": "",
                    "certIssuerSKI": "",
                    "certFingerprintSHA1": "",
                    "certFingerprintSHA256": "",
                    "certNotBefore": "",
                    "certNotAfter": "",
                    "certRFC9440": "",
                    "certRFC9440TooLarge": false,
                    "certChainRFC9440": "",
                    "certChainRFC9440TooLarge": false
                },
                "verifiedBotCategory": "",
                "edgeL4": {
                    "deliveryRate": 7483435
                }
            }
        },
        "response": {
            "status": 200
        }
    }
}
{
    "wallTime": 21,
    "cpuTime": 20,
    "truncated": false,
    "executionModel": "stateless",
    "outcome": "ok",
    "scriptVersion": {
        "id": "0141b03b-16aa-463f-bb04-28cc99b32179"
    },
    "scriptName": "vme-ips-reflection",
    "diagnosticsChannelEvents": [],
    "exceptions": [],
    "logs": [],
    "eventTimestamp": 1779102227427,
    "event": {
        "request": {
            "url": "https://vme-ips.denmasterfa.com/login",
            "method": "GET",
            "headers": {
                "accept": "*/*",
                "accept-encoding": "gzip, br",
                "accept-language": "th-TH,th;q=0.9,en-US;q=0.8,en;q=0.7",
                "cf-connecting-ip": "223.24.199.235",
                "cf-ipcountry": "TH",
                "cf-ray": "9fda6099681214aa",
                "cf-visitor": "{\"scheme\":\"https\"}",
                "connection": "Keep-Alive",
                "host": "vme-ips.denmasterfa.com",
                "next-router-prefetch": "1",
                "next-router-state-tree": "%5B%22%22%2C%7B%22children%22%3A%5B%22(auth)%22%2C%7B%22children%22%3A%5B%22login%22%2C%7B%22children%22%3A%5B%22__PAGE__%22%2C%7B%7D%2Cnull%2Cnull%5D%7D%2Cnull%2Cnull%5D%7D%2Cnull%2Cnull%5D%7D%2Cnull%2Cnull%2Ctrue%5D",
                "next-url": "/login",
                "priority": "i",
                "referer": "https://vme-ips.denmasterfa.com/login",
                "rsc": "1",
                "sec-ch-ua": "\"Chromium\";v=\"146\", \"Not-A.Brand\";v=\"24\", \"Microsoft Edge\";v=\"146\"",
                "sec-ch-ua-mobile": "?1",
                "sec-ch-ua-platform": "\"Android\"",
                "sec-fetch-dest": "empty",
                "sec-fetch-mode": "cors",
                "sec-fetch-site": "same-origin",
                "user-agent": "Mozilla/5.0 (Linux; Android 10; K) AppleWebKit/537.36 (KHTML, like Gecko) Chrome/146.0.0.0 Mobile Safari/537.36 EdgA/146.0.0.0",
                "x-forwarded-proto": "https",
                "x-real-ip": "223.24.199.235"
            },
            "cf": {
                "httpProtocol": "HTTP/3",
                "clientAcceptEncoding": "gzip, deflate, br",
                "requestPriority": "",
                "edgeRequestKeepAliveStatus": 1,
                "requestHeaderNames": {},
                "clientTcpRtt": 0,
                "clientQuicRtt": 46,
                "colo": "BKK",
                "asn": 132618,
                "asOrganization": "GPRS/3G",
                "country": "TH",
                "isEUCountry": false,
                "city": "Bangkok",
                "continent": "AS",
                "region": "Bangkok",
                "regionCode": "10",
                "timezone": "Asia/Bangkok",
                "longitude": "100.50144",
                "latitude": "13.75398",
                "postalCode": "10200",
                "tlsVersion": "TLSv1.3",
                "tlsCipher": "AEAD-AES128-GCM-SHA256",
                "tlsClientRandom": "Kf5i9WVB6FC9mXlTT5G+d8J747gvEtN/TtWYwl9nzqQ=",
                "tlsClientCiphersSha1": "3HTt3+R/6BL3zeALJDSq0pR1yOQ=",
                "tlsClientExtensionsSha1": "PRWbElr6c7YU7t3sA3bfa+V/igM=",
                "tlsClientExtensionsSha1Le": "E8qQpj5QpamEp6k36jw5bd+p1cw=",
                "tlsClientHelloLength": "1501",
                "tlsClientAuth": {
                    "certPresented": "0",
                    "certVerified": "NONE",
                    "certRevoked": "0",
                    "certIssuerDN": "",
                    "certSubjectDN": "",
                    "certIssuerDNRFC2253": "",
                    "certSubjectDNRFC2253": "",
                    "certIssuerDNLegacy": "",
                    "certSubjectDNLegacy": "",
                    "certSerial": "",
                    "certIssuerSerial": "",
                    "certSKI": "",
                    "certIssuerSKI": "",
                    "certFingerprintSHA1": "",
                    "certFingerprintSHA256": "",
                    "certNotBefore": "",
                    "certNotAfter": "",
                    "certRFC9440": "",
                    "certRFC9440TooLarge": false,
                    "certChainRFC9440": "",
                    "certChainRFC9440TooLarge": false
                },
                "verifiedBotCategory": "",
                "edgeL4": {
                    "deliveryRate": 7483435
                }
            }
        },
        "response": {
            "status": 200
        }
    }
}
{
    "wallTime": 34,
    "cpuTime": 20,
    "truncated": false,
    "executionModel": "stateless",
    "outcome": "ok",
    "scriptVersion": {
        "id": "0141b03b-16aa-463f-bb04-28cc99b32179"
    },
    "scriptName": "vme-ips-reflection",
    "diagnosticsChannelEvents": [],
    "exceptions": [],
    "logs": [],
    "eventTimestamp": 1779102227493,
    "event": {
        "request": {
            "url": "https://vme-ips.denmasterfa.com/login",
            "method": "GET",
            "headers": {
                "accept": "*/*",
                "accept-encoding": "gzip, br",
                "accept-language": "th-TH,th;q=0.9,en-US;q=0.8,en;q=0.7",
                "cf-connecting-ip": "223.24.199.235",
                "cf-ipcountry": "TH",
                "cf-ray": "9fda6099c88114aa",
                "cf-visitor": "{\"scheme\":\"https\"}",
                "connection": "Keep-Alive",
                "host": "vme-ips.denmasterfa.com",
                "next-router-prefetch": "1",
                "next-router-state-tree": "%5B%22%22%2C%7B%22children%22%3A%5B%22(auth)%22%2C%7B%22children%22%3A%5B%22login%22%2C%7B%22children%22%3A%5B%22__PAGE__%22%2C%7B%7D%2Cnull%2Cnull%5D%7D%2Cnull%2Cnull%5D%7D%2Cnull%2Cnull%5D%7D%2Cnull%2Cnull%2Ctrue%5D",
                "next-url": "/login",
                "priority": "i",
                "referer": "https://vme-ips.denmasterfa.com/login",
                "rsc": "1",
                "sec-ch-ua": "\"Chromium\";v=\"146\", \"Not-A.Brand\";v=\"24\", \"Microsoft Edge\";v=\"146\"",
                "sec-ch-ua-mobile": "?1",
                "sec-ch-ua-platform": "\"Android\"",
                "sec-fetch-dest": "empty",
                "sec-fetch-mode": "cors",
                "sec-fetch-site": "same-origin",
                "user-agent": "Mozilla/5.0 (Linux; Android 10; K) AppleWebKit/537.36 (KHTML, like Gecko) Chrome/146.0.0.0 Mobile Safari/537.36 EdgA/146.0.0.0",
                "x-forwarded-proto": "https",
                "x-real-ip": "223.24.199.235"
            },
            "cf": {
                "httpProtocol": "HTTP/3",
                "clientAcceptEncoding": "gzip, deflate, br",
                "requestPriority": "",
                "edgeRequestKeepAliveStatus": 1,
                "requestHeaderNames": {},
                "clientTcpRtt": 0,
                "clientQuicRtt": 44,
                "colo": "BKK",
                "asn": 132618,
                "asOrganization": "GPRS/3G",
                "country": "TH",
                "isEUCountry": false,
                "city": "Bangkok",
                "continent": "AS",
                "region": "Bangkok",
                "regionCode": "10",
                "timezone": "Asia/Bangkok",
                "longitude": "100.50144",
                "latitude": "13.75398",
                "postalCode": "10200",
                "tlsVersion": "TLSv1.3",
                "tlsCipher": "AEAD-AES128-GCM-SHA256",
                "tlsClientRandom": "Kf5i9WVB6FC9mXlTT5G+d8J747gvEtN/TtWYwl9nzqQ=",
                "tlsClientCiphersSha1": "3HTt3+R/6BL3zeALJDSq0pR1yOQ=",
                "tlsClientExtensionsSha1": "PRWbElr6c7YU7t3sA3bfa+V/igM=",
                "tlsClientExtensionsSha1Le": "E8qQpj5QpamEp6k36jw5bd+p1cw=",
                "tlsClientHelloLength": "1501",
                "tlsClientAuth": {
                    "certPresented": "0",
                    "certVerified": "NONE",
                    "certRevoked": "0",
                    "certIssuerDN": "",
                    "certSubjectDN": "",
                    "certIssuerDNRFC2253": "",
                    "certSubjectDNRFC2253": "",
                    "certIssuerDNLegacy": "",
                    "certSubjectDNLegacy": "",
                    "certSerial": "",
                    "certIssuerSerial": "",
                    "certSKI": "",
                    "certIssuerSKI": "",
                    "certFingerprintSHA1": "",
                    "certFingerprintSHA256": "",
                    "certNotBefore": "",
                    "certNotAfter": "",
                    "certRFC9440": "",
                    "certRFC9440TooLarge": false,
                    "certChainRFC9440": "",
                    "certChainRFC9440TooLarge": false
                },
                "verifiedBotCategory": "",
                "edgeL4": {
                    "deliveryRate": 7483435
                }
            }
        },
        "response": {
            "status": 200
        }
    }
}
{
    "wallTime": 20,
    "cpuTime": 17,
    "truncated": false,
    "executionModel": "stateless",
    "outcome": "ok",
    "scriptVersion": {
        "id": "0141b03b-16aa-463f-bb04-28cc99b32179"
    },
    "scriptName": "vme-ips-reflection",
    "diagnosticsChannelEvents": [],
    "exceptions": [],
    "logs": [],
    "eventTimestamp": 1779102227583,
    "event": {
        "request": {
            "url": "https://vme-ips.denmasterfa.com/login",
            "method": "GET",
            "headers": {
                "accept": "*/*",
                "accept-encoding": "gzip, br",
                "accept-language": "th-TH,th;q=0.9,en-US;q=0.8,en;q=0.7",
                "cf-connecting-ip": "223.24.199.235",
                "cf-ipcountry": "TH",
                "cf-ray": "9fda609a598f14aa",
                "cf-visitor": "{\"scheme\":\"https\"}",
                "connection": "Keep-Alive",
                "host": "vme-ips.denmasterfa.com",
                "next-router-prefetch": "1",
                "next-router-state-tree": "%5B%22%22%2C%7B%22children%22%3A%5B%22(auth)%22%2C%7B%22children%22%3A%5B%22login%22%2C%7B%22children%22%3A%5B%22__PAGE__%22%2C%7B%7D%2Cnull%2Cnull%5D%7D%2Cnull%2Cnull%5D%7D%2Cnull%2Cnull%5D%7D%2Cnull%2Cnull%2Ctrue%5D",
                "next-url": "/login",
                "priority": "i",
                "referer": "https://vme-ips.denmasterfa.com/login",
                "rsc": "1",
                "sec-ch-ua": "\"Chromium\";v=\"146\", \"Not-A.Brand\";v=\"24\", \"Microsoft Edge\";v=\"146\"",
                "sec-ch-ua-mobile": "?1",
                "sec-ch-ua-platform": "\"Android\"",
                "sec-fetch-dest": "empty",
                "sec-fetch-mode": "cors",
                "sec-fetch-site": "same-origin",
                "user-agent": "Mozilla/5.0 (Linux; Android 10; K) AppleWebKit/537.36 (KHTML, like Gecko) Chrome/146.0.0.0 Mobile Safari/537.36 EdgA/146.0.0.0",
                "x-forwarded-proto": "https",
                "x-real-ip": "223.24.199.235"
            },
            "cf": {
                "httpProtocol": "HTTP/3",
                "clientAcceptEncoding": "gzip, deflate, br",
                "requestPriority": "",
                "edgeRequestKeepAliveStatus": 1,
                "requestHeaderNames": {},
                "clientTcpRtt": 0,
                "clientQuicRtt": 42,
                "colo": "BKK",
                "asn": 132618,
                "asOrganization": "GPRS/3G",
                "country": "TH",
                "isEUCountry": false,
                "city": "Bangkok",
                "continent": "AS",
                "region": "Bangkok",
                "regionCode": "10",
                "timezone": "Asia/Bangkok",
                "longitude": "100.50144",
                "latitude": "13.75398",
                "postalCode": "10200",
                "tlsVersion": "TLSv1.3",
                "tlsCipher": "AEAD-AES128-GCM-SHA256",
                "tlsClientRandom": "Kf5i9WVB6FC9mXlTT5G+d8J747gvEtN/TtWYwl9nzqQ=",
                "tlsClientCiphersSha1": "3HTt3+R/6BL3zeALJDSq0pR1yOQ=",
                "tlsClientExtensionsSha1": "PRWbElr6c7YU7t3sA3bfa+V/igM=",
                "tlsClientExtensionsSha1Le": "E8qQpj5QpamEp6k36jw5bd+p1cw=",
                "tlsClientHelloLength": "1501",
                "tlsClientAuth": {
                    "certPresented": "0",
                    "certVerified": "NONE",
                    "certRevoked": "0",
                    "certIssuerDN": "",
                    "certSubjectDN": "",
                    "certIssuerDNRFC2253": "",
                    "certSubjectDNRFC2253": "",
                    "certIssuerDNLegacy": "",
                    "certSubjectDNLegacy": "",
                    "certSerial": "",
                    "certIssuerSerial": "",
                    "certSKI": "",
                    "certIssuerSKI": "",
                    "certFingerprintSHA1": "",
                    "certFingerprintSHA256": "",
                    "certNotBefore": "",
                    "certNotAfter": "",
                    "certRFC9440": "",
                    "certRFC9440TooLarge": false,
                    "certChainRFC9440": "",
                    "certChainRFC9440TooLarge": false
                },
                "verifiedBotCategory": "",
                "edgeL4": {
                    "deliveryRate": 7483435
                }
            }
        },
        "response": {
            "status": 200
        }
    }
}
{
    "wallTime": 22,
    "cpuTime": 19,
    "truncated": false,
    "executionModel": "stateless",
    "outcome": "ok",
    "scriptVersion": {
        "id": "0141b03b-16aa-463f-bb04-28cc99b32179"
    },
    "scriptName": "vme-ips-reflection",
    "diagnosticsChannelEvents": [],
    "exceptions": [],
    "logs": [],
    "eventTimestamp": 1779102229221,
    "event": {
        "request": {
            "url": "https://vme-ips.denmasterfa.com/login",
            "method": "GET",
            "headers": {
                "accept": "text/html,application/xhtml+xml,application/xml;q=0.9,image/avif,image/webp,image/apng,*/*;q=0.8,application/signed-exchange;v=b3;q=0.7",
                "accept-encoding": "gzip, br",
                "accept-language": "th-TH,th;q=0.9,en-US;q=0.8,en;q=0.7",
                "cache-control": "max-age=0",
                "cf-connecting-ip": "223.24.199.235",
                "cf-ipcountry": "TH",
                "cf-ray": "9fda60a48db014aa",
                "cf-visitor": "{\"scheme\":\"https\"}",
                "connection": "Keep-Alive",
                "host": "vme-ips.denmasterfa.com",
                "priority": "u=0, i",
                "sec-ch-ua": "\"Chromium\";v=\"146\", \"Not-A.Brand\";v=\"24\", \"Microsoft Edge\";v=\"146\"",
                "sec-ch-ua-mobile": "?1",
                "sec-ch-ua-platform": "\"Android\"",
                "sec-fetch-dest": "document",
                "sec-fetch-mode": "navigate",
                "sec-fetch-site": "same-origin",
                "sec-fetch-user": "?1",
                "upgrade-insecure-requests": "1",
                "user-agent": "Mozilla/5.0 (Linux; Android 10; K) AppleWebKit/537.36 (KHTML, like Gecko) Chrome/146.0.0.0 Mobile Safari/537.36 EdgA/146.0.0.0",
                "x-forwarded-proto": "https",
                "x-real-ip": "223.24.199.235"
            },
            "cf": {
                "httpProtocol": "HTTP/3",
                "clientAcceptEncoding": "gzip, deflate, br",
                "requestPriority": "",
                "edgeRequestKeepAliveStatus": 1,
                "requestHeaderNames": {},
                "clientTcpRtt": 0,
                "clientQuicRtt": 52,
                "colo": "BKK",
                "asn": 132618,
                "asOrganization": "GPRS/3G",
                "country": "TH",
                "isEUCountry": false,
                "city": "Bangkok",
                "continent": "AS",
                "region": "Bangkok",
                "regionCode": "10",
                "timezone": "Asia/Bangkok",
                "longitude": "100.50144",
                "latitude": "13.75398",
                "postalCode": "10200",
                "tlsVersion": "TLSv1.3",
                "tlsCipher": "AEAD-AES128-GCM-SHA256",
                "tlsClientRandom": "Kf5i9WVB6FC9mXlTT5G+d8J747gvEtN/TtWYwl9nzqQ=",
                "tlsClientCiphersSha1": "3HTt3+R/6BL3zeALJDSq0pR1yOQ=",
                "tlsClientExtensionsSha1": "PRWbElr6c7YU7t3sA3bfa+V/igM=",
                "tlsClientExtensionsSha1Le": "E8qQpj5QpamEp6k36jw5bd+p1cw=",
                "tlsClientHelloLength": "1501",
                "tlsClientAuth": {
                    "certPresented": "0",
                    "certVerified": "NONE",
                    "certRevoked": "0",
                    "certIssuerDN": "",
                    "certSubjectDN": "",
                    "certIssuerDNRFC2253": "",
                    "certSubjectDNRFC2253": "",
                    "certIssuerDNLegacy": "",
                    "certSubjectDNLegacy": "",
                    "certSerial": "",
                    "certIssuerSerial": "",
                    "certSKI": "",
                    "certIssuerSKI": "",
                    "certFingerprintSHA1": "",
                    "certFingerprintSHA256": "",
                    "certNotBefore": "",
                    "certNotAfter": "",
                    "certRFC9440": "",
                    "certRFC9440TooLarge": false,
                    "certChainRFC9440": "",
                    "certChainRFC9440TooLarge": false
                },
                "verifiedBotCategory": "",
                "edgeL4": {
                    "deliveryRate": 7483435
                }
            }
        },
        "response": {
            "status": 200
        }
    }
}
{
    "wallTime": 1,
    "cpuTime": 1,
    "truncated": false,
    "executionModel": "stateless",
    "outcome": "ok",
    "scriptVersion": {
        "id": "0141b03b-16aa-463f-bb04-28cc99b32179"
    },
    "scriptName": "vme-ips-reflection",
    "diagnosticsChannelEvents": [],
    "exceptions": [],
    "logs": [],
    "eventTimestamp": 1779102229564,
    "event": {
        "request": {
            "url": "https://vme-ips.denmasterfa.com/?_rsc=iKnYMpwRDMxan1zE",
            "method": "GET",
            "headers": {
                "accept": "*/*",
                "accept-encoding": "gzip, br",
                "accept-language": "th-TH,th;q=0.9,en-US;q=0.8,en;q=0.7",
                "cf-connecting-ip": "223.24.199.235",
                "cf-ipcountry": "TH",
                "cf-ray": "9fda60a69f7f14aa",
                "cf-visitor": "{\"scheme\":\"https\"}",
                "connection": "Keep-Alive",
                "host": "vme-ips.denmasterfa.com",
                "next-router-prefetch": "1",
                "next-router-state-tree": "%5B%22%22%2C%7B%22children%22%3A%5B%22(auth)%22%2C%7B%22children%22%3A%5B%22login%22%2C%7B%22children%22%3A%5B%22__PAGE__%22%2C%7B%7D%2Cnull%2Cnull%5D%7D%2Cnull%2Cnull%5D%7D%2Cnull%2Cnull%5D%7D%2Cnull%2Cnull%2Ctrue%5D",
                "next-url": "/login",
                "priority": "i",
                "referer": "https://vme-ips.denmasterfa.com/login",
                "rsc": "1",
                "sec-ch-ua": "\"Chromium\";v=\"146\", \"Not-A.Brand\";v=\"24\", \"Microsoft Edge\";v=\"146\"",
                "sec-ch-ua-mobile": "?1",
                "sec-ch-ua-platform": "\"Android\"",
                "sec-fetch-dest": "empty",
                "sec-fetch-mode": "cors",
                "sec-fetch-site": "same-origin",
                "user-agent": "Mozilla/5.0 (Linux; Android 10; K) AppleWebKit/537.36 (KHTML, like Gecko) Chrome/146.0.0.0 Mobile Safari/537.36 EdgA/146.0.0.0",
                "x-forwarded-proto": "https",
                "x-real-ip": "223.24.199.235"
            },
            "cf": {
                "httpProtocol": "HTTP/3",
                "clientAcceptEncoding": "gzip, deflate, br",
                "requestPriority": "",
                "edgeRequestKeepAliveStatus": 1,
                "requestHeaderNames": {},
                "clientTcpRtt": 0,
                "clientQuicRtt": 39,
                "colo": "BKK",
                "asn": 132618,
                "asOrganization": "GPRS/3G",
                "country": "TH",
                "isEUCountry": false,
                "city": "Bangkok",
                "continent": "AS",
                "region": "Bangkok",
                "regionCode": "10",
                "timezone": "Asia/Bangkok",
                "longitude": "100.50144",
                "latitude": "13.75398",
                "postalCode": "10200",
                "tlsVersion": "TLSv1.3",
                "tlsCipher": "AEAD-AES128-GCM-SHA256",
                "tlsClientRandom": "Kf5i9WVB6FC9mXlTT5G+d8J747gvEtN/TtWYwl9nzqQ=",
                "tlsClientCiphersSha1": "3HTt3+R/6BL3zeALJDSq0pR1yOQ=",
                "tlsClientExtensionsSha1": "PRWbElr6c7YU7t3sA3bfa+V/igM=",
                "tlsClientExtensionsSha1Le": "E8qQpj5QpamEp6k36jw5bd+p1cw=",
                "tlsClientHelloLength": "1501",
                "tlsClientAuth": {
                    "certPresented": "0",
                    "certVerified": "NONE",
                    "certRevoked": "0",
                    "certIssuerDN": "",
                    "certSubjectDN": "",
                    "certIssuerDNRFC2253": "",
                    "certSubjectDNRFC2253": "",
                    "certIssuerDNLegacy": "",
                    "certSubjectDNLegacy": "",
                    "certSerial": "",
                    "certIssuerSerial": "",
                    "certSKI": "",
                    "certIssuerSKI": "",
                    "certFingerprintSHA1": "",
                    "certFingerprintSHA256": "",
                    "certNotBefore": "",
                    "certNotAfter": "",
                    "certRFC9440": "",
                    "certRFC9440TooLarge": false,
                    "certChainRFC9440": "",
                    "certChainRFC9440TooLarge": false
                },
                "verifiedBotCategory": "",
                "edgeL4": {
                    "deliveryRate": 7483435
                }
            }
        },
        "response": {
            "status": 307
        }
    }
}
{
    "wallTime": 2,
    "cpuTime": 1,
    "truncated": false,
    "executionModel": "stateless",
    "outcome": "ok",
    "scriptVersion": {
        "id": "0141b03b-16aa-463f-bb04-28cc99b32179"
    },
    "scriptName": "vme-ips-reflection",
    "diagnosticsChannelEvents": [],
    "exceptions": [],
    "logs": [],
    "eventTimestamp": 1779102229569,
    "event": {
        "request": {
            "url": "https://vme-ips.denmasterfa.com/kaewsai?_rsc=iKnYMpwRDMxan1zE",
            "method": "GET",
            "headers": {
                "accept": "*/*",
                "accept-encoding": "gzip, br",
                "accept-language": "th-TH,th;q=0.9,en-US;q=0.8,en;q=0.7",
                "cf-connecting-ip": "223.24.199.235",
                "cf-ipcountry": "TH",
                "cf-ray": "9fda60a69f8b14aa",
                "cf-visitor": "{\"scheme\":\"https\"}",
                "connection": "Keep-Alive",
                "host": "vme-ips.denmasterfa.com",
                "next-router-prefetch": "1",
                "next-router-state-tree": "%5B%22%22%2C%7B%22children%22%3A%5B%22(auth)%22%2C%7B%22children%22%3A%5B%22login%22%2C%7B%22children%22%3A%5B%22__PAGE__%22%2C%7B%7D%2Cnull%2Cnull%5D%7D%2Cnull%2Cnull%5D%7D%2Cnull%2Cnull%5D%7D%2Cnull%2Cnull%2Ctrue%5D",
                "next-url": "/login",
                "priority": "i",
                "referer": "https://vme-ips.denmasterfa.com/login",
                "rsc": "1",
                "sec-ch-ua": "\"Chromium\";v=\"146\", \"Not-A.Brand\";v=\"24\", \"Microsoft Edge\";v=\"146\"",
                "sec-ch-ua-mobile": "?1",
                "sec-ch-ua-platform": "\"Android\"",
                "sec-fetch-dest": "empty",
                "sec-fetch-mode": "cors",
                "sec-fetch-site": "same-origin",
                "user-agent": "Mozilla/5.0 (Linux; Android 10; K) AppleWebKit/537.36 (KHTML, like Gecko) Chrome/146.0.0.0 Mobile Safari/537.36 EdgA/146.0.0.0",
                "x-forwarded-proto": "https",
                "x-real-ip": "223.24.199.235"
            },
            "cf": {
                "httpProtocol": "HTTP/3",
                "clientAcceptEncoding": "gzip, deflate, br",
                "requestPriority": "",
                "edgeRequestKeepAliveStatus": 1,
                "requestHeaderNames": {},
                "clientTcpRtt": 0,
                "clientQuicRtt": 39,
                "colo": "BKK",
                "asn": 132618,
                "asOrganization": "GPRS/3G",
                "country": "TH",
                "isEUCountry": false,
                "city": "Bangkok",
                "continent": "AS",
                "region": "Bangkok",
                "regionCode": "10",
                "timezone": "Asia/Bangkok",
                "longitude": "100.50144",
                "latitude": "13.75398",
                "postalCode": "10200",
                "tlsVersion": "TLSv1.3",
                "tlsCipher": "AEAD-AES128-GCM-SHA256",
                "tlsClientRandom": "Kf5i9WVB6FC9mXlTT5G+d8J747gvEtN/TtWYwl9nzqQ=",
                "tlsClientCiphersSha1": "3HTt3+R/6BL3zeALJDSq0pR1yOQ=",
                "tlsClientExtensionsSha1": "PRWbElr6c7YU7t3sA3bfa+V/igM=",
                "tlsClientExtensionsSha1Le": "E8qQpj5QpamEp6k36jw5bd+p1cw=",
                "tlsClientHelloLength": "1501",
                "tlsClientAuth": {
                    "certPresented": "0",
                    "certVerified": "NONE",
                    "certRevoked": "0",
                    "certIssuerDN": "",
                    "certSubjectDN": "",
                    "certIssuerDNRFC2253": "",
                    "certSubjectDNRFC2253": "",
                    "certIssuerDNLegacy": "",
                    "certSubjectDNLegacy": "",
                    "certSerial": "",
                    "certIssuerSerial": "",
                    "certSKI": "",
                    "certIssuerSKI": "",
                    "certFingerprintSHA1": "",
                    "certFingerprintSHA256": "",
                    "certNotBefore": "",
                    "certNotAfter": "",
                    "certRFC9440": "",
                    "certRFC9440TooLarge": false,
                    "certChainRFC9440": "",
                    "certChainRFC9440TooLarge": false
                },
                "verifiedBotCategory": "",
                "edgeL4": {
                    "deliveryRate": 7483435
                }
            }
        },
        "response": {
            "status": 307
        }
    }
}
{
    "wallTime": 1,
    "cpuTime": 0,
    "truncated": false,
    "executionModel": "stateless",
    "outcome": "ok",
    "scriptVersion": {
        "id": "0141b03b-16aa-463f-bb04-28cc99b32179"
    },
    "scriptName": "vme-ips-reflection",
    "diagnosticsChannelEvents": [],
    "exceptions": [],
    "logs": [],
    "eventTimestamp": 1779102229577,
    "event": {
        "request": {
            "url": "https://vme-ips.denmasterfa.com/library?_rsc=iKnYMpwRDMxan1zE",
            "method": "GET",
            "headers": {
                "accept": "*/*",
                "accept-encoding": "gzip, br",
                "accept-language": "th-TH,th;q=0.9,en-US;q=0.8,en;q=0.7",
                "cf-connecting-ip": "223.24.199.235",
                "cf-ipcountry": "TH",
                "cf-ray": "9fda60a69f8714aa",
                "cf-visitor": "{\"scheme\":\"https\"}",
                "connection": "Keep-Alive",
                "host": "vme-ips.denmasterfa.com",
                "next-router-prefetch": "1",
                "next-router-state-tree": "%5B%22%22%2C%7B%22children%22%3A%5B%22(auth)%22%2C%7B%22children%22%3A%5B%22login%22%2C%7B%22children%22%3A%5B%22__PAGE__%22%2C%7B%7D%2Cnull%2Cnull%5D%7D%2Cnull%2Cnull%5D%7D%2Cnull%2Cnull%5D%7D%2Cnull%2Cnull%2Ctrue%5D",
                "next-url": "/login",
                "priority": "i",
                "referer": "https://vme-ips.denmasterfa.com/login",
                "rsc": "1",
                "sec-ch-ua": "\"Chromium\";v=\"146\", \"Not-A.Brand\";v=\"24\", \"Microsoft Edge\";v=\"146\"",
                "sec-ch-ua-mobile": "?1",
                "sec-ch-ua-platform": "\"Android\"",
                "sec-fetch-dest": "empty",
                "sec-fetch-mode": "cors",
                "sec-fetch-site": "same-origin",
                "user-agent": "Mozilla/5.0 (Linux; Android 10; K) AppleWebKit/537.36 (KHTML, like Gecko) Chrome/146.0.0.0 Mobile Safari/537.36 EdgA/146.0.0.0",
                "x-forwarded-proto": "https",
                "x-real-ip": "223.24.199.235"
            },
            "cf": {
                "httpProtocol": "HTTP/3",
                "clientAcceptEncoding": "gzip, deflate, br",
                "requestPriority": "",
                "edgeRequestKeepAliveStatus": 1,
                "requestHeaderNames": {},
                "clientTcpRtt": 0,
                "clientQuicRtt": 39,
                "colo": "BKK",
                "asn": 132618,
                "asOrganization": "GPRS/3G",
                "country": "TH",
                "isEUCountry": false,
                "city": "Bangkok",
                "continent": "AS",
                "region": "Bangkok",
                "regionCode": "10",
                "timezone": "Asia/Bangkok",
                "longitude": "100.50144",
                "latitude": "13.75398",
                "postalCode": "10200",
                "tlsVersion": "TLSv1.3",
                "tlsCipher": "AEAD-AES128-GCM-SHA256",
                "tlsClientRandom": "Kf5i9WVB6FC9mXlTT5G+d8J747gvEtN/TtWYwl9nzqQ=",
                "tlsClientCiphersSha1": "3HTt3+R/6BL3zeALJDSq0pR1yOQ=",
                "tlsClientExtensionsSha1": "PRWbElr6c7YU7t3sA3bfa+V/igM=",
                "tlsClientExtensionsSha1Le": "E8qQpj5QpamEp6k36jw5bd+p1cw=",
                "tlsClientHelloLength": "1501",
                "tlsClientAuth": {
                    "certPresented": "0",
                    "certVerified": "NONE",
                    "certRevoked": "0",
                    "certIssuerDN": "",
                    "certSubjectDN": "",
                    "certIssuerDNRFC2253": "",
                    "certSubjectDNRFC2253": "",
                    "certIssuerDNLegacy": "",
                    "certSubjectDNLegacy": "",
                    "certSerial": "",
                    "certIssuerSerial": "",
                    "certSKI": "",
                    "certIssuerSKI": "",
                    "certFingerprintSHA1": "",
                    "certFingerprintSHA256": "",
                    "certNotBefore": "",
                    "certNotAfter": "",
                    "certRFC9440": "",
                    "certRFC9440TooLarge": false,
                    "certChainRFC9440": "",
                    "certChainRFC9440TooLarge": false
                },
                "verifiedBotCategory": "",
                "edgeL4": {
                    "deliveryRate": 7483435
                }
            }
        },
        "response": {
            "status": 307
        }
    }
}
{
    "wallTime": 1,
    "cpuTime": 1,
    "truncated": false,
    "executionModel": "stateless",
    "outcome": "ok",
    "scriptVersion": {
        "id": "0141b03b-16aa-463f-bb04-28cc99b32179"
    },
    "scriptName": "vme-ips-reflection",
    "diagnosticsChannelEvents": [],
    "exceptions": [],
    "logs": [],
    "eventTimestamp": 1779102229580,
    "event": {
        "request": {
            "url": "https://vme-ips.denmasterfa.com/smart?_rsc=iKnYMpwRDMxan1zE",
            "method": "GET",
            "headers": {
                "accept": "*/*",
                "accept-encoding": "gzip, br",
                "accept-language": "th-TH,th;q=0.9,en-US;q=0.8,en;q=0.7",
                "cf-connecting-ip": "223.24.199.235",
                "cf-ipcountry": "TH",
                "cf-ray": "9fda60a69f8a14aa",
                "cf-visitor": "{\"scheme\":\"https\"}",
                "connection": "Keep-Alive",
                "host": "vme-ips.denmasterfa.com",
                "next-router-prefetch": "1",
                "next-router-state-tree": "%5B%22%22%2C%7B%22children%22%3A%5B%22(auth)%22%2C%7B%22children%22%3A%5B%22login%22%2C%7B%22children%22%3A%5B%22__PAGE__%22%2C%7B%7D%2Cnull%2Cnull%5D%7D%2Cnull%2Cnull%5D%7D%2Cnull%2Cnull%5D%7D%2Cnull%2Cnull%2Ctrue%5D",
                "next-url": "/login",
                "priority": "i",
                "referer": "https://vme-ips.denmasterfa.com/login",
                "rsc": "1",
                "sec-ch-ua": "\"Chromium\";v=\"146\", \"Not-A.Brand\";v=\"24\", \"Microsoft Edge\";v=\"146\"",
                "sec-ch-ua-mobile": "?1",
                "sec-ch-ua-platform": "\"Android\"",
                "sec-fetch-dest": "empty",
                "sec-fetch-mode": "cors",
                "sec-fetch-site": "same-origin",
                "user-agent": "Mozilla/5.0 (Linux; Android 10; K) AppleWebKit/537.36 (KHTML, like Gecko) Chrome/146.0.0.0 Mobile Safari/537.36 EdgA/146.0.0.0",
                "x-forwarded-proto": "https",
                "x-real-ip": "223.24.199.235"
            },
            "cf": {
                "httpProtocol": "HTTP/3",
                "clientAcceptEncoding": "gzip, deflate, br",
                "requestPriority": "",
                "edgeRequestKeepAliveStatus": 1,
                "requestHeaderNames": {},
                "clientTcpRtt": 0,
                "clientQuicRtt": 39,
                "colo": "BKK",
                "asn": 132618,
                "asOrganization": "GPRS/3G",
                "country": "TH",
                "isEUCountry": false,
                "city": "Bangkok",
                "continent": "AS",
                "region": "Bangkok",
                "regionCode": "10",
                "timezone": "Asia/Bangkok",
                "longitude": "100.50144",
                "latitude": "13.75398",
                "postalCode": "10200",
                "tlsVersion": "TLSv1.3",
                "tlsCipher": "AEAD-AES128-GCM-SHA256",
                "tlsClientRandom": "Kf5i9WVB6FC9mXlTT5G+d8J747gvEtN/TtWYwl9nzqQ=",
                "tlsClientCiphersSha1": "3HTt3+R/6BL3zeALJDSq0pR1yOQ=",
                "tlsClientExtensionsSha1": "PRWbElr6c7YU7t3sA3bfa+V/igM=",
                "tlsClientExtensionsSha1Le": "E8qQpj5QpamEp6k36jw5bd+p1cw=",
                "tlsClientHelloLength": "1501",
                "tlsClientAuth": {
                    "certPresented": "0",
                    "certVerified": "NONE",
                    "certRevoked": "0",
                    "certIssuerDN": "",
                    "certSubjectDN": "",
                    "certIssuerDNRFC2253": "",
                    "certSubjectDNRFC2253": "",
                    "certIssuerDNLegacy": "",
                    "certSubjectDNLegacy": "",
                    "certSerial": "",
                    "certIssuerSerial": "",
                    "certSKI": "",
                    "certIssuerSKI": "",
                    "certFingerprintSHA1": "",
                    "certFingerprintSHA256": "",
                    "certNotBefore": "",
                    "certNotAfter": "",
                    "certRFC9440": "",
                    "certRFC9440TooLarge": false,
                    "certChainRFC9440": "",
                    "certChainRFC9440TooLarge": false
                },
                "verifiedBotCategory": "",
                "edgeL4": {
                    "deliveryRate": 7483435
                }
            }
        },
        "response": {
            "status": 307
        }
    }
}
{
    "wallTime": 1,
    "cpuTime": 1,
    "truncated": false,
    "executionModel": "stateless",
    "outcome": "ok",
    "scriptVersion": {
        "id": "0141b03b-16aa-463f-bb04-28cc99b32179"
    },
    "scriptName": "vme-ips-reflection",
    "diagnosticsChannelEvents": [],
    "exceptions": [],
    "logs": [],
    "eventTimestamp": 1779102229585,
    "event": {
        "request": {
            "url": "https://vme-ips.denmasterfa.com/reflect?_rsc=iKnYMpwRDMxan1zE",
            "method": "GET",
            "headers": {
                "accept": "*/*",
                "accept-encoding": "gzip, br",
                "accept-language": "th-TH,th;q=0.9,en-US;q=0.8,en;q=0.7",
                "cf-connecting-ip": "223.24.199.235",
                "cf-ipcountry": "TH",
                "cf-ray": "9fda60a69f9014aa",
                "cf-visitor": "{\"scheme\":\"https\"}",
                "connection": "Keep-Alive",
                "host": "vme-ips.denmasterfa.com",
                "next-router-prefetch": "1",
                "next-router-state-tree": "%5B%22%22%2C%7B%22children%22%3A%5B%22(auth)%22%2C%7B%22children%22%3A%5B%22login%22%2C%7B%22children%22%3A%5B%22__PAGE__%22%2C%7B%7D%2Cnull%2Cnull%5D%7D%2Cnull%2Cnull%5D%7D%2Cnull%2Cnull%5D%7D%2Cnull%2Cnull%2Ctrue%5D",
                "next-url": "/login",
                "priority": "i",
                "referer": "https://vme-ips.denmasterfa.com/login",
                "rsc": "1",
                "sec-ch-ua": "\"Chromium\";v=\"146\", \"Not-A.Brand\";v=\"24\", \"Microsoft Edge\";v=\"146\"",
                "sec-ch-ua-mobile": "?1",
                "sec-ch-ua-platform": "\"Android\"",
                "sec-fetch-dest": "empty",
                "sec-fetch-mode": "cors",
                "sec-fetch-site": "same-origin",
                "user-agent": "Mozilla/5.0 (Linux; Android 10; K) AppleWebKit/537.36 (KHTML, like Gecko) Chrome/146.0.0.0 Mobile Safari/537.36 EdgA/146.0.0.0",
                "x-forwarded-proto": "https",
                "x-real-ip": "223.24.199.235"
            },
            "cf": {
                "httpProtocol": "HTTP/3",
                "clientAcceptEncoding": "gzip, deflate, br",
                "requestPriority": "",
                "edgeRequestKeepAliveStatus": 1,
                "requestHeaderNames": {},
                "clientTcpRtt": 0,
                "clientQuicRtt": 39,
                "colo": "BKK",
                "asn": 132618,
                "asOrganization": "GPRS/3G",
                "country": "TH",
                "isEUCountry": false,
                "city": "Bangkok",
                "continent": "AS",
                "region": "Bangkok",
                "regionCode": "10",
                "timezone": "Asia/Bangkok",
                "longitude": "100.50144",
                "latitude": "13.75398",
                "postalCode": "10200",
                "tlsVersion": "TLSv1.3",
                "tlsCipher": "AEAD-AES128-GCM-SHA256",
                "tlsClientRandom": "Kf5i9WVB6FC9mXlTT5G+d8J747gvEtN/TtWYwl9nzqQ=",
                "tlsClientCiphersSha1": "3HTt3+R/6BL3zeALJDSq0pR1yOQ=",
                "tlsClientExtensionsSha1": "PRWbElr6c7YU7t3sA3bfa+V/igM=",
                "tlsClientExtensionsSha1Le": "E8qQpj5QpamEp6k36jw5bd+p1cw=",
                "tlsClientHelloLength": "1501",
                "tlsClientAuth": {
                    "certPresented": "0",
                    "certVerified": "NONE",
                    "certRevoked": "0",
                    "certIssuerDN": "",
                    "certSubjectDN": "",
                    "certIssuerDNRFC2253": "",
                    "certSubjectDNRFC2253": "",
                    "certIssuerDNLegacy": "",
                    "certSubjectDNLegacy": "",
                    "certSerial": "",
                    "certIssuerSerial": "",
                    "certSKI": "",
                    "certIssuerSKI": "",
                    "certFingerprintSHA1": "",
                    "certFingerprintSHA256": "",
                    "certNotBefore": "",
                    "certNotAfter": "",
                    "certRFC9440": "",
                    "certRFC9440TooLarge": false,
                    "certChainRFC9440": "",
                    "certChainRFC9440TooLarge": false
                },
                "verifiedBotCategory": "",
                "edgeL4": {
                    "deliveryRate": 7483435
                }
            }
        },
        "response": {
            "status": 307
        }
    }
}
{
    "wallTime": 40,
    "cpuTime": 16,
    "truncated": false,
    "executionModel": "stateless",
    "outcome": "ok",
    "scriptVersion": {
        "id": "0141b03b-16aa-463f-bb04-28cc99b32179"
    },
    "scriptName": "vme-ips-reflection",
    "diagnosticsChannelEvents": [],
    "exceptions": [],
    "logs": [],
    "eventTimestamp": 1779102229662,
    "event": {
        "request": {
            "url": "https://vme-ips.denmasterfa.com/welcome",
            "method": "GET",
            "headers": {
                "accept": "*/*",
                "accept-encoding": "gzip, br",
                "accept-language": "th-TH,th;q=0.9,en-US;q=0.8,en;q=0.7",
                "cf-connecting-ip": "223.24.199.235",
                "cf-ipcountry": "TH",
                "cf-ray": "9fda60a7481114aa",
                "cf-visitor": "{\"scheme\":\"https\"}",
                "connection": "Keep-Alive",
                "host": "vme-ips.denmasterfa.com",
                "next-router-prefetch": "1",
                "next-router-state-tree": "%5B%22%22%2C%7B%22children%22%3A%5B%22(auth)%22%2C%7B%22children%22%3A%5B%22login%22%2C%7B%22children%22%3A%5B%22__PAGE__%22%2C%7B%7D%2Cnull%2Cnull%5D%7D%2Cnull%2Cnull%5D%7D%2Cnull%2Cnull%5D%7D%2Cnull%2Cnull%2Ctrue%5D",
                "next-url": "/login",
                "priority": "i",
                "referer": "https://vme-ips.denmasterfa.com/login",
                "rsc": "1",
                "sec-ch-ua": "\"Chromium\";v=\"146\", \"Not-A.Brand\";v=\"24\", \"Microsoft Edge\";v=\"146\"",
                "sec-ch-ua-mobile": "?1",
                "sec-ch-ua-platform": "\"Android\"",
                "sec-fetch-dest": "empty",
                "sec-fetch-mode": "cors",
                "sec-fetch-site": "same-origin",
                "user-agent": "Mozilla/5.0 (Linux; Android 10; K) AppleWebKit/537.36 (KHTML, like Gecko) Chrome/146.0.0.0 Mobile Safari/537.36 EdgA/146.0.0.0",
                "x-forwarded-proto": "https",
                "x-real-ip": "223.24.199.235"
            },
            "cf": {
                "httpProtocol": "HTTP/3",
                "clientAcceptEncoding": "gzip, deflate, br",
                "requestPriority": "",
                "edgeRequestKeepAliveStatus": 1,
                "requestHeaderNames": {},
                "clientTcpRtt": 0,
                "clientQuicRtt": 43,
                "colo": "BKK",
                "asn": 132618,
                "asOrganization": "GPRS/3G",
                "country": "TH",
                "isEUCountry": false,
                "city": "Bangkok",
                "continent": "AS",
                "region": "Bangkok",
                "regionCode": "10",
                "timezone": "Asia/Bangkok",
                "longitude": "100.50144",
                "latitude": "13.75398",
                "postalCode": "10200",
                "tlsVersion": "TLSv1.3",
                "tlsCipher": "AEAD-AES128-GCM-SHA256",
                "tlsClientRandom": "Kf5i9WVB6FC9mXlTT5G+d8J747gvEtN/TtWYwl9nzqQ=",
                "tlsClientCiphersSha1": "3HTt3+R/6BL3zeALJDSq0pR1yOQ=",
                "tlsClientExtensionsSha1": "PRWbElr6c7YU7t3sA3bfa+V/igM=",
                "tlsClientExtensionsSha1Le": "E8qQpj5QpamEp6k36jw5bd+p1cw=",
                "tlsClientHelloLength": "1501",
                "tlsClientAuth": {
                    "certPresented": "0",
                    "certVerified": "NONE",
                    "certRevoked": "0",
                    "certIssuerDN": "",
                    "certSubjectDN": "",
                    "certIssuerDNRFC2253": "",
                    "certSubjectDNRFC2253": "",
                    "certIssuerDNLegacy": "",
                    "certSubjectDNLegacy": "",
                    "certSerial": "",
                    "certIssuerSerial": "",
                    "certSKI": "",
                    "certIssuerSKI": "",
                    "certFingerprintSHA1": "",
                    "certFingerprintSHA256": "",
                    "certNotBefore": "",
                    "certNotAfter": "",
                    "certRFC9440": "",
                    "certRFC9440TooLarge": false,
                    "certChainRFC9440": "",
                    "certChainRFC9440TooLarge": false
                },
                "verifiedBotCategory": "",
                "edgeL4": {
                    "deliveryRate": 7483435
                }
            }
        },
        "response": {
            "status": 200
        }
    }
}
{
    "wallTime": 43,
    "cpuTime": 24,
    "truncated": false,
    "executionModel": "stateless",
    "outcome": "ok",
    "scriptVersion": {
        "id": "0141b03b-16aa-463f-bb04-28cc99b32179"
    },
    "scriptName": "vme-ips-reflection",
    "diagnosticsChannelEvents": [],
    "exceptions": [],
    "logs": [],
    "eventTimestamp": 1779102229667,
    "event": {
        "request": {
            "url": "https://vme-ips.denmasterfa.com/login",
            "method": "GET",
            "headers": {
                "accept": "*/*",
                "accept-encoding": "gzip, br",
                "accept-language": "th-TH,th;q=0.9,en-US;q=0.8,en;q=0.7",
                "cf-connecting-ip": "223.24.199.235",
                "cf-ipcountry": "TH",
                "cf-ray": "9fda60a7480f14aa",
                "cf-visitor": "{\"scheme\":\"https\"}",
                "connection": "Keep-Alive",
                "host": "vme-ips.denmasterfa.com",
                "next-router-prefetch": "1",
                "next-router-state-tree": "%5B%22%22%2C%7B%22children%22%3A%5B%22(auth)%22%2C%7B%22children%22%3A%5B%22login%22%2C%7B%22children%22%3A%5B%22__PAGE__%22%2C%7B%7D%2Cnull%2Cnull%5D%7D%2Cnull%2Cnull%5D%7D%2Cnull%2Cnull%5D%7D%2Cnull%2Cnull%2Ctrue%5D",
                "next-url": "/login",
                "priority": "i",
                "referer": "https://vme-ips.denmasterfa.com/login",
                "rsc": "1",
                "sec-ch-ua": "\"Chromium\";v=\"146\", \"Not-A.Brand\";v=\"24\", \"Microsoft Edge\";v=\"146\"",
                "sec-ch-ua-mobile": "?1",
                "sec-ch-ua-platform": "\"Android\"",
                "sec-fetch-dest": "empty",
                "sec-fetch-mode": "cors",
                "sec-fetch-site": "same-origin",
                "user-agent": "Mozilla/5.0 (Linux; Android 10; K) AppleWebKit/537.36 (KHTML, like Gecko) Chrome/146.0.0.0 Mobile Safari/537.36 EdgA/146.0.0.0",
                "x-forwarded-proto": "https",
                "x-real-ip": "223.24.199.235"
            },
            "cf": {
                "httpProtocol": "HTTP/3",
                "clientAcceptEncoding": "gzip, deflate, br",
                "requestPriority": "",
                "edgeRequestKeepAliveStatus": 1,
                "requestHeaderNames": {},
                "clientTcpRtt": 0,
                "clientQuicRtt": 43,
                "colo": "BKK",
                "asn": 132618,
                "asOrganization": "GPRS/3G",
                "country": "TH",
                "isEUCountry": false,
                "city": "Bangkok",
                "continent": "AS",
                "region": "Bangkok",
                "regionCode": "10",
                "timezone": "Asia/Bangkok",
                "longitude": "100.50144",
                "latitude": "13.75398",
                "postalCode": "10200",
                "tlsVersion": "TLSv1.3",
                "tlsCipher": "AEAD-AES128-GCM-SHA256",
                "tlsClientRandom": "Kf5i9WVB6FC9mXlTT5G+d8J747gvEtN/TtWYwl9nzqQ=",
                "tlsClientCiphersSha1": "3HTt3+R/6BL3zeALJDSq0pR1yOQ=",
                "tlsClientExtensionsSha1": "PRWbElr6c7YU7t3sA3bfa+V/igM=",
                "tlsClientExtensionsSha1Le": "E8qQpj5QpamEp6k36jw5bd+p1cw=",
                "tlsClientHelloLength": "1501",
                "tlsClientAuth": {
                    "certPresented": "0",
                    "certVerified": "NONE",
                    "certRevoked": "0",
                    "certIssuerDN": "",
                    "certSubjectDN": "",
                    "certIssuerDNRFC2253": "",
                    "certSubjectDNRFC2253": "",
                    "certIssuerDNLegacy": "",
                    "certSubjectDNLegacy": "",
                    "certSerial": "",
                    "certIssuerSerial": "",
                    "certSKI": "",
                    "certIssuerSKI": "",
                    "certFingerprintSHA1": "",
                    "certFingerprintSHA256": "",
                    "certNotBefore": "",
                    "certNotAfter": "",
                    "certRFC9440": "",
                    "certRFC9440TooLarge": false,
                    "certChainRFC9440": "",
                    "certChainRFC9440TooLarge": false
                },
                "verifiedBotCategory": "",
                "edgeL4": {
                    "deliveryRate": 7483435
                }
            }
        },
        "response": {
            "status": 200
        }
    }
}
{
    "wallTime": 1,
    "cpuTime": 1,
    "truncated": false,
    "executionModel": "stateless",
    "outcome": "ok",
    "scriptVersion": {
        "id": "0141b03b-16aa-463f-bb04-28cc99b32179"
    },
    "scriptName": "vme-ips-reflection",
    "diagnosticsChannelEvents": [],
    "exceptions": [],
    "logs": [],
    "eventTimestamp": 1779102229780,
    "event": {
        "request": {
            "url": "https://vme-ips.denmasterfa.com/profile?_rsc=iKnYMpwRDMxan1zE",
            "method": "GET",
            "headers": {
                "accept": "*/*",
                "accept-encoding": "gzip, br",
                "accept-language": "th-TH,th;q=0.9,en-US;q=0.8,en;q=0.7",
                "cf-connecting-ip": "223.24.199.235",
                "cf-ipcountry": "TH",
                "cf-ray": "9fda60a8091214aa",
                "cf-visitor": "{\"scheme\":\"https\"}",
                "connection": "Keep-Alive",
                "host": "vme-ips.denmasterfa.com",
                "next-router-prefetch": "1",
                "next-router-state-tree": "%5B%22%22%2C%7B%22children%22%3A%5B%22(auth)%22%2C%7B%22children%22%3A%5B%22login%22%2C%7B%22children%22%3A%5B%22__PAGE__%22%2C%7B%7D%2Cnull%2Cnull%5D%7D%2Cnull%2Cnull%5D%7D%2Cnull%2Cnull%5D%7D%2Cnull%2Cnull%2Ctrue%5D",
                "next-url": "/login",
                "priority": "i",
                "referer": "https://vme-ips.denmasterfa.com/login",
                "rsc": "1",
                "sec-ch-ua": "\"Chromium\";v=\"146\", \"Not-A.Brand\";v=\"24\", \"Microsoft Edge\";v=\"146\"",
                "sec-ch-ua-mobile": "?1",
                "sec-ch-ua-platform": "\"Android\"",
                "sec-fetch-dest": "empty",
                "sec-fetch-mode": "cors",
                "sec-fetch-site": "same-origin",
                "user-agent": "Mozilla/5.0 (Linux; Android 10; K) AppleWebKit/537.36 (KHTML, like Gecko) Chrome/146.0.0.0 Mobile Safari/537.36 EdgA/146.0.0.0",
                "x-forwarded-proto": "https",
                "x-real-ip": "223.24.199.235"
            },
            "cf": {
                "httpProtocol": "HTTP/3",
                "clientAcceptEncoding": "gzip, deflate, br",
                "requestPriority": "",
                "edgeRequestKeepAliveStatus": 1,
                "requestHeaderNames": {},
                "clientTcpRtt": 0,
                "clientQuicRtt": 41,
                "colo": "BKK",
                "asn": 132618,
                "asOrganization": "GPRS/3G",
                "country": "TH",
                "isEUCountry": false,
                "city": "Bangkok",
                "continent": "AS",
                "region": "Bangkok",
                "regionCode": "10",
                "timezone": "Asia/Bangkok",
                "longitude": "100.50144",
                "latitude": "13.75398",
                "postalCode": "10200",
                "tlsVersion": "TLSv1.3",
                "tlsCipher": "AEAD-AES128-GCM-SHA256",
                "tlsClientRandom": "Kf5i9WVB6FC9mXlTT5G+d8J747gvEtN/TtWYwl9nzqQ=",
                "tlsClientCiphersSha1": "3HTt3+R/6BL3zeALJDSq0pR1yOQ=",
                "tlsClientExtensionsSha1": "PRWbElr6c7YU7t3sA3bfa+V/igM=",
                "tlsClientExtensionsSha1Le": "E8qQpj5QpamEp6k36jw5bd+p1cw=",
                "tlsClientHelloLength": "1501",
                "tlsClientAuth": {
                    "certPresented": "0",
                    "certVerified": "NONE",
                    "certRevoked": "0",
                    "certIssuerDN": "",
                    "certSubjectDN": "",
                    "certIssuerDNRFC2253": "",
                    "certSubjectDNRFC2253": "",
                    "certIssuerDNLegacy": "",
                    "certSubjectDNLegacy": "",
                    "certSerial": "",
                    "certIssuerSerial": "",
                    "certSKI": "",
                    "certIssuerSKI": "",
                    "certFingerprintSHA1": "",
                    "certFingerprintSHA256": "",
                    "certNotBefore": "",
                    "certNotAfter": "",
                    "certRFC9440": "",
                    "certRFC9440TooLarge": false,
                    "certChainRFC9440": "",
                    "certChainRFC9440TooLarge": false
                },
                "verifiedBotCategory": "",
                "edgeL4": {
                    "deliveryRate": 7483435
                }
            }
        },
        "response": {
            "status": 307
        }
    }
}
{
    "wallTime": 19,
    "cpuTime": 16,
    "truncated": false,
    "executionModel": "stateless",
    "outcome": "ok",
    "scriptVersion": {
        "id": "0141b03b-16aa-463f-bb04-28cc99b32179"
    },
    "scriptName": "vme-ips-reflection",
    "diagnosticsChannelEvents": [],
    "exceptions": [],
    "logs": [],
    "eventTimestamp": 1779102229810,
    "event": {
        "request": {
            "url": "https://vme-ips.denmasterfa.com/login",
            "method": "GET",
            "headers": {
                "accept": "*/*",
                "accept-encoding": "gzip, br",
                "accept-language": "th-TH,th;q=0.9,en-US;q=0.8,en;q=0.7",
                "cf-connecting-ip": "223.24.199.235",
                "cf-ipcountry": "TH",
                "cf-ray": "9fda60a8192214aa",
                "cf-visitor": "{\"scheme\":\"https\"}",
                "connection": "Keep-Alive",
                "host": "vme-ips.denmasterfa.com",
                "next-router-prefetch": "1",
                "next-router-state-tree": "%5B%22%22%2C%7B%22children%22%3A%5B%22(auth)%22%2C%7B%22children%22%3A%5B%22login%22%2C%7B%22children%22%3A%5B%22__PAGE__%22%2C%7B%7D%2Cnull%2Cnull%5D%7D%2Cnull%2Cnull%5D%7D%2Cnull%2Cnull%5D%7D%2Cnull%2Cnull%2Ctrue%5D",
                "next-url": "/login",
                "priority": "i",
                "referer": "https://vme-ips.denmasterfa.com/login",
                "rsc": "1",
                "sec-ch-ua": "\"Chromium\";v=\"146\", \"Not-A.Brand\";v=\"24\", \"Microsoft Edge\";v=\"146\"",
                "sec-ch-ua-mobile": "?1",
                "sec-ch-ua-platform": "\"Android\"",
                "sec-fetch-dest": "empty",
                "sec-fetch-mode": "cors",
                "sec-fetch-site": "same-origin",
                "user-agent": "Mozilla/5.0 (Linux; Android 10; K) AppleWebKit/537.36 (KHTML, like Gecko) Chrome/146.0.0.0 Mobile Safari/537.36 EdgA/146.0.0.0",
                "x-forwarded-proto": "https",
                "x-real-ip": "223.24.199.235"
            },
            "cf": {
                "httpProtocol": "HTTP/3",
                "clientAcceptEncoding": "gzip, deflate, br",
                "requestPriority": "",
                "edgeRequestKeepAliveStatus": 1,
                "requestHeaderNames": {},
                "clientTcpRtt": 0,
                "clientQuicRtt": 41,
                "colo": "BKK",
                "asn": 132618,
                "asOrganization": "GPRS/3G",
                "country": "TH",
                "isEUCountry": false,
                "city": "Bangkok",
                "continent": "AS",
                "region": "Bangkok",
                "regionCode": "10",
                "timezone": "Asia/Bangkok",
                "longitude": "100.50144",
                "latitude": "13.75398",
                "postalCode": "10200",
                "tlsVersion": "TLSv1.3",
                "tlsCipher": "AEAD-AES128-GCM-SHA256",
                "tlsClientRandom": "Kf5i9WVB6FC9mXlTT5G+d8J747gvEtN/TtWYwl9nzqQ=",
                "tlsClientCiphersSha1": "3HTt3+R/6BL3zeALJDSq0pR1yOQ=",
                "tlsClientExtensionsSha1": "PRWbElr6c7YU7t3sA3bfa+V/igM=",
                "tlsClientExtensionsSha1Le": "E8qQpj5QpamEp6k36jw5bd+p1cw=",
                "tlsClientHelloLength": "1501",
                "tlsClientAuth": {
                    "certPresented": "0",
                    "certVerified": "NONE",
                    "certRevoked": "0",
                    "certIssuerDN": "",
                    "certSubjectDN": "",
                    "certIssuerDNRFC2253": "",
                    "certSubjectDNRFC2253": "",
                    "certIssuerDNLegacy": "",
                    "certSubjectDNLegacy": "",
                    "certSerial": "",
                    "certIssuerSerial": "",
                    "certSKI": "",
                    "certIssuerSKI": "",
                    "certFingerprintSHA1": "",
                    "certFingerprintSHA256": "",
                    "certNotBefore": "",
                    "certNotAfter": "",
                    "certRFC9440": "",
                    "certRFC9440TooLarge": false,
                    "certChainRFC9440": "",
                    "certChainRFC9440TooLarge": false
                },
                "verifiedBotCategory": "",
                "edgeL4": {
                    "deliveryRate": 7483435
                }
            }
        },
        "response": {
            "status": 200
        }
    }
}
{
    "wallTime": 17,
    "cpuTime": 16,
    "truncated": false,
    "executionModel": "stateless",
    "outcome": "ok",
    "scriptVersion": {
        "id": "0141b03b-16aa-463f-bb04-28cc99b32179"
    },
    "scriptName": "vme-ips-reflection",
    "diagnosticsChannelEvents": [],
    "exceptions": [],
    "logs": [],
    "eventTimestamp": 1779102229908,
    "event": {
        "request": {
            "url": "https://vme-ips.denmasterfa.com/login",
            "method": "GET",
            "headers": {
                "accept": "*/*",
                "accept-encoding": "gzip, br",
                "accept-language": "th-TH,th;q=0.9,en-US;q=0.8,en;q=0.7",
                "cf-connecting-ip": "223.24.199.235",
                "cf-ipcountry": "TH",
                "cf-ray": "9fda60a8b99114aa",
                "cf-visitor": "{\"scheme\":\"https\"}",
                "connection": "Keep-Alive",
                "host": "vme-ips.denmasterfa.com",
                "next-router-prefetch": "1",
                "next-router-state-tree": "%5B%22%22%2C%7B%22children%22%3A%5B%22(auth)%22%2C%7B%22children%22%3A%5B%22login%22%2C%7B%22children%22%3A%5B%22__PAGE__%22%2C%7B%7D%2Cnull%2Cnull%5D%7D%2Cnull%2Cnull%5D%7D%2Cnull%2Cnull%5D%7D%2Cnull%2Cnull%2Ctrue%5D",
                "next-url": "/login",
                "priority": "i",
                "referer": "https://vme-ips.denmasterfa.com/login",
                "rsc": "1",
                "sec-ch-ua": "\"Chromium\";v=\"146\", \"Not-A.Brand\";v=\"24\", \"Microsoft Edge\";v=\"146\"",
                "sec-ch-ua-mobile": "?1",
                "sec-ch-ua-platform": "\"Android\"",
                "sec-fetch-dest": "empty",
                "sec-fetch-mode": "cors",
                "sec-fetch-site": "same-origin",
                "user-agent": "Mozilla/5.0 (Linux; Android 10; K) AppleWebKit/537.36 (KHTML, like Gecko) Chrome/146.0.0.0 Mobile Safari/537.36 EdgA/146.0.0.0",
                "x-forwarded-proto": "https",
                "x-real-ip": "223.24.199.235"
            },
            "cf": {
                "httpProtocol": "HTTP/3",
                "clientAcceptEncoding": "gzip, deflate, br",
                "requestPriority": "",
                "edgeRequestKeepAliveStatus": 1,
                "requestHeaderNames": {},
                "clientTcpRtt": 0,
                "clientQuicRtt": 38,
                "colo": "BKK",
                "asn": 132618,
                "asOrganization": "GPRS/3G",
                "country": "TH",
                "isEUCountry": false,
                "city": "Bangkok",
                "continent": "AS",
                "region": "Bangkok",
                "regionCode": "10",
                "timezone": "Asia/Bangkok",
                "longitude": "100.50144",
                "latitude": "13.75398",
                "postalCode": "10200",
                "tlsVersion": "TLSv1.3",
                "tlsCipher": "AEAD-AES128-GCM-SHA256",
                "tlsClientRandom": "Kf5i9WVB6FC9mXlTT5G+d8J747gvEtN/TtWYwl9nzqQ=",
                "tlsClientCiphersSha1": "3HTt3+R/6BL3zeALJDSq0pR1yOQ=",
                "tlsClientExtensionsSha1": "PRWbElr6c7YU7t3sA3bfa+V/igM=",
                "tlsClientExtensionsSha1Le": "E8qQpj5QpamEp6k36jw5bd+p1cw=",
                "tlsClientHelloLength": "1501",
                "tlsClientAuth": {
                    "certPresented": "0",
                    "certVerified": "NONE",
                    "certRevoked": "0",
                    "certIssuerDN": "",
                    "certSubjectDN": "",
                    "certIssuerDNRFC2253": "",
                    "certSubjectDNRFC2253": "",
                    "certIssuerDNLegacy": "",
                    "certSubjectDNLegacy": "",
                    "certSerial": "",
                    "certIssuerSerial": "",
                    "certSKI": "",
                    "certIssuerSKI": "",
                    "certFingerprintSHA1": "",
                    "certFingerprintSHA256": "",
                    "certNotBefore": "",
                    "certNotAfter": "",
                    "certRFC9440": "",
                    "certRFC9440TooLarge": false,
                    "certChainRFC9440": "",
                    "certChainRFC9440TooLarge": false
                },
                "verifiedBotCategory": "",
                "edgeL4": {
                    "deliveryRate": 7483435
                }
            }
        },
        "response": {
            "status": 200
        }
    }
}
{
    "wallTime": 23,
    "cpuTime": 23,
    "truncated": false,
    "executionModel": "stateless",
    "outcome": "ok",
    "scriptVersion": {
        "id": "0141b03b-16aa-463f-bb04-28cc99b32179"
    },
    "scriptName": "vme-ips-reflection",
    "diagnosticsChannelEvents": [],
    "exceptions": [],
    "logs": [],
    "eventTimestamp": 1779102230019,
    "event": {
        "request": {
            "url": "https://vme-ips.denmasterfa.com/login",
            "method": "GET",
            "headers": {
                "accept": "*/*",
                "accept-encoding": "gzip, br",
                "accept-language": "th-TH,th;q=0.9,en-US;q=0.8,en;q=0.7",
                "cf-connecting-ip": "223.24.199.235",
                "cf-ipcountry": "TH",
                "cf-ray": "9fda60a95a4014aa",
                "cf-visitor": "{\"scheme\":\"https\"}",
                "connection": "Keep-Alive",
                "host": "vme-ips.denmasterfa.com",
                "next-router-prefetch": "1",
                "next-router-state-tree": "%5B%22%22%2C%7B%22children%22%3A%5B%22(auth)%22%2C%7B%22children%22%3A%5B%22login%22%2C%7B%22children%22%3A%5B%22__PAGE__%22%2C%7B%7D%2Cnull%2Cnull%5D%7D%2Cnull%2Cnull%5D%7D%2Cnull%2Cnull%5D%7D%2Cnull%2Cnull%2Ctrue%5D",
                "next-url": "/login",
                "priority": "i",
                "referer": "https://vme-ips.denmasterfa.com/login",
                "rsc": "1",
                "sec-ch-ua": "\"Chromium\";v=\"146\", \"Not-A.Brand\";v=\"24\", \"Microsoft Edge\";v=\"146\"",
                "sec-ch-ua-mobile": "?1",
                "sec-ch-ua-platform": "\"Android\"",
                "sec-fetch-dest": "empty",
                "sec-fetch-mode": "cors",
                "sec-fetch-site": "same-origin",
                "user-agent": "Mozilla/5.0 (Linux; Android 10; K) AppleWebKit/537.36 (KHTML, like Gecko) Chrome/146.0.0.0 Mobile Safari/537.36 EdgA/146.0.0.0",
                "x-forwarded-proto": "https",
                "x-real-ip": "223.24.199.235"
            },
            "cf": {
                "httpProtocol": "HTTP/3",
                "clientAcceptEncoding": "gzip, deflate, br",
                "requestPriority": "",
                "edgeRequestKeepAliveStatus": 1,
                "requestHeaderNames": {},
                "clientTcpRtt": 0,
                "clientQuicRtt": 36,
                "colo": "BKK",
                "asn": 132618,
                "asOrganization": "GPRS/3G",
                "country": "TH",
                "isEUCountry": false,
                "city": "Bangkok",
                "continent": "AS",
                "region": "Bangkok",
                "regionCode": "10",
                "timezone": "Asia/Bangkok",
                "longitude": "100.50144",
                "latitude": "13.75398",
                "postalCode": "10200",
                "tlsVersion": "TLSv1.3",
                "tlsCipher": "AEAD-AES128-GCM-SHA256",
                "tlsClientRandom": "Kf5i9WVB6FC9mXlTT5G+d8J747gvEtN/TtWYwl9nzqQ=",
                "tlsClientCiphersSha1": "3HTt3+R/6BL3zeALJDSq0pR1yOQ=",
                "tlsClientExtensionsSha1": "PRWbElr6c7YU7t3sA3bfa+V/igM=",
                "tlsClientExtensionsSha1Le": "E8qQpj5QpamEp6k36jw5bd+p1cw=",
                "tlsClientHelloLength": "1501",
                "tlsClientAuth": {
                    "certPresented": "0",
                    "certVerified": "NONE",
                    "certRevoked": "0",
                    "certIssuerDN": "",
                    "certSubjectDN": "",
                    "certIssuerDNRFC2253": "",
                    "certSubjectDNRFC2253": "",
                    "certIssuerDNLegacy": "",
                    "certSubjectDNLegacy": "",
                    "certSerial": "",
                    "certIssuerSerial": "",
                    "certSKI": "",
                    "certIssuerSKI": "",
                    "certFingerprintSHA1": "",
                    "certFingerprintSHA256": "",
                    "certNotBefore": "",
                    "certNotAfter": "",
                    "certRFC9440": "",
                    "certRFC9440TooLarge": false,
                    "certChainRFC9440": "",
                    "certChainRFC9440TooLarge": false
                },
                "verifiedBotCategory": "",
                "edgeL4": {
                    "deliveryRate": 7483435
                }
            }
        },
        "response": {
            "status": 200
        }
    }
}
{
    "wallTime": 13,
    "cpuTime": 12,
    "truncated": false,
    "executionModel": "stateless",
    "outcome": "ok",
    "scriptVersion": {
        "id": "0141b03b-16aa-463f-bb04-28cc99b32179"
    },
    "scriptName": "vme-ips-reflection",
    "diagnosticsChannelEvents": [],
    "exceptions": [],
    "logs": [],
    "eventTimestamp": 1779102230122,
    "event": {
        "request": {
            "url": "https://vme-ips.denmasterfa.com/login",
            "method": "GET",
            "headers": {
                "accept": "*/*",
                "accept-encoding": "gzip, br",
                "accept-language": "th-TH,th;q=0.9,en-US;q=0.8,en;q=0.7",
                "cf-connecting-ip": "223.24.199.235",
                "cf-ipcountry": "TH",
                "cf-ray": "9fda60aa0ac014aa",
                "cf-visitor": "{\"scheme\":\"https\"}",
                "connection": "Keep-Alive",
                "host": "vme-ips.denmasterfa.com",
                "next-router-prefetch": "1",
                "next-router-state-tree": "%5B%22%22%2C%7B%22children%22%3A%5B%22(auth)%22%2C%7B%22children%22%3A%5B%22login%22%2C%7B%22children%22%3A%5B%22__PAGE__%22%2C%7B%7D%2Cnull%2Cnull%5D%7D%2Cnull%2Cnull%5D%7D%2Cnull%2Cnull%5D%7D%2Cnull%2Cnull%2Ctrue%5D",
                "next-url": "/login",
                "priority": "i",
                "referer": "https://vme-ips.denmasterfa.com/login",
                "rsc": "1",
                "sec-ch-ua": "\"Chromium\";v=\"146\", \"Not-A.Brand\";v=\"24\", \"Microsoft Edge\";v=\"146\"",
                "sec-ch-ua-mobile": "?1",
                "sec-ch-ua-platform": "\"Android\"",
                "sec-fetch-dest": "empty",
                "sec-fetch-mode": "cors",
                "sec-fetch-site": "same-origin",
                "user-agent": "Mozilla/5.0 (Linux; Android 10; K) AppleWebKit/537.36 (KHTML, like Gecko) Chrome/146.0.0.0 Mobile Safari/537.36 EdgA/146.0.0.0",
                "x-forwarded-proto": "https",
                "x-real-ip": "223.24.199.235"
            },
            "cf": {
                "httpProtocol": "HTTP/3",
                "clientAcceptEncoding": "gzip, deflate, br",
                "requestPriority": "",
                "edgeRequestKeepAliveStatus": 1,
                "requestHeaderNames": {},
                "clientTcpRtt": 0,
                "clientQuicRtt": 34,
                "colo": "BKK",
                "asn": 132618,
                "asOrganization": "GPRS/3G",
                "country": "TH",
                "isEUCountry": false,
                "city": "Bangkok",
                "continent": "AS",
                "region": "Bangkok",
                "regionCode": "10",
                "timezone": "Asia/Bangkok",
                "longitude": "100.50144",
                "latitude": "13.75398",
                "postalCode": "10200",
                "tlsVersion": "TLSv1.3",
                "tlsCipher": "AEAD-AES128-GCM-SHA256",
                "tlsClientRandom": "Kf5i9WVB6FC9mXlTT5G+d8J747gvEtN/TtWYwl9nzqQ=",
                "tlsClientCiphersSha1": "3HTt3+R/6BL3zeALJDSq0pR1yOQ=",
                "tlsClientExtensionsSha1": "PRWbElr6c7YU7t3sA3bfa+V/igM=",
                "tlsClientExtensionsSha1Le": "E8qQpj5QpamEp6k36jw5bd+p1cw=",
                "tlsClientHelloLength": "1501",
                "tlsClientAuth": {
                    "certPresented": "0",
                    "certVerified": "NONE",
                    "certRevoked": "0",
                    "certIssuerDN": "",
                    "certSubjectDN": "",
                    "certIssuerDNRFC2253": "",
                    "certSubjectDNRFC2253": "",
                    "certIssuerDNLegacy": "",
                    "certSubjectDNLegacy": "",
                    "certSerial": "",
                    "certIssuerSerial": "",
                    "certSKI": "",
                    "certIssuerSKI": "",
                    "certFingerprintSHA1": "",
                    "certFingerprintSHA256": "",
                    "certNotBefore": "",
                    "certNotAfter": "",
                    "certRFC9440": "",
                    "certRFC9440TooLarge": false,
                    "certChainRFC9440": "",
                    "certChainRFC9440TooLarge": false
                },
                "verifiedBotCategory": "",
                "edgeL4": {
                    "deliveryRate": 7483435
                }
            }
        },
        "response": {
            "status": 200
        }
    }
}
{
    "wallTime": 16,
    "cpuTime": 15,
    "truncated": false,
    "executionModel": "stateless",
    "outcome": "ok",
    "scriptVersion": {
        "id": "0141b03b-16aa-463f-bb04-28cc99b32179"
    },
    "scriptName": "vme-ips-reflection",
    "diagnosticsChannelEvents": [],
    "exceptions": [],
    "logs": [],
    "eventTimestamp": 1779102231225,
    "event": {
        "request": {
            "url": "https://vme-ips.denmasterfa.com/login",
            "method": "GET",
            "headers": {
                "accept": "text/html,application/xhtml+xml,application/xml;q=0.9,image/avif,image/webp,image/apng,*/*;q=0.8,application/signed-exchange;v=b3;q=0.7",
                "accept-encoding": "gzip, br",
                "accept-language": "th-TH,th;q=0.9,en-US;q=0.8,en;q=0.7",
                "cache-control": "max-age=0",
                "cf-connecting-ip": "223.24.199.235",
                "cf-ipcountry": "TH",
                "cf-ray": "9fda60b11aa114aa",
                "cf-visitor": "{\"scheme\":\"https\"}",
                "connection": "Keep-Alive",
                "host": "vme-ips.denmasterfa.com",
                "priority": "u=0, i",
                "sec-ch-ua": "\"Chromium\";v=\"146\", \"Not-A.Brand\";v=\"24\", \"Microsoft Edge\";v=\"146\"",
                "sec-ch-ua-mobile": "?1",
                "sec-ch-ua-platform": "\"Android\"",
                "sec-fetch-dest": "document",
                "sec-fetch-mode": "navigate",
                "sec-fetch-site": "same-origin",
                "sec-fetch-user": "?1",
                "upgrade-insecure-requests": "1",
                "user-agent": "Mozilla/5.0 (Linux; Android 10; K) AppleWebKit/537.36 (KHTML, like Gecko) Chrome/146.0.0.0 Mobile Safari/537.36 EdgA/146.0.0.0",
                "x-forwarded-proto": "https",
                "x-real-ip": "223.24.199.235"
            },
            "cf": {
                "httpProtocol": "HTTP/3",
                "clientAcceptEncoding": "gzip, deflate, br",
                "requestPriority": "",
                "edgeRequestKeepAliveStatus": 1,
                "requestHeaderNames": {},
                "clientTcpRtt": 0,
                "clientQuicRtt": 33,
                "colo": "BKK",
                "asn": 132618,
                "asOrganization": "GPRS/3G",
                "country": "TH",
                "isEUCountry": false,
                "city": "Bangkok",
                "continent": "AS",
                "region": "Bangkok",
                "regionCode": "10",
                "timezone": "Asia/Bangkok",
                "longitude": "100.50144",
                "latitude": "13.75398",
                "postalCode": "10200",
                "tlsVersion": "TLSv1.3",
                "tlsCipher": "AEAD-AES128-GCM-SHA256",
                "tlsClientRandom": "Kf5i9WVB6FC9mXlTT5G+d8J747gvEtN/TtWYwl9nzqQ=",
                "tlsClientCiphersSha1": "3HTt3+R/6BL3zeALJDSq0pR1yOQ=",
                "tlsClientExtensionsSha1": "PRWbElr6c7YU7t3sA3bfa+V/igM=",
                "tlsClientExtensionsSha1Le": "E8qQpj5QpamEp6k36jw5bd+p1cw=",
                "tlsClientHelloLength": "1501",
                "tlsClientAuth": {
                    "certPresented": "0",
                    "certVerified": "NONE",
                    "certRevoked": "0",
                    "certIssuerDN": "",
                    "certSubjectDN": "",
                    "certIssuerDNRFC2253": "",
                    "certSubjectDNRFC2253": "",
                    "certIssuerDNLegacy": "",
                    "certSubjectDNLegacy": "",
                    "certSerial": "",
                    "certIssuerSerial": "",
                    "certSKI": "",
                    "certIssuerSKI": "",
                    "certFingerprintSHA1": "",
                    "certFingerprintSHA256": "",
                    "certNotBefore": "",
                    "certNotAfter": "",
                    "certRFC9440": "",
                    "certRFC9440TooLarge": false,
                    "certChainRFC9440": "",
                    "certChainRFC9440TooLarge": false
                },
                "verifiedBotCategory": "",
                "edgeL4": {
                    "deliveryRate": 7483435
                }
            }
        },
        "response": {
            "status": 200
        }
    }
}
{
    "wallTime": 1,
    "cpuTime": 1,
    "truncated": false,
    "executionModel": "stateless",
    "outcome": "ok",
    "scriptVersion": {
        "id": "0141b03b-16aa-463f-bb04-28cc99b32179"
    },
    "scriptName": "vme-ips-reflection",
    "diagnosticsChannelEvents": [],
    "exceptions": [],
    "logs": [],
    "eventTimestamp": 1779102231750,
    "event": {
        "request": {
            "url": "https://vme-ips.denmasterfa.com/smart?_rsc=iKnYMpwRDMxan1zE",
            "method": "GET",
            "headers": {
                "accept": "*/*",
                "accept-encoding": "gzip, br",
                "accept-language": "th-TH,th;q=0.9,en-US;q=0.8,en;q=0.7",
                "cf-connecting-ip": "223.24.199.235",
                "cf-ipcountry": "TH",
                "cf-ray": "9fda60b46d9b14aa",
                "cf-visitor": "{\"scheme\":\"https\"}",
                "connection": "Keep-Alive",
                "host": "vme-ips.denmasterfa.com",
                "next-router-prefetch": "1",
                "next-router-state-tree": "%5B%22%22%2C%7B%22children%22%3A%5B%22(auth)%22%2C%7B%22children%22%3A%5B%22login%22%2C%7B%22children%22%3A%5B%22__PAGE__%22%2C%7B%7D%2Cnull%2Cnull%5D%7D%2Cnull%2Cnull%5D%7D%2Cnull%2Cnull%5D%7D%2Cnull%2Cnull%2Ctrue%5D",
                "next-url": "/login",
                "priority": "i",
                "referer": "https://vme-ips.denmasterfa.com/login",
                "rsc": "1",
                "sec-ch-ua": "\"Chromium\";v=\"146\", \"Not-A.Brand\";v=\"24\", \"Microsoft Edge\";v=\"146\"",
                "sec-ch-ua-mobile": "?1",
                "sec-ch-ua-platform": "\"Android\"",
                "sec-fetch-dest": "empty",
                "sec-fetch-mode": "cors",
                "sec-fetch-site": "same-origin",
                "user-agent": "Mozilla/5.0 (Linux; Android 10; K) AppleWebKit/537.36 (KHTML, like Gecko) Chrome/146.0.0.0 Mobile Safari/537.36 EdgA/146.0.0.0",
                "x-forwarded-proto": "https",
                "x-real-ip": "223.24.199.235"
            },
            "cf": {
                "httpProtocol": "HTTP/3",
                "clientAcceptEncoding": "gzip, deflate, br",
                "requestPriority": "",
                "edgeRequestKeepAliveStatus": 1,
                "requestHeaderNames": {},
                "clientTcpRtt": 0,
                "clientQuicRtt": 89,
                "colo": "BKK",
                "asn": 132618,
                "asOrganization": "GPRS/3G",
                "country": "TH",
                "isEUCountry": false,
                "city": "Bangkok",
                "continent": "AS",
                "region": "Bangkok",
                "regionCode": "10",
                "timezone": "Asia/Bangkok",
                "longitude": "100.50144",
                "latitude": "13.75398",
                "postalCode": "10200",
                "tlsVersion": "TLSv1.3",
                "tlsCipher": "AEAD-AES128-GCM-SHA256",
                "tlsClientRandom": "Kf5i9WVB6FC9mXlTT5G+d8J747gvEtN/TtWYwl9nzqQ=",
                "tlsClientCiphersSha1": "3HTt3+R/6BL3zeALJDSq0pR1yOQ=",
                "tlsClientExtensionsSha1": "PRWbElr6c7YU7t3sA3bfa+V/igM=",
                "tlsClientExtensionsSha1Le": "E8qQpj5QpamEp6k36jw5bd+p1cw=",
                "tlsClientHelloLength": "1501",
                "tlsClientAuth": {
                    "certPresented": "0",
                    "certVerified": "NONE",
                    "certRevoked": "0",
                    "certIssuerDN": "",
                    "certSubjectDN": "",
                    "certIssuerDNRFC2253": "",
                    "certSubjectDNRFC2253": "",
                    "certIssuerDNLegacy": "",
                    "certSubjectDNLegacy": "",
                    "certSerial": "",
                    "certIssuerSerial": "",
                    "certSKI": "",
                    "certIssuerSKI": "",
                    "certFingerprintSHA1": "",
                    "certFingerprintSHA256": "",
                    "certNotBefore": "",
                    "certNotAfter": "",
                    "certRFC9440": "",
                    "certRFC9440TooLarge": false,
                    "certChainRFC9440": "",
                    "certChainRFC9440TooLarge": false
                },
                "verifiedBotCategory": "",
                "edgeL4": {
                    "deliveryRate": 7483435
                }
            }
        },
        "response": {
            "status": 307
        }
    }
}
{
    "wallTime": 2,
    "cpuTime": 1,
    "truncated": false,
    "executionModel": "stateless",
    "outcome": "ok",
    "scriptVersion": {
        "id": "0141b03b-16aa-463f-bb04-28cc99b32179"
    },
    "scriptName": "vme-ips-reflection",
    "diagnosticsChannelEvents": [],
    "exceptions": [],
    "logs": [],
    "eventTimestamp": 1779102231750,
    "event": {
        "request": {
            "url": "https://vme-ips.denmasterfa.com/reflect?_rsc=iKnYMpwRDMxan1zE",
            "method": "GET",
            "headers": {
                "accept": "*/*",
                "accept-encoding": "gzip, br",
                "accept-language": "th-TH,th;q=0.9,en-US;q=0.8,en;q=0.7",
                "cf-connecting-ip": "223.24.199.235",
                "cf-ipcountry": "TH",
                "cf-ray": "9fda60b46d9f14aa",
                "cf-visitor": "{\"scheme\":\"https\"}",
                "connection": "Keep-Alive",
                "host": "vme-ips.denmasterfa.com",
                "next-router-prefetch": "1",
                "next-router-state-tree": "%5B%22%22%2C%7B%22children%22%3A%5B%22(auth)%22%2C%7B%22children%22%3A%5B%22login%22%2C%7B%22children%22%3A%5B%22__PAGE__%22%2C%7B%7D%2Cnull%2Cnull%5D%7D%2Cnull%2Cnull%5D%7D%2Cnull%2Cnull%5D%7D%2Cnull%2Cnull%2Ctrue%5D",
                "next-url": "/login",
                "priority": "i",
                "referer": "https://vme-ips.denmasterfa.com/login",
                "rsc": "1",
                "sec-ch-ua": "\"Chromium\";v=\"146\", \"Not-A.Brand\";v=\"24\", \"Microsoft Edge\";v=\"146\"",
                "sec-ch-ua-mobile": "?1",
                "sec-ch-ua-platform": "\"Android\"",
                "sec-fetch-dest": "empty",
                "sec-fetch-mode": "cors",
                "sec-fetch-site": "same-origin",
                "user-agent": "Mozilla/5.0 (Linux; Android 10; K) AppleWebKit/537.36 (KHTML, like Gecko) Chrome/146.0.0.0 Mobile Safari/537.36 EdgA/146.0.0.0",
                "x-forwarded-proto": "https",
                "x-real-ip": "223.24.199.235"
            },
            "cf": {
                "httpProtocol": "HTTP/3",
                "clientAcceptEncoding": "gzip, deflate, br",
                "requestPriority": "",
                "edgeRequestKeepAliveStatus": 1,
                "requestHeaderNames": {},
                "clientTcpRtt": 0,
                "clientQuicRtt": 89,
                "colo": "BKK",
                "asn": 132618,
                "asOrganization": "GPRS/3G",
                "country": "TH",
                "isEUCountry": false,
                "city": "Bangkok",
                "continent": "AS",
                "region": "Bangkok",
                "regionCode": "10",
                "timezone": "Asia/Bangkok",
                "longitude": "100.50144",
                "latitude": "13.75398",
                "postalCode": "10200",
                "tlsVersion": "TLSv1.3",
                "tlsCipher": "AEAD-AES128-GCM-SHA256",
                "tlsClientRandom": "Kf5i9WVB6FC9mXlTT5G+d8J747gvEtN/TtWYwl9nzqQ=",
                "tlsClientCiphersSha1": "3HTt3+R/6BL3zeALJDSq0pR1yOQ=",
                "tlsClientExtensionsSha1": "PRWbElr6c7YU7t3sA3bfa+V/igM=",
                "tlsClientExtensionsSha1Le": "E8qQpj5QpamEp6k36jw5bd+p1cw=",
                "tlsClientHelloLength": "1501",
                "tlsClientAuth": {
                    "certPresented": "0",
                    "certVerified": "NONE",
                    "certRevoked": "0",
                    "certIssuerDN": "",
                    "certSubjectDN": "",
                    "certIssuerDNRFC2253": "",
                    "certSubjectDNRFC2253": "",
                    "certIssuerDNLegacy": "",
                    "certSubjectDNLegacy": "",
                    "certSerial": "",
                    "certIssuerSerial": "",
                    "certSKI": "",
                    "certIssuerSKI": "",
                    "certFingerprintSHA1": "",
                    "certFingerprintSHA256": "",
                    "certNotBefore": "",
                    "certNotAfter": "",
                    "certRFC9440": "",
                    "certRFC9440TooLarge": false,
                    "certChainRFC9440": "",
                    "certChainRFC9440TooLarge": false
                },
                "verifiedBotCategory": "",
                "edgeL4": {
                    "deliveryRate": 7483435
                }
            }
        },
        "response": {
            "status": 307
        }
    }
}
{
    "wallTime": 1,
    "cpuTime": 1,
    "truncated": false,
    "executionModel": "stateless",
    "outcome": "ok",
    "scriptVersion": {
        "id": "0141b03b-16aa-463f-bb04-28cc99b32179"
    },
    "scriptName": "vme-ips-reflection",
    "diagnosticsChannelEvents": [],
    "exceptions": [],
    "logs": [],
    "eventTimestamp": 1779102231754,
    "event": {
        "request": {
            "url": "https://vme-ips.denmasterfa.com/?_rsc=iKnYMpwRDMxan1zE",
            "method": "GET",
            "headers": {
                "accept": "*/*",
                "accept-encoding": "gzip, br",
                "accept-language": "th-TH,th;q=0.9,en-US;q=0.8,en;q=0.7",
                "cf-connecting-ip": "223.24.199.235",
                "cf-ipcountry": "TH",
                "cf-ray": "9fda60b46d9a14aa",
                "cf-visitor": "{\"scheme\":\"https\"}",
                "connection": "Keep-Alive",
                "host": "vme-ips.denmasterfa.com",
                "next-router-prefetch": "1",
                "next-router-state-tree": "%5B%22%22%2C%7B%22children%22%3A%5B%22(auth)%22%2C%7B%22children%22%3A%5B%22login%22%2C%7B%22children%22%3A%5B%22__PAGE__%22%2C%7B%7D%2Cnull%2Cnull%5D%7D%2Cnull%2Cnull%5D%7D%2Cnull%2Cnull%5D%7D%2Cnull%2Cnull%2Ctrue%5D",
                "next-url": "/login",
                "priority": "i",
                "referer": "https://vme-ips.denmasterfa.com/login",
                "rsc": "1",
                "sec-ch-ua": "\"Chromium\";v=\"146\", \"Not-A.Brand\";v=\"24\", \"Microsoft Edge\";v=\"146\"",
                "sec-ch-ua-mobile": "?1",
                "sec-ch-ua-platform": "\"Android\"",
                "sec-fetch-dest": "empty",
                "sec-fetch-mode": "cors",
                "sec-fetch-site": "same-origin",
                "user-agent": "Mozilla/5.0 (Linux; Android 10; K) AppleWebKit/537.36 (KHTML, like Gecko) Chrome/146.0.0.0 Mobile Safari/537.36 EdgA/146.0.0.0",
                "x-forwarded-proto": "https",
                "x-real-ip": "223.24.199.235"
            },
            "cf": {
                "httpProtocol": "HTTP/3",
                "clientAcceptEncoding": "gzip, deflate, br",
                "requestPriority": "",
                "edgeRequestKeepAliveStatus": 1,
                "requestHeaderNames": {},
                "clientTcpRtt": 0,
                "clientQuicRtt": 89,
                "colo": "BKK",
                "asn": 132618,
                "asOrganization": "GPRS/3G",
                "country": "TH",
                "isEUCountry": false,
                "city": "Bangkok",
                "continent": "AS",
                "region": "Bangkok",
                "regionCode": "10",
                "timezone": "Asia/Bangkok",
                "longitude": "100.50144",
                "latitude": "13.75398",
                "postalCode": "10200",
                "tlsVersion": "TLSv1.3",
                "tlsCipher": "AEAD-AES128-GCM-SHA256",
                "tlsClientRandom": "Kf5i9WVB6FC9mXlTT5G+d8J747gvEtN/TtWYwl9nzqQ=",
                "tlsClientCiphersSha1": "3HTt3+R/6BL3zeALJDSq0pR1yOQ=",
                "tlsClientExtensionsSha1": "PRWbElr6c7YU7t3sA3bfa+V/igM=",
                "tlsClientExtensionsSha1Le": "E8qQpj5QpamEp6k36jw5bd+p1cw=",
                "tlsClientHelloLength": "1501",
                "tlsClientAuth": {
                    "certPresented": "0",
                    "certVerified": "NONE",
                    "certRevoked": "0",
                    "certIssuerDN": "",
                    "certSubjectDN": "",
                    "certIssuerDNRFC2253": "",
                    "certSubjectDNRFC2253": "",
                    "certIssuerDNLegacy": "",
                    "certSubjectDNLegacy": "",
                    "certSerial": "",
                    "certIssuerSerial": "",
                    "certSKI": "",
                    "certIssuerSKI": "",
                    "certFingerprintSHA1": "",
                    "certFingerprintSHA256": "",
                    "certNotBefore": "",
                    "certNotAfter": "",
                    "certRFC9440": "",
                    "certRFC9440TooLarge": false,
                    "certChainRFC9440": "",
                    "certChainRFC9440TooLarge": false
                },
                "verifiedBotCategory": "",
                "edgeL4": {
                    "deliveryRate": 7483435
                }
            }
        },
        "response": {
            "status": 307
        }
    }
}
{
    "wallTime": 1,
    "cpuTime": 0,
    "truncated": false,
    "executionModel": "stateless",
    "outcome": "ok",
    "scriptVersion": {
        "id": "0141b03b-16aa-463f-bb04-28cc99b32179"
    },
    "scriptName": "vme-ips-reflection",
    "diagnosticsChannelEvents": [],
    "exceptions": [],
    "logs": [],
    "eventTimestamp": 1779102231756,
    "event": {
        "request": {
            "url": "https://vme-ips.denmasterfa.com/kaewsai?_rsc=iKnYMpwRDMxan1zE",
            "method": "GET",
            "headers": {
                "accept": "*/*",
                "accept-encoding": "gzip, br",
                "accept-language": "th-TH,th;q=0.9,en-US;q=0.8,en;q=0.7",
                "cf-connecting-ip": "223.24.199.235",
                "cf-ipcountry": "TH",
                "cf-ray": "9fda60b46d9c14aa",
                "cf-visitor": "{\"scheme\":\"https\"}",
                "connection": "Keep-Alive",
                "host": "vme-ips.denmasterfa.com",
                "next-router-prefetch": "1",
                "next-router-state-tree": "%5B%22%22%2C%7B%22children%22%3A%5B%22(auth)%22%2C%7B%22children%22%3A%5B%22login%22%2C%7B%22children%22%3A%5B%22__PAGE__%22%2C%7B%7D%2Cnull%2Cnull%5D%7D%2Cnull%2Cnull%5D%7D%2Cnull%2Cnull%5D%7D%2Cnull%2Cnull%2Ctrue%5D",
                "next-url": "/login",
                "priority": "i",
                "referer": "https://vme-ips.denmasterfa.com/login",
                "rsc": "1",
                "sec-ch-ua": "\"Chromium\";v=\"146\", \"Not-A.Brand\";v=\"24\", \"Microsoft Edge\";v=\"146\"",
                "sec-ch-ua-mobile": "?1",
                "sec-ch-ua-platform": "\"Android\"",
                "sec-fetch-dest": "empty",
                "sec-fetch-mode": "cors",
                "sec-fetch-site": "same-origin",
                "user-agent": "Mozilla/5.0 (Linux; Android 10; K) AppleWebKit/537.36 (KHTML, like Gecko) Chrome/146.0.0.0 Mobile Safari/537.36 EdgA/146.0.0.0",
                "x-forwarded-proto": "https",
                "x-real-ip": "223.24.199.235"
            },
            "cf": {
                "httpProtocol": "HTTP/3",
                "clientAcceptEncoding": "gzip, deflate, br",
                "requestPriority": "",
                "edgeRequestKeepAliveStatus": 1,
                "requestHeaderNames": {},
                "clientTcpRtt": 0,
                "clientQuicRtt": 89,
                "colo": "BKK",
                "asn": 132618,
                "asOrganization": "GPRS/3G",
                "country": "TH",
                "isEUCountry": false,
                "city": "Bangkok",
                "continent": "AS",
                "region": "Bangkok",
                "regionCode": "10",
                "timezone": "Asia/Bangkok",
                "longitude": "100.50144",
                "latitude": "13.75398",
                "postalCode": "10200",
                "tlsVersion": "TLSv1.3",
                "tlsCipher": "AEAD-AES128-GCM-SHA256",
                "tlsClientRandom": "Kf5i9WVB6FC9mXlTT5G+d8J747gvEtN/TtWYwl9nzqQ=",
                "tlsClientCiphersSha1": "3HTt3+R/6BL3zeALJDSq0pR1yOQ=",
                "tlsClientExtensionsSha1": "PRWbElr6c7YU7t3sA3bfa+V/igM=",
                "tlsClientExtensionsSha1Le": "E8qQpj5QpamEp6k36jw5bd+p1cw=",
                "tlsClientHelloLength": "1501",
                "tlsClientAuth": {
                    "certPresented": "0",
                    "certVerified": "NONE",
                    "certRevoked": "0",
                    "certIssuerDN": "",
                    "certSubjectDN": "",
                    "certIssuerDNRFC2253": "",
                    "certSubjectDNRFC2253": "",
                    "certIssuerDNLegacy": "",
                    "certSubjectDNLegacy": "",
                    "certSerial": "",
                    "certIssuerSerial": "",
                    "certSKI": "",
                    "certIssuerSKI": "",
                    "certFingerprintSHA1": "",
                    "certFingerprintSHA256": "",
                    "certNotBefore": "",
                    "certNotAfter": "",
                    "certRFC9440": "",
                    "certRFC9440TooLarge": false,
                    "certChainRFC9440": "",
                    "certChainRFC9440TooLarge": false
                },
                "verifiedBotCategory": "",
                "edgeL4": {
                    "deliveryRate": 7483435
                }
            }
        },
        "response": {
            "status": 307
        }
    }
}
{
    "wallTime": 0,
    "cpuTime": 0,
    "truncated": false,
    "executionModel": "stateless",
    "outcome": "ok",
    "scriptVersion": {
        "id": "0141b03b-16aa-463f-bb04-28cc99b32179"
    },
    "scriptName": "vme-ips-reflection",
    "diagnosticsChannelEvents": [],
    "exceptions": [],
    "logs": [],
    "eventTimestamp": 1779102231753,
    "event": {
        "request": {
            "url": "https://vme-ips.denmasterfa.com/library?_rsc=iKnYMpwRDMxan1zE",
            "method": "GET",
            "headers": {
                "accept": "*/*",
                "accept-encoding": "gzip, br",
                "accept-language": "th-TH,th;q=0.9,en-US;q=0.8,en;q=0.7",
                "cf-connecting-ip": "223.24.199.235",
                "cf-ipcountry": "TH",
                "cf-ray": "9fda60b46d9e14aa",
                "cf-visitor": "{\"scheme\":\"https\"}",
                "connection": "Keep-Alive",
                "host": "vme-ips.denmasterfa.com",
                "next-router-prefetch": "1",
                "next-router-state-tree": "%5B%22%22%2C%7B%22children%22%3A%5B%22(auth)%22%2C%7B%22children%22%3A%5B%22login%22%2C%7B%22children%22%3A%5B%22__PAGE__%22%2C%7B%7D%2Cnull%2Cnull%5D%7D%2Cnull%2Cnull%5D%7D%2Cnull%2Cnull%5D%7D%2Cnull%2Cnull%2Ctrue%5D",
                "next-url": "/login",
                "priority": "i",
                "referer": "https://vme-ips.denmasterfa.com/login",
                "rsc": "1",
                "sec-ch-ua": "\"Chromium\";v=\"146\", \"Not-A.Brand\";v=\"24\", \"Microsoft Edge\";v=\"146\"",
                "sec-ch-ua-mobile": "?1",
                "sec-ch-ua-platform": "\"Android\"",
                "sec-fetch-dest": "empty",
                "sec-fetch-mode": "cors",
                "sec-fetch-site": "same-origin",
                "user-agent": "Mozilla/5.0 (Linux; Android 10; K) AppleWebKit/537.36 (KHTML, like Gecko) Chrome/146.0.0.0 Mobile Safari/537.36 EdgA/146.0.0.0",
                "x-forwarded-proto": "https",
                "x-real-ip": "223.24.199.235"
            },
            "cf": {
                "httpProtocol": "HTTP/3",
                "clientAcceptEncoding": "gzip, deflate, br",
                "requestPriority": "",
                "edgeRequestKeepAliveStatus": 1,
                "requestHeaderNames": {},
                "clientTcpRtt": 0,
                "clientQuicRtt": 89,
                "colo": "BKK",
                "asn": 132618,
                "asOrganization": "GPRS/3G",
                "country": "TH",
                "isEUCountry": false,
                "city": "Bangkok",
                "continent": "AS",
                "region": "Bangkok",
                "regionCode": "10",
                "timezone": "Asia/Bangkok",
                "longitude": "100.50144",
                "latitude": "13.75398",
                "postalCode": "10200",
                "tlsVersion": "TLSv1.3",
                "tlsCipher": "AEAD-AES128-GCM-SHA256",
                "tlsClientRandom": "Kf5i9WVB6FC9mXlTT5G+d8J747gvEtN/TtWYwl9nzqQ=",
                "tlsClientCiphersSha1": "3HTt3+R/6BL3zeALJDSq0pR1yOQ=",
                "tlsClientExtensionsSha1": "PRWbElr6c7YU7t3sA3bfa+V/igM=",
                "tlsClientExtensionsSha1Le": "E8qQpj5QpamEp6k36jw5bd+p1cw=",
                "tlsClientHelloLength": "1501",
                "tlsClientAuth": {
                    "certPresented": "0",
                    "certVerified": "NONE",
                    "certRevoked": "0",
                    "certIssuerDN": "",
                    "certSubjectDN": "",
                    "certIssuerDNRFC2253": "",
                    "certSubjectDNRFC2253": "",
                    "certIssuerDNLegacy": "",
                    "certSubjectDNLegacy": "",
                    "certSerial": "",
                    "certIssuerSerial": "",
                    "certSKI": "",
                    "certIssuerSKI": "",
                    "certFingerprintSHA1": "",
                    "certFingerprintSHA256": "",
                    "certNotBefore": "",
                    "certNotAfter": "",
                    "certRFC9440": "",
                    "certRFC9440TooLarge": false,
                    "certChainRFC9440": "",
                    "certChainRFC9440TooLarge": false
                },
                "verifiedBotCategory": "",
                "edgeL4": {
                    "deliveryRate": 7483435
                }
            }
        },
        "response": {
            "status": 307
        }
    }
}
{
    "wallTime": 38,
    "cpuTime": 19,
    "truncated": false,
    "executionModel": "stateless",
    "outcome": "ok",
    "scriptVersion": {
        "id": "0141b03b-16aa-463f-bb04-28cc99b32179"
    },
    "scriptName": "vme-ips-reflection",
    "diagnosticsChannelEvents": [],
    "exceptions": [],
    "logs": [],
    "eventTimestamp": 1779102231976,
    "event": {
        "request": {
            "url": "https://vme-ips.denmasterfa.com/login",
            "method": "GET",
            "headers": {
                "accept": "*/*",
                "accept-encoding": "gzip, br",
                "accept-language": "th-TH,th;q=0.9,en-US;q=0.8,en;q=0.7",
                "cf-connecting-ip": "223.24.199.235",
                "cf-ipcountry": "TH",
                "cf-ray": "9fda60b5cf1d14aa",
                "cf-visitor": "{\"scheme\":\"https\"}",
                "connection": "Keep-Alive",
                "host": "vme-ips.denmasterfa.com",
                "next-router-prefetch": "1",
                "next-router-state-tree": "%5B%22%22%2C%7B%22children%22%3A%5B%22(auth)%22%2C%7B%22children%22%3A%5B%22login%22%2C%7B%22children%22%3A%5B%22__PAGE__%22%2C%7B%7D%2Cnull%2Cnull%5D%7D%2Cnull%2Cnull%5D%7D%2Cnull%2Cnull%5D%7D%2Cnull%2Cnull%2Ctrue%5D",
                "next-url": "/login",
                "priority": "i",
                "referer": "https://vme-ips.denmasterfa.com/login",
                "rsc": "1",
                "sec-ch-ua": "\"Chromium\";v=\"146\", \"Not-A.Brand\";v=\"24\", \"Microsoft Edge\";v=\"146\"",
                "sec-ch-ua-mobile": "?1",
                "sec-ch-ua-platform": "\"Android\"",
                "sec-fetch-dest": "empty",
                "sec-fetch-mode": "cors",
                "sec-fetch-site": "same-origin",
                "user-agent": "Mozilla/5.0 (Linux; Android 10; K) AppleWebKit/537.36 (KHTML, like Gecko) Chrome/146.0.0.0 Mobile Safari/537.36 EdgA/146.0.0.0",
                "x-forwarded-proto": "https",
                "x-real-ip": "223.24.199.235"
            },
            "cf": {
                "httpProtocol": "HTTP/3",
                "clientAcceptEncoding": "gzip, deflate, br",
                "requestPriority": "",
                "edgeRequestKeepAliveStatus": 1,
                "requestHeaderNames": {},
                "clientTcpRtt": 0,
                "clientQuicRtt": 81,
                "colo": "BKK",
                "asn": 132618,
                "asOrganization": "GPRS/3G",
                "country": "TH",
                "isEUCountry": false,
                "city": "Bangkok",
                "continent": "AS",
                "region": "Bangkok",
                "regionCode": "10",
                "timezone": "Asia/Bangkok",
                "longitude": "100.50144",
                "latitude": "13.75398",
                "postalCode": "10200",
                "tlsVersion": "TLSv1.3",
                "tlsCipher": "AEAD-AES128-GCM-SHA256",
                "tlsClientRandom": "Kf5i9WVB6FC9mXlTT5G+d8J747gvEtN/TtWYwl9nzqQ=",
                "tlsClientCiphersSha1": "3HTt3+R/6BL3zeALJDSq0pR1yOQ=",
                "tlsClientExtensionsSha1": "PRWbElr6c7YU7t3sA3bfa+V/igM=",
                "tlsClientExtensionsSha1Le": "E8qQpj5QpamEp6k36jw5bd+p1cw=",
                "tlsClientHelloLength": "1501",
                "tlsClientAuth": {
                    "certPresented": "0",
                    "certVerified": "NONE",
                    "certRevoked": "0",
                    "certIssuerDN": "",
                    "certSubjectDN": "",
                    "certIssuerDNRFC2253": "",
                    "certSubjectDNRFC2253": "",
                    "certIssuerDNLegacy": "",
                    "certSubjectDNLegacy": "",
                    "certSerial": "",
                    "certIssuerSerial": "",
                    "certSKI": "",
                    "certIssuerSKI": "",
                    "certFingerprintSHA1": "",
                    "certFingerprintSHA256": "",
                    "certNotBefore": "",
                    "certNotAfter": "",
                    "certRFC9440": "",
                    "certRFC9440TooLarge": false,
                    "certChainRFC9440": "",
                    "certChainRFC9440TooLarge": false
                },
                "verifiedBotCategory": "",
                "edgeL4": {
                    "deliveryRate": 7483435
                }
            }
        },
        "response": {
            "status": 200
        }
    }
}
{
    "wallTime": 40,
    "cpuTime": 13,
    "truncated": false,
    "executionModel": "stateless",
    "outcome": "ok",
    "scriptVersion": {
        "id": "0141b03b-16aa-463f-bb04-28cc99b32179"
    },
    "scriptName": "vme-ips-reflection",
    "diagnosticsChannelEvents": [],
    "exceptions": [],
    "logs": [],
    "eventTimestamp": 1779102231979,
    "event": {
        "request": {
            "url": "https://vme-ips.denmasterfa.com/welcome",
            "method": "GET",
            "headers": {
                "accept": "*/*",
                "accept-encoding": "gzip, br",
                "accept-language": "th-TH,th;q=0.9,en-US;q=0.8,en;q=0.7",
                "cf-connecting-ip": "223.24.199.235",
                "cf-ipcountry": "TH",
                "cf-ray": "9fda60b5df3214aa",
                "cf-visitor": "{\"scheme\":\"https\"}",
                "connection": "Keep-Alive",
                "host": "vme-ips.denmasterfa.com",
                "next-router-prefetch": "1",
                "next-router-state-tree": "%5B%22%22%2C%7B%22children%22%3A%5B%22(auth)%22%2C%7B%22children%22%3A%5B%22login%22%2C%7B%22children%22%3A%5B%22__PAGE__%22%2C%7B%7D%2Cnull%2Cnull%5D%7D%2Cnull%2Cnull%5D%7D%2Cnull%2Cnull%5D%7D%2Cnull%2Cnull%2Ctrue%5D",
                "next-url": "/login",
                "priority": "i",
                "referer": "https://vme-ips.denmasterfa.com/login",
                "rsc": "1",
                "sec-ch-ua": "\"Chromium\";v=\"146\", \"Not-A.Brand\";v=\"24\", \"Microsoft Edge\";v=\"146\"",
                "sec-ch-ua-mobile": "?1",
                "sec-ch-ua-platform": "\"Android\"",
                "sec-fetch-dest": "empty",
                "sec-fetch-mode": "cors",
                "sec-fetch-site": "same-origin",
                "user-agent": "Mozilla/5.0 (Linux; Android 10; K) AppleWebKit/537.36 (KHTML, like Gecko) Chrome/146.0.0.0 Mobile Safari/537.36 EdgA/146.0.0.0",
                "x-forwarded-proto": "https",
                "x-real-ip": "223.24.199.235"
            },
            "cf": {
                "httpProtocol": "HTTP/3",
                "clientAcceptEncoding": "gzip, deflate, br",
                "requestPriority": "",
                "edgeRequestKeepAliveStatus": 1,
                "requestHeaderNames": {},
                "clientTcpRtt": 0,
                "clientQuicRtt": 95,
                "colo": "BKK",
                "asn": 132618,
                "asOrganization": "GPRS/3G",
                "country": "TH",
                "isEUCountry": false,
                "city": "Bangkok",
                "continent": "AS",
                "region": "Bangkok",
                "regionCode": "10",
                "timezone": "Asia/Bangkok",
                "longitude": "100.50144",
                "latitude": "13.75398",
                "postalCode": "10200",
                "tlsVersion": "TLSv1.3",
                "tlsCipher": "AEAD-AES128-GCM-SHA256",
                "tlsClientRandom": "Kf5i9WVB6FC9mXlTT5G+d8J747gvEtN/TtWYwl9nzqQ=",
                "tlsClientCiphersSha1": "3HTt3+R/6BL3zeALJDSq0pR1yOQ=",
                "tlsClientExtensionsSha1": "PRWbElr6c7YU7t3sA3bfa+V/igM=",
                "tlsClientExtensionsSha1Le": "E8qQpj5QpamEp6k36jw5bd+p1cw=",
                "tlsClientHelloLength": "1501",
                "tlsClientAuth": {
                    "certPresented": "0",
                    "certVerified": "NONE",
                    "certRevoked": "0",
                    "certIssuerDN": "",
                    "certSubjectDN": "",
                    "certIssuerDNRFC2253": "",
                    "certSubjectDNRFC2253": "",
                    "certIssuerDNLegacy": "",
                    "certSubjectDNLegacy": "",
                    "certSerial": "",
                    "certIssuerSerial": "",
                    "certSKI": "",
                    "certIssuerSKI": "",
                    "certFingerprintSHA1": "",
                    "certFingerprintSHA256": "",
                    "certNotBefore": "",
                    "certNotAfter": "",
                    "certRFC9440": "",
                    "certRFC9440TooLarge": false,
                    "certChainRFC9440": "",
                    "certChainRFC9440TooLarge": false
                },
                "verifiedBotCategory": "",
                "edgeL4": {
                    "deliveryRate": 7483435
                }
            }
        },
        "response": {
            "status": 200
        }
    }
}
{
    "wallTime": 1,
    "cpuTime": 1,
    "truncated": false,
    "executionModel": "stateless",
    "outcome": "ok",
    "scriptVersion": {
        "id": "0141b03b-16aa-463f-bb04-28cc99b32179"
    },
    "scriptName": "vme-ips-reflection",
    "diagnosticsChannelEvents": [],
    "exceptions": [],
    "logs": [],
    "eventTimestamp": 1779102232071,
    "event": {
        "request": {
            "url": "https://vme-ips.denmasterfa.com/profile?_rsc=iKnYMpwRDMxan1zE",
            "method": "GET",
            "headers": {
                "accept": "*/*",
                "accept-encoding": "gzip, br",
                "accept-language": "th-TH,th;q=0.9,en-US;q=0.8,en;q=0.7",
                "cf-connecting-ip": "223.24.199.235",
                "cf-ipcountry": "TH",
                "cf-ray": "9fda60b6681c14aa",
                "cf-visitor": "{\"scheme\":\"https\"}",
                "connection": "Keep-Alive",
                "host": "vme-ips.denmasterfa.com",
                "next-router-prefetch": "1",
                "next-router-state-tree": "%5B%22%22%2C%7B%22children%22%3A%5B%22(auth)%22%2C%7B%22children%22%3A%5B%22login%22%2C%7B%22children%22%3A%5B%22__PAGE__%22%2C%7B%7D%2Cnull%2Cnull%5D%7D%2Cnull%2Cnull%5D%7D%2Cnull%2Cnull%5D%7D%2Cnull%2Cnull%2Ctrue%5D",
                "next-url": "/login",
                "priority": "i",
                "referer": "https://vme-ips.denmasterfa.com/login",
                "rsc": "1",
                "sec-ch-ua": "\"Chromium\";v=\"146\", \"Not-A.Brand\";v=\"24\", \"Microsoft Edge\";v=\"146\"",
                "sec-ch-ua-mobile": "?1",
                "sec-ch-ua-platform": "\"Android\"",
                "sec-fetch-dest": "empty",
                "sec-fetch-mode": "cors",
                "sec-fetch-site": "same-origin",
                "user-agent": "Mozilla/5.0 (Linux; Android 10; K) AppleWebKit/537.36 (KHTML, like Gecko) Chrome/146.0.0.0 Mobile Safari/537.36 EdgA/146.0.0.0",
                "x-forwarded-proto": "https",
                "x-real-ip": "223.24.199.235"
            },
            "cf": {
                "httpProtocol": "HTTP/3",
                "clientAcceptEncoding": "gzip, deflate, br",
                "requestPriority": "",
                "edgeRequestKeepAliveStatus": 1,
                "requestHeaderNames": {},
                "clientTcpRtt": 0,
                "clientQuicRtt": 82,
                "colo": "BKK",
                "asn": 132618,
                "asOrganization": "GPRS/3G",
                "country": "TH",
                "isEUCountry": false,
                "city": "Bangkok",
                "continent": "AS",
                "region": "Bangkok",
                "regionCode": "10",
                "timezone": "Asia/Bangkok",
                "longitude": "100.50144",
                "latitude": "13.75398",
                "postalCode": "10200",
                "tlsVersion": "TLSv1.3",
                "tlsCipher": "AEAD-AES128-GCM-SHA256",
                "tlsClientRandom": "Kf5i9WVB6FC9mXlTT5G+d8J747gvEtN/TtWYwl9nzqQ=",
                "tlsClientCiphersSha1": "3HTt3+R/6BL3zeALJDSq0pR1yOQ=",
                "tlsClientExtensionsSha1": "PRWbElr6c7YU7t3sA3bfa+V/igM=",
                "tlsClientExtensionsSha1Le": "E8qQpj5QpamEp6k36jw5bd+p1cw=",
                "tlsClientHelloLength": "1501",
                "tlsClientAuth": {
                    "certPresented": "0",
                    "certVerified": "NONE",
                    "certRevoked": "0",
                    "certIssuerDN": "",
                    "certSubjectDN": "",
                    "certIssuerDNRFC2253": "",
                    "certSubjectDNRFC2253": "",
                    "certIssuerDNLegacy": "",
                    "certSubjectDNLegacy": "",
                    "certSerial": "",
                    "certIssuerSerial": "",
                    "certSKI": "",
                    "certIssuerSKI": "",
                    "certFingerprintSHA1": "",
                    "certFingerprintSHA256": "",
                    "certNotBefore": "",
                    "certNotAfter": "",
                    "certRFC9440": "",
                    "certRFC9440TooLarge": false,
                    "certChainRFC9440": "",
                    "certChainRFC9440TooLarge": false
                },
                "verifiedBotCategory": "",
                "edgeL4": {
                    "deliveryRate": 7483435
                }
            }
        },
        "response": {
            "status": 307
        }
    }
}
{
    "wallTime": 20,
    "cpuTime": 17,
    "truncated": false,
    "executionModel": "stateless",
    "outcome": "ok",
    "scriptVersion": {
        "id": "0141b03b-16aa-463f-bb04-28cc99b32179"
    },
    "scriptName": "vme-ips-reflection",
    "diagnosticsChannelEvents": [],
    "exceptions": [],
    "logs": [],
    "eventTimestamp": 1779102232071,
    "event": {
        "request": {
            "url": "https://vme-ips.denmasterfa.com/login",
            "method": "GET",
            "headers": {
                "accept": "*/*",
                "accept-encoding": "gzip, br",
                "accept-language": "th-TH,th;q=0.9,en-US;q=0.8,en;q=0.7",
                "cf-connecting-ip": "223.24.199.235",
                "cf-ipcountry": "TH",
                "cf-ray": "9fda60b6681d14aa",
                "cf-visitor": "{\"scheme\":\"https\"}",
                "connection": "Keep-Alive",
                "host": "vme-ips.denmasterfa.com",
                "next-router-prefetch": "1",
                "next-router-state-tree": "%5B%22%22%2C%7B%22children%22%3A%5B%22(auth)%22%2C%7B%22children%22%3A%5B%22login%22%2C%7B%22children%22%3A%5B%22__PAGE__%22%2C%7B%7D%2Cnull%2Cnull%5D%7D%2Cnull%2Cnull%5D%7D%2Cnull%2Cnull%5D%7D%2Cnull%2Cnull%2Ctrue%5D",
                "next-url": "/login",
                "priority": "i",
                "referer": "https://vme-ips.denmasterfa.com/login",
                "rsc": "1",
                "sec-ch-ua": "\"Chromium\";v=\"146\", \"Not-A.Brand\";v=\"24\", \"Microsoft Edge\";v=\"146\"",
                "sec-ch-ua-mobile": "?1",
                "sec-ch-ua-platform": "\"Android\"",
                "sec-fetch-dest": "empty",
                "sec-fetch-mode": "cors",
                "sec-fetch-site": "same-origin",
                "user-agent": "Mozilla/5.0 (Linux; Android 10; K) AppleWebKit/537.36 (KHTML, like Gecko) Chrome/146.0.0.0 Mobile Safari/537.36 EdgA/146.0.0.0",
                "x-forwarded-proto": "https",
                "x-real-ip": "223.24.199.235"
            },
            "cf": {
                "httpProtocol": "HTTP/3",
                "clientAcceptEncoding": "gzip, deflate, br",
                "requestPriority": "",
                "edgeRequestKeepAliveStatus": 1,
                "requestHeaderNames": {},
                "clientTcpRtt": 0,
                "clientQuicRtt": 82,
                "colo": "BKK",
                "asn": 132618,
                "asOrganization": "GPRS/3G",
                "country": "TH",
                "isEUCountry": false,
                "city": "Bangkok",
                "continent": "AS",
                "region": "Bangkok",
                "regionCode": "10",
                "timezone": "Asia/Bangkok",
                "longitude": "100.50144",
                "latitude": "13.75398",
                "postalCode": "10200",
                "tlsVersion": "TLSv1.3",
                "tlsCipher": "AEAD-AES128-GCM-SHA256",
                "tlsClientRandom": "Kf5i9WVB6FC9mXlTT5G+d8J747gvEtN/TtWYwl9nzqQ=",
                "tlsClientCiphersSha1": "3HTt3+R/6BL3zeALJDSq0pR1yOQ=",
                "tlsClientExtensionsSha1": "PRWbElr6c7YU7t3sA3bfa+V/igM=",
                "tlsClientExtensionsSha1Le": "E8qQpj5QpamEp6k36jw5bd+p1cw=",
                "tlsClientHelloLength": "1501",
                "tlsClientAuth": {
                    "certPresented": "0",
                    "certVerified": "NONE",
                    "certRevoked": "0",
                    "certIssuerDN": "",
                    "certSubjectDN": "",
                    "certIssuerDNRFC2253": "",
                    "certSubjectDNRFC2253": "",
                    "certIssuerDNLegacy": "",
                    "certSubjectDNLegacy": "",
                    "certSerial": "",
                    "certIssuerSerial": "",
                    "certSKI": "",
                    "certIssuerSKI": "",
                    "certFingerprintSHA1": "",
                    "certFingerprintSHA256": "",
                    "certNotBefore": "",
                    "certNotAfter": "",
                    "certRFC9440": "",
                    "certRFC9440TooLarge": false,
                    "certChainRFC9440": "",
                    "certChainRFC9440TooLarge": false
                },
                "verifiedBotCategory": "",
                "edgeL4": {
                    "deliveryRate": 7483435
                }
            }
        },
        "response": {
            "status": 200
        }
    }
}
{
    "wallTime": 18,
    "cpuTime": 16,
    "truncated": false,
    "executionModel": "stateless",
    "outcome": "ok",
    "scriptVersion": {
        "id": "0141b03b-16aa-463f-bb04-28cc99b32179"
    },
    "scriptName": "vme-ips-reflection",
    "diagnosticsChannelEvents": [],
    "exceptions": [],
    "logs": [],
    "eventTimestamp": 1779102232277,
    "event": {
        "request": {
            "url": "https://vme-ips.denmasterfa.com/login",
            "method": "GET",
            "headers": {
                "accept": "*/*",
                "accept-encoding": "gzip, br",
                "accept-language": "th-TH,th;q=0.9,en-US;q=0.8,en;q=0.7",
                "cf-connecting-ip": "223.24.199.235",
                "cf-ipcountry": "TH",
                "cf-ray": "9fda60b7b9c714aa",
                "cf-visitor": "{\"scheme\":\"https\"}",
                "connection": "Keep-Alive",
                "host": "vme-ips.denmasterfa.com",
                "next-router-prefetch": "1",
                "next-router-state-tree": "%5B%22%22%2C%7B%22children%22%3A%5B%22(auth)%22%2C%7B%22children%22%3A%5B%22login%22%2C%7B%22children%22%3A%5B%22__PAGE__%22%2C%7B%7D%2Cnull%2Cnull%5D%7D%2Cnull%2Cnull%5D%7D%2Cnull%2Cnull%5D%7D%2Cnull%2Cnull%2Ctrue%5D",
                "next-url": "/login",
                "priority": "i",
                "referer": "https://vme-ips.denmasterfa.com/login",
                "rsc": "1",
                "sec-ch-ua": "\"Chromium\";v=\"146\", \"Not-A.Brand\";v=\"24\", \"Microsoft Edge\";v=\"146\"",
                "sec-ch-ua-mobile": "?1",
                "sec-ch-ua-platform": "\"Android\"",
                "sec-fetch-dest": "empty",
                "sec-fetch-mode": "cors",
                "sec-fetch-site": "same-origin",
                "user-agent": "Mozilla/5.0 (Linux; Android 10; K) AppleWebKit/537.36 (KHTML, like Gecko) Chrome/146.0.0.0 Mobile Safari/537.36 EdgA/146.0.0.0",
                "x-forwarded-proto": "https",
                "x-real-ip": "223.24.199.235"
            },
            "cf": {
                "httpProtocol": "HTTP/3",
                "clientAcceptEncoding": "gzip, deflate, br",
                "requestPriority": "",
                "edgeRequestKeepAliveStatus": 1,
                "requestHeaderNames": {},
                "clientTcpRtt": 0,
                "clientQuicRtt": 93,
                "colo": "BKK",
                "asn": 132618,
                "asOrganization": "GPRS/3G",
                "country": "TH",
                "isEUCountry": false,
                "city": "Bangkok",
                "continent": "AS",
                "region": "Bangkok",
                "regionCode": "10",
                "timezone": "Asia/Bangkok",
                "longitude": "100.50144",
                "latitude": "13.75398",
                "postalCode": "10200",
                "tlsVersion": "TLSv1.3",
                "tlsCipher": "AEAD-AES128-GCM-SHA256",
                "tlsClientRandom": "Kf5i9WVB6FC9mXlTT5G+d8J747gvEtN/TtWYwl9nzqQ=",
                "tlsClientCiphersSha1": "3HTt3+R/6BL3zeALJDSq0pR1yOQ=",
                "tlsClientExtensionsSha1": "PRWbElr6c7YU7t3sA3bfa+V/igM=",
                "tlsClientExtensionsSha1Le": "E8qQpj5QpamEp6k36jw5bd+p1cw=",
                "tlsClientHelloLength": "1501",
                "tlsClientAuth": {
                    "certPresented": "0",
                    "certVerified": "NONE",
                    "certRevoked": "0",
                    "certIssuerDN": "",
                    "certSubjectDN": "",
                    "certIssuerDNRFC2253": "",
                    "certSubjectDNRFC2253": "",
                    "certIssuerDNLegacy": "",
                    "certSubjectDNLegacy": "",
                    "certSerial": "",
                    "certIssuerSerial": "",
                    "certSKI": "",
                    "certIssuerSKI": "",
                    "certFingerprintSHA1": "",
                    "certFingerprintSHA256": "",
                    "certNotBefore": "",
                    "certNotAfter": "",
                    "certRFC9440": "",
                    "certRFC9440TooLarge": false,
                    "certChainRFC9440": "",
                    "certChainRFC9440TooLarge": false
                },
                "verifiedBotCategory": "",
                "edgeL4": {
                    "deliveryRate": 7483435
                }
            }
        },
        "response": {
            "status": 200
        }
    }
}
{
    "wallTime": 15,
    "cpuTime": 14,
    "truncated": false,
    "executionModel": "stateless",
    "outcome": "ok",
    "scriptVersion": {
        "id": "0141b03b-16aa-463f-bb04-28cc99b32179"
    },
    "scriptName": "vme-ips-reflection",
    "diagnosticsChannelEvents": [],
    "exceptions": [],
    "logs": [],
    "eventTimestamp": 1779102232360,
    "event": {
        "request": {
            "url": "https://vme-ips.denmasterfa.com/login",
            "method": "GET",
            "headers": {
                "accept": "*/*",
                "accept-encoding": "gzip, br",
                "accept-language": "th-TH,th;q=0.9,en-US;q=0.8,en;q=0.7",
                "cf-connecting-ip": "223.24.199.235",
                "cf-ipcountry": "TH",
                "cf-ray": "9fda60b83a3e14aa",
                "cf-visitor": "{\"scheme\":\"https\"}",
                "connection": "Keep-Alive",
                "host": "vme-ips.denmasterfa.com",
                "next-router-prefetch": "1",
                "next-router-state-tree": "%5B%22%22%2C%7B%22children%22%3A%5B%22(auth)%22%2C%7B%22children%22%3A%5B%22login%22%2C%7B%22children%22%3A%5B%22__PAGE__%22%2C%7B%7D%2Cnull%2Cnull%5D%7D%2Cnull%2Cnull%5D%7D%2Cnull%2Cnull%5D%7D%2Cnull%2Cnull%2Ctrue%5D",
                "next-url": "/login",
                "priority": "i",
                "referer": "https://vme-ips.denmasterfa.com/login",
                "rsc": "1",
                "sec-ch-ua": "\"Chromium\";v=\"146\", \"Not-A.Brand\";v=\"24\", \"Microsoft Edge\";v=\"146\"",
                "sec-ch-ua-mobile": "?1",
                "sec-ch-ua-platform": "\"Android\"",
                "sec-fetch-dest": "empty",
                "sec-fetch-mode": "cors",
                "sec-fetch-site": "same-origin",
                "user-agent": "Mozilla/5.0 (Linux; Android 10; K) AppleWebKit/537.36 (KHTML, like Gecko) Chrome/146.0.0.0 Mobile Safari/537.36 EdgA/146.0.0.0",
                "x-forwarded-proto": "https",
                "x-real-ip": "223.24.199.235"
            },
            "cf": {
                "httpProtocol": "HTTP/3",
                "clientAcceptEncoding": "gzip, deflate, br",
                "requestPriority": "",
                "edgeRequestKeepAliveStatus": 1,
                "requestHeaderNames": {},
                "clientTcpRtt": 0,
                "clientQuicRtt": 86,
                "colo": "BKK",
                "asn": 132618,
                "asOrganization": "GPRS/3G",
                "country": "TH",
                "isEUCountry": false,
                "city": "Bangkok",
                "continent": "AS",
                "region": "Bangkok",
                "regionCode": "10",
                "timezone": "Asia/Bangkok",
                "longitude": "100.50144",
                "latitude": "13.75398",
                "postalCode": "10200",
                "tlsVersion": "TLSv1.3",
                "tlsCipher": "AEAD-AES128-GCM-SHA256",
                "tlsClientRandom": "Kf5i9WVB6FC9mXlTT5G+d8J747gvEtN/TtWYwl9nzqQ=",
                "tlsClientCiphersSha1": "3HTt3+R/6BL3zeALJDSq0pR1yOQ=",
                "tlsClientExtensionsSha1": "PRWbElr6c7YU7t3sA3bfa+V/igM=",
                "tlsClientExtensionsSha1Le": "E8qQpj5QpamEp6k36jw5bd+p1cw=",
                "tlsClientHelloLength": "1501",
                "tlsClientAuth": {
                    "certPresented": "0",
                    "certVerified": "NONE",
                    "certRevoked": "0",
                    "certIssuerDN": "",
                    "certSubjectDN": "",
                    "certIssuerDNRFC2253": "",
                    "certSubjectDNRFC2253": "",
                    "certIssuerDNLegacy": "",
                    "certSubjectDNLegacy": "",
                    "certSerial": "",
                    "certIssuerSerial": "",
                    "certSKI": "",
                    "certIssuerSKI": "",
                    "certFingerprintSHA1": "",
                    "certFingerprintSHA256": "",
                    "certNotBefore": "",
                    "certNotAfter": "",
                    "certRFC9440": "",
                    "certRFC9440TooLarge": false,
                    "certChainRFC9440": "",
                    "certChainRFC9440TooLarge": false
                },
                "verifiedBotCategory": "",
                "edgeL4": {
                    "deliveryRate": 7483435
                }
            }
        },
        "response": {
            "status": 200
        }
    }
}
{
    "wallTime": 14,
    "cpuTime": 12,
    "truncated": false,
    "executionModel": "stateless",
    "outcome": "ok",
    "scriptVersion": {
        "id": "0141b03b-16aa-463f-bb04-28cc99b32179"
    },
    "scriptName": "vme-ips-reflection",
    "diagnosticsChannelEvents": [],
    "exceptions": [],
    "logs": [],
    "eventTimestamp": 1779102232493,
    "event": {
        "request": {
            "url": "https://vme-ips.denmasterfa.com/login",
            "method": "GET",
            "headers": {
                "accept": "*/*",
                "accept-encoding": "gzip, br",
                "accept-language": "th-TH,th;q=0.9,en-US;q=0.8,en;q=0.7",
                "cf-connecting-ip": "223.24.199.235",
                "cf-ipcountry": "TH",
                "cf-ray": "9fda60b90b3c14aa",
                "cf-visitor": "{\"scheme\":\"https\"}",
                "connection": "Keep-Alive",
                "host": "vme-ips.denmasterfa.com",
                "next-router-prefetch": "1",
                "next-router-state-tree": "%5B%22%22%2C%7B%22children%22%3A%5B%22(auth)%22%2C%7B%22children%22%3A%5B%22login%22%2C%7B%22children%22%3A%5B%22__PAGE__%22%2C%7B%7D%2Cnull%2Cnull%5D%7D%2Cnull%2Cnull%5D%7D%2Cnull%2Cnull%5D%7D%2Cnull%2Cnull%2Ctrue%5D",
                "next-url": "/login",
                "priority": "i",
                "referer": "https://vme-ips.denmasterfa.com/login",
                "rsc": "1",
                "sec-ch-ua": "\"Chromium\";v=\"146\", \"Not-A.Brand\";v=\"24\", \"Microsoft Edge\";v=\"146\"",
                "sec-ch-ua-mobile": "?1",
                "sec-ch-ua-platform": "\"Android\"",
                "sec-fetch-dest": "empty",
                "sec-fetch-mode": "cors",
                "sec-fetch-site": "same-origin",
                "user-agent": "Mozilla/5.0 (Linux; Android 10; K) AppleWebKit/537.36 (KHTML, like Gecko) Chrome/146.0.0.0 Mobile Safari/537.36 EdgA/146.0.0.0",
                "x-forwarded-proto": "https",
                "x-real-ip": "223.24.199.235"
            },
            "cf": {
                "httpProtocol": "HTTP/3",
                "clientAcceptEncoding": "gzip, deflate, br",
                "requestPriority": "",
                "edgeRequestKeepAliveStatus": 1,
                "requestHeaderNames": {},
                "clientTcpRtt": 0,
                "clientQuicRtt": 87,
                "colo": "BKK",
                "asn": 132618,
                "asOrganization": "GPRS/3G",
                "country": "TH",
                "isEUCountry": false,
                "city": "Bangkok",
                "continent": "AS",
                "region": "Bangkok",
                "regionCode": "10",
                "timezone": "Asia/Bangkok",
                "longitude": "100.50144",
                "latitude": "13.75398",
                "postalCode": "10200",
                "tlsVersion": "TLSv1.3",
                "tlsCipher": "AEAD-AES128-GCM-SHA256",
                "tlsClientRandom": "Kf5i9WVB6FC9mXlTT5G+d8J747gvEtN/TtWYwl9nzqQ=",
                "tlsClientCiphersSha1": "3HTt3+R/6BL3zeALJDSq0pR1yOQ=",
                "tlsClientExtensionsSha1": "PRWbElr6c7YU7t3sA3bfa+V/igM=",
                "tlsClientExtensionsSha1Le": "E8qQpj5QpamEp6k36jw5bd+p1cw=",
                "tlsClientHelloLength": "1501",
                "tlsClientAuth": {
                    "certPresented": "0",
                    "certVerified": "NONE",
                    "certRevoked": "0",
                    "certIssuerDN": "",
                    "certSubjectDN": "",
                    "certIssuerDNRFC2253": "",
                    "certSubjectDNRFC2253": "",
                    "certIssuerDNLegacy": "",
                    "certSubjectDNLegacy": "",
                    "certSerial": "",
                    "certIssuerSerial": "",
                    "certSKI": "",
                    "certIssuerSKI": "",
                    "certFingerprintSHA1": "",
                    "certFingerprintSHA256": "",
                    "certNotBefore": "",
                    "certNotAfter": "",
                    "certRFC9440": "",
                    "certRFC9440TooLarge": false,
                    "certChainRFC9440": "",
                    "certChainRFC9440TooLarge": false
                },
                "verifiedBotCategory": "",
                "edgeL4": {
                    "deliveryRate": 7483435
                }
            }
        },
        "response": {
            "status": 200
        }
    }
}
{
    "wallTime": 5,
    "cpuTime": 4,
    "truncated": false,
    "executionModel": "stateless",
    "outcome": "ok",
    "scriptVersion": {
        "id": "0141b03b-16aa-463f-bb04-28cc99b32179"
    },
    "scriptName": "vme-ips-reflection",
    "diagnosticsChannelEvents": [],
    "exceptions": [],
    "logs": [],
    "eventTimestamp": 1779102273895,
    "event": {
        "request": {
            "url": "https://vme-ips.denmasterfa.com/login",
            "method": "GET",
            "headers": {
                "accept": "text/html,application/xhtml+xml,application/xml;q=0.9,image/avif,image/webp,image/apng,*/*;q=0.8,application/signed-exchange;v=b3;q=0.7",
                "accept-encoding": "gzip, br",
                "accept-language": "th-TH,th;q=0.9,en;q=0.8",
                "cf-connecting-ip": "49.237.42.99",
                "cf-ipcountry": "TH",
                "cf-ray": "9fda61bbcbbb2925",
                "cf-visitor": "{\"scheme\":\"https\"}",
                "connection": "Keep-Alive",
                "cookie": "REDACTED",
                "host": "vme-ips.denmasterfa.com",
                "priority": "u=0, i",
                "sec-ch-ua": "\"Chromium\";v=\"148\", \"Google Chrome\";v=\"148\", \"Not/A)Brand\";v=\"99\"",
                "sec-ch-ua-mobile": "?0",
                "sec-ch-ua-platform": "\"Windows\"",
                "sec-fetch-dest": "document",
                "sec-fetch-mode": "navigate",
                "sec-fetch-site": "none",
                "sec-fetch-user": "?1",
                "upgrade-insecure-requests": "1",
                "user-agent": "Mozilla/5.0 (Windows NT 10.0; Win64; x64) AppleWebKit/537.36 (KHTML, like Gecko) Chrome/148.0.0.0 Safari/537.36",
                "x-forwarded-proto": "https",
                "x-real-ip": "49.237.42.99"
            },
            "cf": {
                "httpProtocol": "HTTP/3",
                "clientAcceptEncoding": "gzip, deflate, br",
                "requestPriority": "",
                "edgeRequestKeepAliveStatus": 1,
                "requestHeaderNames": {},
                "clientTcpRtt": 0,
                "clientQuicRtt": 55,
                "colo": "SIN",
                "asn": 132618,
                "asOrganization": "GPRS/3G",
                "country": "TH",
                "isEUCountry": false,
                "city": "Bangkok",
                "continent": "AS",
                "region": "Bangkok",
                "regionCode": "10",
                "timezone": "Asia/Bangkok",
                "longitude": "100.50144",
                "latitude": "13.75398",
                "postalCode": "10200",
                "tlsVersion": "TLSv1.3",
                "tlsCipher": "AEAD-AES128-GCM-SHA256",
                "tlsClientRandom": "kpIn41tZhExgNoNO3pvlXPvHhn8OPXNfl115j8KwJ80=",
                "tlsClientCiphersSha1": "3HTt3+R/6BL3zeALJDSq0pR1yOQ=",
                "tlsClientExtensionsSha1": "KiKI4+Cid7TkLxj1iLbxdF+xaSA=",
                "tlsClientExtensionsSha1Le": "i8RKPcWx3eQJD4jj5RK80Rp1mXo=",
                "tlsClientHelloLength": "1705",
                "tlsClientAuth": {
                    "certPresented": "0",
                    "certVerified": "NONE",
                    "certRevoked": "0",
                    "certIssuerDN": "",
                    "certSubjectDN": "",
                    "certIssuerDNRFC2253": "",
                    "certSubjectDNRFC2253": "",
                    "certIssuerDNLegacy": "",
                    "certSubjectDNLegacy": "",
                    "certSerial": "",
                    "certIssuerSerial": "",
                    "certSKI": "",
                    "certIssuerSKI": "",
                    "certFingerprintSHA1": "",
                    "certFingerprintSHA256": "",
                    "certNotBefore": "",
                    "certNotAfter": "",
                    "certRFC9440": "",
                    "certRFC9440TooLarge": false,
                    "certChainRFC9440": "",
                    "certChainRFC9440TooLarge": false
                },
                "verifiedBotCategory": "",
                "edgeL4": {
                    "deliveryRate": 38859
                }
            }
        },
        "response": {
            "status": 307
        }
    }
}
{
    "wallTime": 29,
    "cpuTime": 28,
    "truncated": false,
    "executionModel": "stateless",
    "outcome": "ok",
    "scriptVersion": {
        "id": "0141b03b-16aa-463f-bb04-28cc99b32179"
    },
    "scriptName": "vme-ips-reflection",
    "diagnosticsChannelEvents": [],
    "exceptions": [],
    "logs": [],
    "eventTimestamp": 1779102273912,
    "event": {
        "request": {
            "url": "https://vme-ips.denmasterfa.com/login",
            "method": "GET",
            "headers": {
                "accept": "text/html,application/xhtml+xml,application/xml;q=0.9,image/avif,image/webp,image/apng,*/*;q=0.8,application/signed-exchange;v=b3;q=0.7",
                "accept-encoding": "gzip, br",
                "accept-language": "th-TH,th;q=0.9,en-US;q=0.8,en;q=0.7",
                "cache-control": "max-age=0",
                "cf-connecting-ip": "223.24.199.235",
                "cf-ipcountry": "TH",
                "cf-ray": "9fda61bbee162ca3",
                "cf-visitor": "{\"scheme\":\"https\"}",
                "connection": "Keep-Alive",
                "host": "vme-ips.denmasterfa.com",
                "priority": "u=0, i",
                "sec-ch-ua": "\"Chromium\";v=\"146\", \"Not-A.Brand\";v=\"24\", \"Microsoft Edge\";v=\"146\"",
                "sec-ch-ua-mobile": "?1",
                "sec-ch-ua-platform": "\"Android\"",
                "sec-fetch-dest": "document",
                "sec-fetch-mode": "navigate",
                "sec-fetch-site": "same-origin",
                "sec-fetch-user": "?1",
                "upgrade-insecure-requests": "1",
                "user-agent": "Mozilla/5.0 (Linux; Android 10; K) AppleWebKit/537.36 (KHTML, like Gecko) Chrome/146.0.0.0 Mobile Safari/537.36 EdgA/146.0.0.0",
                "x-forwarded-proto": "https",
                "x-real-ip": "223.24.199.235"
            },
            "cf": {
                "httpProtocol": "HTTP/3",
                "clientAcceptEncoding": "gzip, deflate, br",
                "requestPriority": "",
                "edgeRequestKeepAliveStatus": 1,
                "requestHeaderNames": {},
                "clientTcpRtt": 0,
                "clientQuicRtt": 35,
                "colo": "BKK",
                "asn": 132618,
                "asOrganization": "GPRS/3G",
                "country": "TH",
                "isEUCountry": false,
                "city": "Bangkok",
                "continent": "AS",
                "region": "Bangkok",
                "regionCode": "10",
                "timezone": "Asia/Bangkok",
                "longitude": "100.50144",
                "latitude": "13.75398",
                "postalCode": "10200",
                "tlsVersion": "TLSv1.3",
                "tlsCipher": "AEAD-AES128-GCM-SHA256",
                "tlsClientRandom": "YEjNtVr5F3ZVtixVl3Qlegc6WBX9itIriv6IUXGVK5I=",
                "tlsClientCiphersSha1": "3HTt3+R/6BL3zeALJDSq0pR1yOQ=",
                "tlsClientExtensionsSha1": "EwDHrZoo0HNVinydDIdk99TS7QA=",
                "tlsClientExtensionsSha1Le": "lO/E5bUtC5KDJ+lts5/+sSQItJc=",
                "tlsClientHelloLength": "1514",
                "tlsClientAuth": {
                    "certPresented": "0",
                    "certVerified": "NONE",
                    "certRevoked": "0",
                    "certIssuerDN": "",
                    "certSubjectDN": "",
                    "certIssuerDNRFC2253": "",
                    "certSubjectDNRFC2253": "",
                    "certIssuerDNLegacy": "",
                    "certSubjectDNLegacy": "",
                    "certSerial": "",
                    "certIssuerSerial": "",
                    "certSKI": "",
                    "certIssuerSKI": "",
                    "certFingerprintSHA1": "",
                    "certFingerprintSHA256": "",
                    "certNotBefore": "",
                    "certNotAfter": "",
                    "certRFC9440": "",
                    "certRFC9440TooLarge": false,
                    "certChainRFC9440": "",
                    "certChainRFC9440TooLarge": false
                },
                "verifiedBotCategory": "",
                "edgeL4": {
                    "deliveryRate": 81080
                }
            }
        },
        "response": {
            "status": 200
        }
    }
}
{
    "wallTime": 4,
    "cpuTime": 3,
    "truncated": false,
    "executionModel": "stateless",
    "outcome": "ok",
    "scriptVersion": {
        "id": "0141b03b-16aa-463f-bb04-28cc99b32179"
    },
    "scriptName": "vme-ips-reflection",
    "diagnosticsChannelEvents": [],
    "exceptions": [],
    "logs": [],
    "eventTimestamp": 1779102274260,
    "event": {
        "request": {
            "url": "https://vme-ips.denmasterfa.com/?_rsc=iKnYMpwRDMxan1zE",
            "method": "GET",
            "headers": {
                "accept": "*/*",
                "accept-encoding": "gzip, br",
                "accept-language": "th-TH,th;q=0.9,en-US;q=0.8,en;q=0.7",
                "cf-connecting-ip": "223.24.199.235",
                "cf-ipcountry": "TH",
                "cf-ray": "9fda61be184b2ca3",
                "cf-visitor": "{\"scheme\":\"https\"}",
                "connection": "Keep-Alive",
                "host": "vme-ips.denmasterfa.com",
                "next-router-prefetch": "1",
                "next-router-state-tree": "%5B%22%22%2C%7B%22children%22%3A%5B%22(auth)%22%2C%7B%22children%22%3A%5B%22login%22%2C%7B%22children%22%3A%5B%22__PAGE__%22%2C%7B%7D%2Cnull%2Cnull%5D%7D%2Cnull%2Cnull%5D%7D%2Cnull%2Cnull%5D%7D%2Cnull%2Cnull%2Ctrue%5D",
                "next-url": "/login",
                "priority": "i",
                "referer": "https://vme-ips.denmasterfa.com/login",
                "rsc": "1",
                "sec-ch-ua": "\"Chromium\";v=\"146\", \"Not-A.Brand\";v=\"24\", \"Microsoft Edge\";v=\"146\"",
                "sec-ch-ua-mobile": "?1",
                "sec-ch-ua-platform": "\"Android\"",
                "sec-fetch-dest": "empty",
                "sec-fetch-mode": "cors",
                "sec-fetch-site": "same-origin",
                "user-agent": "Mozilla/5.0 (Linux; Android 10; K) AppleWebKit/537.36 (KHTML, like Gecko) Chrome/146.0.0.0 Mobile Safari/537.36 EdgA/146.0.0.0",
                "x-forwarded-proto": "https",
                "x-real-ip": "223.24.199.235"
            },
            "cf": {
                "httpProtocol": "HTTP/3",
                "clientAcceptEncoding": "gzip, deflate, br",
                "requestPriority": "",
                "edgeRequestKeepAliveStatus": 1,
                "requestHeaderNames": {},
                "clientTcpRtt": 0,
                "clientQuicRtt": 33,
                "colo": "BKK",
                "asn": 132618,
                "asOrganization": "GPRS/3G",
                "country": "TH",
                "isEUCountry": false,
                "city": "Bangkok",
                "continent": "AS",
                "region": "Bangkok",
                "regionCode": "10",
                "timezone": "Asia/Bangkok",
                "longitude": "100.50144",
                "latitude": "13.75398",
                "postalCode": "10200",
                "tlsVersion": "TLSv1.3",
                "tlsCipher": "AEAD-AES128-GCM-SHA256",
                "tlsClientRandom": "YEjNtVr5F3ZVtixVl3Qlegc6WBX9itIriv6IUXGVK5I=",
                "tlsClientCiphersSha1": "3HTt3+R/6BL3zeALJDSq0pR1yOQ=",
                "tlsClientExtensionsSha1": "EwDHrZoo0HNVinydDIdk99TS7QA=",
                "tlsClientExtensionsSha1Le": "lO/E5bUtC5KDJ+lts5/+sSQItJc=",
                "tlsClientHelloLength": "1514",
                "tlsClientAuth": {
                    "certPresented": "0",
                    "certVerified": "NONE",
                    "certRevoked": "0",
                    "certIssuerDN": "",
                    "certSubjectDN": "",
                    "certIssuerDNRFC2253": "",
                    "certSubjectDNRFC2253": "",
                    "certIssuerDNLegacy": "",
                    "certSubjectDNLegacy": "",
                    "certSerial": "",
                    "certIssuerSerial": "",
                    "certSKI": "",
                    "certIssuerSKI": "",
                    "certFingerprintSHA1": "",
                    "certFingerprintSHA256": "",
                    "certNotBefore": "",
                    "certNotAfter": "",
                    "certRFC9440": "",
                    "certRFC9440TooLarge": false,
                    "certChainRFC9440": "",
                    "certChainRFC9440TooLarge": false
                },
                "verifiedBotCategory": "",
                "edgeL4": {
                    "deliveryRate": 165720
                }
            }
        },
        "response": {
            "status": 307
        }
    }
}
{
    "wallTime": 4,
    "cpuTime": 2,
    "truncated": false,
    "executionModel": "stateless",
    "outcome": "ok",
    "scriptVersion": {
        "id": "0141b03b-16aa-463f-bb04-28cc99b32179"
    },
    "scriptName": "vme-ips-reflection",
    "diagnosticsChannelEvents": [],
    "exceptions": [],
    "logs": [],
    "eventTimestamp": 1779102274274,
    "event": {
        "request": {
            "url": "https://vme-ips.denmasterfa.com/library?_rsc=iKnYMpwRDMxan1zE",
            "method": "GET",
            "headers": {
                "accept": "*/*",
                "accept-encoding": "gzip, br",
                "accept-language": "th-TH,th;q=0.9,en-US;q=0.8,en;q=0.7",
                "cf-connecting-ip": "223.24.199.235",
                "cf-ipcountry": "TH",
                "cf-ray": "9fda61be285a2ca3",
                "cf-visitor": "{\"scheme\":\"https\"}",
                "connection": "Keep-Alive",
                "host": "vme-ips.denmasterfa.com",
                "next-router-prefetch": "1",
                "next-router-state-tree": "%5B%22%22%2C%7B%22children%22%3A%5B%22(auth)%22%2C%7B%22children%22%3A%5B%22login%22%2C%7B%22children%22%3A%5B%22__PAGE__%22%2C%7B%7D%2Cnull%2Cnull%5D%7D%2Cnull%2Cnull%5D%7D%2Cnull%2Cnull%5D%7D%2Cnull%2Cnull%2Ctrue%5D",
                "next-url": "/login",
                "priority": "i",
                "referer": "https://vme-ips.denmasterfa.com/login",
                "rsc": "1",
                "sec-ch-ua": "\"Chromium\";v=\"146\", \"Not-A.Brand\";v=\"24\", \"Microsoft Edge\";v=\"146\"",
                "sec-ch-ua-mobile": "?1",
                "sec-ch-ua-platform": "\"Android\"",
                "sec-fetch-dest": "empty",
                "sec-fetch-mode": "cors",
                "sec-fetch-site": "same-origin",
                "user-agent": "Mozilla/5.0 (Linux; Android 10; K) AppleWebKit/537.36 (KHTML, like Gecko) Chrome/146.0.0.0 Mobile Safari/537.36 EdgA/146.0.0.0",
                "x-forwarded-proto": "https",
                "x-real-ip": "223.24.199.235"
            },
            "cf": {
                "httpProtocol": "HTTP/3",
                "clientAcceptEncoding": "gzip, deflate, br",
                "requestPriority": "",
                "edgeRequestKeepAliveStatus": 1,
                "requestHeaderNames": {},
                "clientTcpRtt": 0,
                "clientQuicRtt": 33,
                "colo": "BKK",
                "asn": 132618,
                "asOrganization": "GPRS/3G",
                "country": "TH",
                "isEUCountry": false,
                "city": "Bangkok",
                "continent": "AS",
                "region": "Bangkok",
                "regionCode": "10",
                "timezone": "Asia/Bangkok",
                "longitude": "100.50144",
                "latitude": "13.75398",
                "postalCode": "10200",
                "tlsVersion": "TLSv1.3",
                "tlsCipher": "AEAD-AES128-GCM-SHA256",
                "tlsClientRandom": "YEjNtVr5F3ZVtixVl3Qlegc6WBX9itIriv6IUXGVK5I=",
                "tlsClientCiphersSha1": "3HTt3+R/6BL3zeALJDSq0pR1yOQ=",
                "tlsClientExtensionsSha1": "EwDHrZoo0HNVinydDIdk99TS7QA=",
                "tlsClientExtensionsSha1Le": "lO/E5bUtC5KDJ+lts5/+sSQItJc=",
                "tlsClientHelloLength": "1514",
                "tlsClientAuth": {
                    "certPresented": "0",
                    "certVerified": "NONE",
                    "certRevoked": "0",
                    "certIssuerDN": "",
                    "certSubjectDN": "",
                    "certIssuerDNRFC2253": "",
                    "certSubjectDNRFC2253": "",
                    "certIssuerDNLegacy": "",
                    "certSubjectDNLegacy": "",
                    "certSerial": "",
                    "certIssuerSerial": "",
                    "certSKI": "",
                    "certIssuerSKI": "",
                    "certFingerprintSHA1": "",
                    "certFingerprintSHA256": "",
                    "certNotBefore": "",
                    "certNotAfter": "",
                    "certRFC9440": "",
                    "certRFC9440TooLarge": false,
                    "certChainRFC9440": "",
                    "certChainRFC9440TooLarge": false
                },
                "verifiedBotCategory": "",
                "edgeL4": {
                    "deliveryRate": 165720
                }
            }
        },
        "response": {
            "status": 307
        }
    }
}
{
    "wallTime": 3,
    "cpuTime": 1,
    "truncated": false,
    "executionModel": "stateless",
    "outcome": "ok",
    "scriptVersion": {
        "id": "0141b03b-16aa-463f-bb04-28cc99b32179"
    },
    "scriptName": "vme-ips-reflection",
    "diagnosticsChannelEvents": [],
    "exceptions": [],
    "logs": [],
    "eventTimestamp": 1779102274281,
    "event": {
        "request": {
            "url": "https://vme-ips.denmasterfa.com/smart?_rsc=iKnYMpwRDMxan1zE",
            "method": "GET",
            "headers": {
                "accept": "*/*",
                "accept-encoding": "gzip, br",
                "accept-language": "th-TH,th;q=0.9,en-US;q=0.8,en;q=0.7",
                "cf-connecting-ip": "223.24.199.235",
                "cf-ipcountry": "TH",
                "cf-ray": "9fda61be285c2ca3",
                "cf-visitor": "{\"scheme\":\"https\"}",
                "connection": "Keep-Alive",
                "host": "vme-ips.denmasterfa.com",
                "next-router-prefetch": "1",
                "next-router-state-tree": "%5B%22%22%2C%7B%22children%22%3A%5B%22(auth)%22%2C%7B%22children%22%3A%5B%22login%22%2C%7B%22children%22%3A%5B%22__PAGE__%22%2C%7B%7D%2Cnull%2Cnull%5D%7D%2Cnull%2Cnull%5D%7D%2Cnull%2Cnull%5D%7D%2Cnull%2Cnull%2Ctrue%5D",
                "next-url": "/login",
                "priority": "i",
                "referer": "https://vme-ips.denmasterfa.com/login",
                "rsc": "1",
                "sec-ch-ua": "\"Chromium\";v=\"146\", \"Not-A.Brand\";v=\"24\", \"Microsoft Edge\";v=\"146\"",
                "sec-ch-ua-mobile": "?1",
                "sec-ch-ua-platform": "\"Android\"",
                "sec-fetch-dest": "empty",
                "sec-fetch-mode": "cors",
                "sec-fetch-site": "same-origin",
                "user-agent": "Mozilla/5.0 (Linux; Android 10; K) AppleWebKit/537.36 (KHTML, like Gecko) Chrome/146.0.0.0 Mobile Safari/537.36 EdgA/146.0.0.0",
                "x-forwarded-proto": "https",
                "x-real-ip": "223.24.199.235"
            },
            "cf": {
                "httpProtocol": "HTTP/3",
                "clientAcceptEncoding": "gzip, deflate, br",
                "requestPriority": "",
                "edgeRequestKeepAliveStatus": 1,
                "requestHeaderNames": {},
                "clientTcpRtt": 0,
                "clientQuicRtt": 33,
                "colo": "BKK",
                "asn": 132618,
                "asOrganization": "GPRS/3G",
                "country": "TH",
                "isEUCountry": false,
                "city": "Bangkok",
                "continent": "AS",
                "region": "Bangkok",
                "regionCode": "10",
                "timezone": "Asia/Bangkok",
                "longitude": "100.50144",
                "latitude": "13.75398",
                "postalCode": "10200",
                "tlsVersion": "TLSv1.3",
                "tlsCipher": "AEAD-AES128-GCM-SHA256",
                "tlsClientRandom": "YEjNtVr5F3ZVtixVl3Qlegc6WBX9itIriv6IUXGVK5I=",
                "tlsClientCiphersSha1": "3HTt3+R/6BL3zeALJDSq0pR1yOQ=",
                "tlsClientExtensionsSha1": "EwDHrZoo0HNVinydDIdk99TS7QA=",
                "tlsClientExtensionsSha1Le": "lO/E5bUtC5KDJ+lts5/+sSQItJc=",
                "tlsClientHelloLength": "1514",
                "tlsClientAuth": {
                    "certPresented": "0",
                    "certVerified": "NONE",
                    "certRevoked": "0",
                    "certIssuerDN": "",
                    "certSubjectDN": "",
                    "certIssuerDNRFC2253": "",
                    "certSubjectDNRFC2253": "",
                    "certIssuerDNLegacy": "",
                    "certSubjectDNLegacy": "",
                    "certSerial": "",
                    "certIssuerSerial": "",
                    "certSKI": "",
                    "certIssuerSKI": "",
                    "certFingerprintSHA1": "",
                    "certFingerprintSHA256": "",
                    "certNotBefore": "",
                    "certNotAfter": "",
                    "certRFC9440": "",
                    "certRFC9440TooLarge": false,
                    "certChainRFC9440": "",
                    "certChainRFC9440TooLarge": false
                },
                "verifiedBotCategory": "",
                "edgeL4": {
                    "deliveryRate": 165720
                }
            }
        },
        "response": {
            "status": 307
        }
    }
}
{
    "wallTime": 4,
    "cpuTime": 1,
    "truncated": false,
    "executionModel": "stateless",
    "outcome": "ok",
    "scriptVersion": {
        "id": "0141b03b-16aa-463f-bb04-28cc99b32179"
    },
    "scriptName": "vme-ips-reflection",
    "diagnosticsChannelEvents": [],
    "exceptions": [],
    "logs": [],
    "eventTimestamp": 1779102274282,
    "event": {
        "request": {
            "url": "https://vme-ips.denmasterfa.com/kaewsai?_rsc=iKnYMpwRDMxan1zE",
            "method": "GET",
            "headers": {
                "accept": "*/*",
                "accept-encoding": "gzip, br",
                "accept-language": "th-TH,th;q=0.9,en-US;q=0.8,en;q=0.7",
                "cf-connecting-ip": "223.24.199.235",
                "cf-ipcountry": "TH",
                "cf-ray": "9fda61be385f2ca3",
                "cf-visitor": "{\"scheme\":\"https\"}",
                "connection": "Keep-Alive",
                "host": "vme-ips.denmasterfa.com",
                "next-router-prefetch": "1",
                "next-router-state-tree": "%5B%22%22%2C%7B%22children%22%3A%5B%22(auth)%22%2C%7B%22children%22%3A%5B%22login%22%2C%7B%22children%22%3A%5B%22__PAGE__%22%2C%7B%7D%2Cnull%2Cnull%5D%7D%2Cnull%2Cnull%5D%7D%2Cnull%2Cnull%5D%7D%2Cnull%2Cnull%2Ctrue%5D",
                "next-url": "/login",
                "priority": "i",
                "referer": "https://vme-ips.denmasterfa.com/login",
                "rsc": "1",
                "sec-ch-ua": "\"Chromium\";v=\"146\", \"Not-A.Brand\";v=\"24\", \"Microsoft Edge\";v=\"146\"",
                "sec-ch-ua-mobile": "?1",
                "sec-ch-ua-platform": "\"Android\"",
                "sec-fetch-dest": "empty",
                "sec-fetch-mode": "cors",
                "sec-fetch-site": "same-origin",
                "user-agent": "Mozilla/5.0 (Linux; Android 10; K) AppleWebKit/537.36 (KHTML, like Gecko) Chrome/146.0.0.0 Mobile Safari/537.36 EdgA/146.0.0.0",
                "x-forwarded-proto": "https",
                "x-real-ip": "223.24.199.235"
            },
            "cf": {
                "httpProtocol": "HTTP/3",
                "clientAcceptEncoding": "gzip, deflate, br",
                "requestPriority": "",
                "edgeRequestKeepAliveStatus": 1,
                "requestHeaderNames": {},
                "clientTcpRtt": 0,
                "clientQuicRtt": 33,
                "colo": "BKK",
                "asn": 132618,
                "asOrganization": "GPRS/3G",
                "country": "TH",
                "isEUCountry": false,
                "city": "Bangkok",
                "continent": "AS",
                "region": "Bangkok",
                "regionCode": "10",
                "timezone": "Asia/Bangkok",
                "longitude": "100.50144",
                "latitude": "13.75398",
                "postalCode": "10200",
                "tlsVersion": "TLSv1.3",
                "tlsCipher": "AEAD-AES128-GCM-SHA256",
                "tlsClientRandom": "YEjNtVr5F3ZVtixVl3Qlegc6WBX9itIriv6IUXGVK5I=",
                "tlsClientCiphersSha1": "3HTt3+R/6BL3zeALJDSq0pR1yOQ=",
                "tlsClientExtensionsSha1": "EwDHrZoo0HNVinydDIdk99TS7QA=",
                "tlsClientExtensionsSha1Le": "lO/E5bUtC5KDJ+lts5/+sSQItJc=",
                "tlsClientHelloLength": "1514",
                "tlsClientAuth": {
                    "certPresented": "0",
                    "certVerified": "NONE",
                    "certRevoked": "0",
                    "certIssuerDN": "",
                    "certSubjectDN": "",
                    "certIssuerDNRFC2253": "",
                    "certSubjectDNRFC2253": "",
                    "certIssuerDNLegacy": "",
                    "certSubjectDNLegacy": "",
                    "certSerial": "",
                    "certIssuerSerial": "",
                    "certSKI": "",
                    "certIssuerSKI": "",
                    "certFingerprintSHA1": "",
                    "certFingerprintSHA256": "",
                    "certNotBefore": "",
                    "certNotAfter": "",
                    "certRFC9440": "",
                    "certRFC9440TooLarge": false,
                    "certChainRFC9440": "",
                    "certChainRFC9440TooLarge": false
                },
                "verifiedBotCategory": "",
                "edgeL4": {
                    "deliveryRate": 165720
                }
            }
        },
        "response": {
            "status": 307
        }
    }
}
{
    "wallTime": 8,
    "cpuTime": 2,
    "truncated": false,
    "executionModel": "stateless",
    "outcome": "ok",
    "scriptVersion": {
        "id": "0141b03b-16aa-463f-bb04-28cc99b32179"
    },
    "scriptName": "vme-ips-reflection",
    "diagnosticsChannelEvents": [],
    "exceptions": [],
    "logs": [],
    "eventTimestamp": 1779102274275,
    "event": {
        "request": {
            "url": "https://vme-ips.denmasterfa.com/reflect?_rsc=iKnYMpwRDMxan1zE",
            "method": "GET",
            "headers": {
                "accept": "*/*",
                "accept-encoding": "gzip, br",
                "accept-language": "th-TH,th;q=0.9,en-US;q=0.8,en;q=0.7",
                "cf-connecting-ip": "223.24.199.235",
                "cf-ipcountry": "TH",
                "cf-ray": "9fda61be285d2ca3",
                "cf-visitor": "{\"scheme\":\"https\"}",
                "connection": "Keep-Alive",
                "host": "vme-ips.denmasterfa.com",
                "next-router-prefetch": "1",
                "next-router-state-tree": "%5B%22%22%2C%7B%22children%22%3A%5B%22(auth)%22%2C%7B%22children%22%3A%5B%22login%22%2C%7B%22children%22%3A%5B%22__PAGE__%22%2C%7B%7D%2Cnull%2Cnull%5D%7D%2Cnull%2Cnull%5D%7D%2Cnull%2Cnull%5D%7D%2Cnull%2Cnull%2Ctrue%5D",
                "next-url": "/login",
                "priority": "i",
                "referer": "https://vme-ips.denmasterfa.com/login",
                "rsc": "1",
                "sec-ch-ua": "\"Chromium\";v=\"146\", \"Not-A.Brand\";v=\"24\", \"Microsoft Edge\";v=\"146\"",
                "sec-ch-ua-mobile": "?1",
                "sec-ch-ua-platform": "\"Android\"",
                "sec-fetch-dest": "empty",
                "sec-fetch-mode": "cors",
                "sec-fetch-site": "same-origin",
                "user-agent": "Mozilla/5.0 (Linux; Android 10; K) AppleWebKit/537.36 (KHTML, like Gecko) Chrome/146.0.0.0 Mobile Safari/537.36 EdgA/146.0.0.0",
                "x-forwarded-proto": "https",
                "x-real-ip": "223.24.199.235"
            },
            "cf": {
                "httpProtocol": "HTTP/3",
                "clientAcceptEncoding": "gzip, deflate, br",
                "requestPriority": "",
                "edgeRequestKeepAliveStatus": 1,
                "requestHeaderNames": {},
                "clientTcpRtt": 0,
                "clientQuicRtt": 33,
                "colo": "BKK",
                "asn": 132618,
                "asOrganization": "GPRS/3G",
                "country": "TH",
                "isEUCountry": false,
                "city": "Bangkok",
                "continent": "AS",
                "region": "Bangkok",
                "regionCode": "10",
                "timezone": "Asia/Bangkok",
                "longitude": "100.50144",
                "latitude": "13.75398",
                "postalCode": "10200",
                "tlsVersion": "TLSv1.3",
                "tlsCipher": "AEAD-AES128-GCM-SHA256",
                "tlsClientRandom": "YEjNtVr5F3ZVtixVl3Qlegc6WBX9itIriv6IUXGVK5I=",
                "tlsClientCiphersSha1": "3HTt3+R/6BL3zeALJDSq0pR1yOQ=",
                "tlsClientExtensionsSha1": "EwDHrZoo0HNVinydDIdk99TS7QA=",
                "tlsClientExtensionsSha1Le": "lO/E5bUtC5KDJ+lts5/+sSQItJc=",
                "tlsClientHelloLength": "1514",
                "tlsClientAuth": {
                    "certPresented": "0",
                    "certVerified": "NONE",
                    "certRevoked": "0",
                    "certIssuerDN": "",
                    "certSubjectDN": "",
                    "certIssuerDNRFC2253": "",
                    "certSubjectDNRFC2253": "",
                    "certIssuerDNLegacy": "",
                    "certSubjectDNLegacy": "",
                    "certSerial": "",
                    "certIssuerSerial": "",
                    "certSKI": "",
                    "certIssuerSKI": "",
                    "certFingerprintSHA1": "",
                    "certFingerprintSHA256": "",
                    "certNotBefore": "",
                    "certNotAfter": "",
                    "certRFC9440": "",
                    "certRFC9440TooLarge": false,
                    "certChainRFC9440": "",
                    "certChainRFC9440TooLarge": false
                },
                "verifiedBotCategory": "",
                "edgeL4": {
                    "deliveryRate": 165720
                }
            }
        },
        "response": {
            "status": 307
        }
    }
}
{
    "wallTime": 49,
    "cpuTime": 22,
    "truncated": false,
    "executionModel": "stateless",
    "outcome": "ok",
    "scriptVersion": {
        "id": "0141b03b-16aa-463f-bb04-28cc99b32179"
    },
    "scriptName": "vme-ips-reflection",
    "diagnosticsChannelEvents": [],
    "exceptions": [],
    "logs": [],
    "eventTimestamp": 1779102274330,
    "event": {
        "request": {
            "url": "https://vme-ips.denmasterfa.com/welcome",
            "method": "GET",
            "headers": {
                "accept": "*/*",
                "accept-encoding": "gzip, br",
                "accept-language": "th-TH,th;q=0.9,en-US;q=0.8,en;q=0.7",
                "cf-connecting-ip": "223.24.199.235",
                "cf-ipcountry": "TH",
                "cf-ray": "9fda61be789a2ca3",
                "cf-visitor": "{\"scheme\":\"https\"}",
                "connection": "Keep-Alive",
                "host": "vme-ips.denmasterfa.com",
                "next-router-prefetch": "1",
                "next-router-state-tree": "%5B%22%22%2C%7B%22children%22%3A%5B%22(auth)%22%2C%7B%22children%22%3A%5B%22login%22%2C%7B%22children%22%3A%5B%22__PAGE__%22%2C%7B%7D%2Cnull%2Cnull%5D%7D%2Cnull%2Cnull%5D%7D%2Cnull%2Cnull%5D%7D%2Cnull%2Cnull%2Ctrue%5D",
                "next-url": "/login",
                "priority": "i",
                "referer": "https://vme-ips.denmasterfa.com/login",
                "rsc": "1",
                "sec-ch-ua": "\"Chromium\";v=\"146\", \"Not-A.Brand\";v=\"24\", \"Microsoft Edge\";v=\"146\"",
                "sec-ch-ua-mobile": "?1",
                "sec-ch-ua-platform": "\"Android\"",
                "sec-fetch-dest": "empty",
                "sec-fetch-mode": "cors",
                "sec-fetch-site": "same-origin",
                "user-agent": "Mozilla/5.0 (Linux; Android 10; K) AppleWebKit/537.36 (KHTML, like Gecko) Chrome/146.0.0.0 Mobile Safari/537.36 EdgA/146.0.0.0",
                "x-forwarded-proto": "https",
                "x-real-ip": "223.24.199.235"
            },
            "cf": {
                "httpProtocol": "HTTP/3",
                "clientAcceptEncoding": "gzip, deflate, br",
                "requestPriority": "",
                "edgeRequestKeepAliveStatus": 1,
                "requestHeaderNames": {},
                "clientTcpRtt": 0,
                "clientQuicRtt": 32,
                "colo": "BKK",
                "asn": 132618,
                "asOrganization": "GPRS/3G",
                "country": "TH",
                "isEUCountry": false,
                "city": "Bangkok",
                "continent": "AS",
                "region": "Bangkok",
                "regionCode": "10",
                "timezone": "Asia/Bangkok",
                "longitude": "100.50144",
                "latitude": "13.75398",
                "postalCode": "10200",
                "tlsVersion": "TLSv1.3",
                "tlsCipher": "AEAD-AES128-GCM-SHA256",
                "tlsClientRandom": "YEjNtVr5F3ZVtixVl3Qlegc6WBX9itIriv6IUXGVK5I=",
                "tlsClientCiphersSha1": "3HTt3+R/6BL3zeALJDSq0pR1yOQ=",
                "tlsClientExtensionsSha1": "EwDHrZoo0HNVinydDIdk99TS7QA=",
                "tlsClientExtensionsSha1Le": "lO/E5bUtC5KDJ+lts5/+sSQItJc=",
                "tlsClientHelloLength": "1514",
                "tlsClientAuth": {
                    "certPresented": "0",
                    "certVerified": "NONE",
                    "certRevoked": "0",
                    "certIssuerDN": "",
                    "certSubjectDN": "",
                    "certIssuerDNRFC2253": "",
                    "certSubjectDNRFC2253": "",
                    "certIssuerDNLegacy": "",
                    "certSubjectDNLegacy": "",
                    "certSerial": "",
                    "certIssuerSerial": "",
                    "certSKI": "",
                    "certIssuerSKI": "",
                    "certFingerprintSHA1": "",
                    "certFingerprintSHA256": "",
                    "certNotBefore": "",
                    "certNotAfter": "",
                    "certRFC9440": "",
                    "certRFC9440TooLarge": false,
                    "certChainRFC9440": "",
                    "certChainRFC9440TooLarge": false
                },
                "verifiedBotCategory": "",
                "edgeL4": {
                    "deliveryRate": 165720
                }
            }
        },
        "response": {
            "status": 200
        }
    }
}
{
    "wallTime": 62,
    "cpuTime": 27,
    "truncated": false,
    "executionModel": "stateless",
    "outcome": "ok",
    "scriptVersion": {
        "id": "0141b03b-16aa-463f-bb04-28cc99b32179"
    },
    "scriptName": "vme-ips-reflection",
    "diagnosticsChannelEvents": [],
    "exceptions": [],
    "logs": [],
    "eventTimestamp": 1779102274339,
    "event": {
        "request": {
            "url": "https://vme-ips.denmasterfa.com/login",
            "method": "GET",
            "headers": {
                "accept": "*/*",
                "accept-encoding": "gzip, br",
                "accept-language": "th-TH,th;q=0.9,en-US;q=0.8,en;q=0.7",
                "cf-connecting-ip": "223.24.199.235",
                "cf-ipcountry": "TH",
                "cf-ray": "9fda61be88b02ca3",
                "cf-visitor": "{\"scheme\":\"https\"}",
                "connection": "Keep-Alive",
                "host": "vme-ips.denmasterfa.com",
                "next-router-prefetch": "1",
                "next-router-state-tree": "%5B%22%22%2C%7B%22children%22%3A%5B%22(auth)%22%2C%7B%22children%22%3A%5B%22login%22%2C%7B%22children%22%3A%5B%22__PAGE__%22%2C%7B%7D%2Cnull%2Cnull%5D%7D%2Cnull%2Cnull%5D%7D%2Cnull%2Cnull%5D%7D%2Cnull%2Cnull%2Ctrue%5D",
                "next-url": "/login",
                "priority": "i",
                "referer": "https://vme-ips.denmasterfa.com/login",
                "rsc": "1",
                "sec-ch-ua": "\"Chromium\";v=\"146\", \"Not-A.Brand\";v=\"24\", \"Microsoft Edge\";v=\"146\"",
                "sec-ch-ua-mobile": "?1",
                "sec-ch-ua-platform": "\"Android\"",
                "sec-fetch-dest": "empty",
                "sec-fetch-mode": "cors",
                "sec-fetch-site": "same-origin",
                "user-agent": "Mozilla/5.0 (Linux; Android 10; K) AppleWebKit/537.36 (KHTML, like Gecko) Chrome/146.0.0.0 Mobile Safari/537.36 EdgA/146.0.0.0",
                "x-forwarded-proto": "https",
                "x-real-ip": "223.24.199.235"
            },
            "cf": {
                "httpProtocol": "HTTP/3",
                "clientAcceptEncoding": "gzip, deflate, br",
                "requestPriority": "",
                "edgeRequestKeepAliveStatus": 1,
                "requestHeaderNames": {},
                "clientTcpRtt": 0,
                "clientQuicRtt": 32,
                "colo": "BKK",
                "asn": 132618,
                "asOrganization": "GPRS/3G",
                "country": "TH",
                "isEUCountry": false,
                "city": "Bangkok",
                "continent": "AS",
                "region": "Bangkok",
                "regionCode": "10",
                "timezone": "Asia/Bangkok",
                "longitude": "100.50144",
                "latitude": "13.75398",
                "postalCode": "10200",
                "tlsVersion": "TLSv1.3",
                "tlsCipher": "AEAD-AES128-GCM-SHA256",
                "tlsClientRandom": "YEjNtVr5F3ZVtixVl3Qlegc6WBX9itIriv6IUXGVK5I=",
                "tlsClientCiphersSha1": "3HTt3+R/6BL3zeALJDSq0pR1yOQ=",
                "tlsClientExtensionsSha1": "EwDHrZoo0HNVinydDIdk99TS7QA=",
                "tlsClientExtensionsSha1Le": "lO/E5bUtC5KDJ+lts5/+sSQItJc=",
                "tlsClientHelloLength": "1514",
                "tlsClientAuth": {
                    "certPresented": "0",
                    "certVerified": "NONE",
                    "certRevoked": "0",
                    "certIssuerDN": "",
                    "certSubjectDN": "",
                    "certIssuerDNRFC2253": "",
                    "certSubjectDNRFC2253": "",
                    "certIssuerDNLegacy": "",
                    "certSubjectDNLegacy": "",
                    "certSerial": "",
                    "certIssuerSerial": "",
                    "certSKI": "",
                    "certIssuerSKI": "",
                    "certFingerprintSHA1": "",
                    "certFingerprintSHA256": "",
                    "certNotBefore": "",
                    "certNotAfter": "",
                    "certRFC9440": "",
                    "certRFC9440TooLarge": false,
                    "certChainRFC9440": "",
                    "certChainRFC9440TooLarge": false
                },
                "verifiedBotCategory": "",
                "edgeL4": {
                    "deliveryRate": 165720
                }
            }
        },
        "response": {
            "status": 200
        }
    }
}
{
    "wallTime": 461,
    "cpuTime": 122,
    "truncated": false,
    "executionModel": "stateless",
    "outcome": "ok",
    "scriptVersion": {
        "id": "0141b03b-16aa-463f-bb04-28cc99b32179"
    },
    "scriptName": "vme-ips-reflection",
    "diagnosticsChannelEvents": [],
    "exceptions": [],
    "logs": [],
    "eventTimestamp": 1779102273975,
    "event": {
        "request": {
            "url": "https://vme-ips.denmasterfa.com/admin/users",
            "method": "GET",
            "headers": {
                "accept": "text/html,application/xhtml+xml,application/xml;q=0.9,image/avif,image/webp,image/apng,*/*;q=0.8,application/signed-exchange;v=b3;q=0.7",
                "accept-encoding": "gzip, br",
                "accept-language": "th-TH,th;q=0.9,en;q=0.8",
                "cf-connecting-ip": "49.237.42.99",
                "cf-ipcountry": "TH",
                "cf-ray": "9fda61bc4c022925",
                "cf-visitor": "{\"scheme\":\"https\"}",
                "connection": "Keep-Alive",
                "cookie": "REDACTED",
                "host": "vme-ips.denmasterfa.com",
                "priority": "u=0, i",
                "sec-ch-ua": "\"Chromium\";v=\"148\", \"Google Chrome\";v=\"148\", \"Not/A)Brand\";v=\"99\"",
                "sec-ch-ua-mobile": "?0",
                "sec-ch-ua-platform": "\"Windows\"",
                "sec-fetch-dest": "document",
                "sec-fetch-mode": "navigate",
                "sec-fetch-site": "none",
                "sec-fetch-user": "?1",
                "upgrade-insecure-requests": "1",
                "user-agent": "Mozilla/5.0 (Windows NT 10.0; Win64; x64) AppleWebKit/537.36 (KHTML, like Gecko) Chrome/148.0.0.0 Safari/537.36",
                "x-forwarded-proto": "https",
                "x-real-ip": "49.237.42.99"
            },
            "cf": {
                "httpProtocol": "HTTP/3",
                "clientAcceptEncoding": "gzip, deflate, br",
                "requestPriority": "",
                "edgeRequestKeepAliveStatus": 1,
                "requestHeaderNames": {},
                "clientTcpRtt": 0,
                "clientQuicRtt": 57,
                "colo": "SIN",
                "asn": 132618,
                "asOrganization": "GPRS/3G",
                "country": "TH",
                "isEUCountry": false,
                "city": "Bangkok",
                "continent": "AS",
                "region": "Bangkok",
                "regionCode": "10",
                "timezone": "Asia/Bangkok",
                "longitude": "100.50144",
                "latitude": "13.75398",
                "postalCode": "10200",
                "tlsVersion": "TLSv1.3",
                "tlsCipher": "AEAD-AES128-GCM-SHA256",
                "tlsClientRandom": "kpIn41tZhExgNoNO3pvlXPvHhn8OPXNfl115j8KwJ80=",
                "tlsClientCiphersSha1": "3HTt3+R/6BL3zeALJDSq0pR1yOQ=",
                "tlsClientExtensionsSha1": "KiKI4+Cid7TkLxj1iLbxdF+xaSA=",
                "tlsClientExtensionsSha1Le": "i8RKPcWx3eQJD4jj5RK80Rp1mXo=",
                "tlsClientHelloLength": "1705",
                "tlsClientAuth": {
                    "certPresented": "0",
                    "certVerified": "NONE",
                    "certRevoked": "0",
                    "certIssuerDN": "",
                    "certSubjectDN": "",
                    "certIssuerDNRFC2253": "",
                    "certSubjectDNRFC2253": "",
                    "certIssuerDNLegacy": "",
                    "certSubjectDNLegacy": "",
                    "certSerial": "",
                    "certIssuerSerial": "",
                    "certSKI": "",
                    "certIssuerSKI": "",
                    "certFingerprintSHA1": "",
                    "certFingerprintSHA256": "",
                    "certNotBefore": "",
                    "certNotAfter": "",
                    "certRFC9440": "",
                    "certRFC9440TooLarge": false,
                    "certChainRFC9440": "",
                    "certChainRFC9440TooLarge": false
                },
                "verifiedBotCategory": "",
                "edgeL4": {
                    "deliveryRate": 38859
                }
            }
        },
        "response": {
            "status": 200
        }
    }
}
{
    "wallTime": 8,
    "cpuTime": 0,
    "truncated": false,
    "executionModel": "stateless",
    "outcome": "ok",
    "scriptVersion": {
        "id": "0141b03b-16aa-463f-bb04-28cc99b32179"
    },
    "scriptName": "vme-ips-reflection",
    "diagnosticsChannelEvents": [],
    "exceptions": [],
    "logs": [],
    "eventTimestamp": 1779102274522,
    "event": {
        "request": {
            "url": "https://vme-ips.denmasterfa.com/profile?_rsc=iKnYMpwRDMxan1zE",
            "method": "GET",
            "headers": {
                "accept": "*/*",
                "accept-encoding": "gzip, br",
                "accept-language": "th-TH,th;q=0.9,en-US;q=0.8,en;q=0.7",
                "cf-connecting-ip": "223.24.199.235",
                "cf-ipcountry": "TH",
                "cf-ray": "9fda61bfa9e82ca3",
                "cf-visitor": "{\"scheme\":\"https\"}",
                "connection": "Keep-Alive",
                "host": "vme-ips.denmasterfa.com",
                "next-router-prefetch": "1",
                "next-router-state-tree": "%5B%22%22%2C%7B%22children%22%3A%5B%22(auth)%22%2C%7B%22children%22%3A%5B%22login%22%2C%7B%22children%22%3A%5B%22__PAGE__%22%2C%7B%7D%2Cnull%2Cnull%5D%7D%2Cnull%2Cnull%5D%7D%2Cnull%2Cnull%5D%7D%2Cnull%2Cnull%2Ctrue%5D",
                "next-url": "/login",
                "priority": "i",
                "referer": "https://vme-ips.denmasterfa.com/login",
                "rsc": "1",
                "sec-ch-ua": "\"Chromium\";v=\"146\", \"Not-A.Brand\";v=\"24\", \"Microsoft Edge\";v=\"146\"",
                "sec-ch-ua-mobile": "?1",
                "sec-ch-ua-platform": "\"Android\"",
                "sec-fetch-dest": "empty",
                "sec-fetch-mode": "cors",
                "sec-fetch-site": "same-origin",
                "user-agent": "Mozilla/5.0 (Linux; Android 10; K) AppleWebKit/537.36 (KHTML, like Gecko) Chrome/146.0.0.0 Mobile Safari/537.36 EdgA/146.0.0.0",
                "x-forwarded-proto": "https",
                "x-real-ip": "223.24.199.235"
            },
            "cf": {
                "httpProtocol": "HTTP/3",
                "clientAcceptEncoding": "gzip, deflate, br",
                "requestPriority": "",
                "edgeRequestKeepAliveStatus": 1,
                "requestHeaderNames": {},
                "clientTcpRtt": 0,
                "clientQuicRtt": 45,
                "colo": "BKK",
                "asn": 132618,
                "asOrganization": "GPRS/3G",
                "country": "TH",
                "isEUCountry": false,
                "city": "Bangkok",
                "continent": "AS",
                "region": "Bangkok",
                "regionCode": "10",
                "timezone": "Asia/Bangkok",
                "longitude": "100.50144",
                "latitude": "13.75398",
                "postalCode": "10200",
                "tlsVersion": "TLSv1.3",
                "tlsCipher": "AEAD-AES128-GCM-SHA256",
                "tlsClientRandom": "YEjNtVr5F3ZVtixVl3Qlegc6WBX9itIriv6IUXGVK5I=",
                "tlsClientCiphersSha1": "3HTt3+R/6BL3zeALJDSq0pR1yOQ=",
                "tlsClientExtensionsSha1": "EwDHrZoo0HNVinydDIdk99TS7QA=",
                "tlsClientExtensionsSha1Le": "lO/E5bUtC5KDJ+lts5/+sSQItJc=",
                "tlsClientHelloLength": "1514",
                "tlsClientAuth": {
                    "certPresented": "0",
                    "certVerified": "NONE",
                    "certRevoked": "0",
                    "certIssuerDN": "",
                    "certSubjectDN": "",
                    "certIssuerDNRFC2253": "",
                    "certSubjectDNRFC2253": "",
                    "certIssuerDNLegacy": "",
                    "certSubjectDNLegacy": "",
                    "certSerial": "",
                    "certIssuerSerial": "",
                    "certSKI": "",
                    "certIssuerSKI": "",
                    "certFingerprintSHA1": "",
                    "certFingerprintSHA256": "",
                    "certNotBefore": "",
                    "certNotAfter": "",
                    "certRFC9440": "",
                    "certRFC9440TooLarge": false,
                    "certChainRFC9440": "",
                    "certChainRFC9440TooLarge": false
                },
                "verifiedBotCategory": "",
                "edgeL4": {
                    "deliveryRate": 165720
                }
            }
        },
        "response": {
            "status": 307
        }
    }
}
{
    "wallTime": 26,
    "cpuTime": 18,
    "truncated": false,
    "executionModel": "stateless",
    "outcome": "ok",
    "scriptVersion": {
        "id": "0141b03b-16aa-463f-bb04-28cc99b32179"
    },
    "scriptName": "vme-ips-reflection",
    "diagnosticsChannelEvents": [],
    "exceptions": [],
    "logs": [],
    "eventTimestamp": 1779102274525,
    "event": {
        "request": {
            "url": "https://vme-ips.denmasterfa.com/login",
            "method": "GET",
            "headers": {
                "accept": "*/*",
                "accept-encoding": "gzip, br",
                "accept-language": "th-TH,th;q=0.9,en-US;q=0.8,en;q=0.7",
                "cf-connecting-ip": "223.24.199.235",
                "cf-ipcountry": "TH",
                "cf-ray": "9fda61bfa9e92ca3",
                "cf-visitor": "{\"scheme\":\"https\"}",
                "connection": "Keep-Alive",
                "host": "vme-ips.denmasterfa.com",
                "next-router-prefetch": "1",
                "next-router-state-tree": "%5B%22%22%2C%7B%22children%22%3A%5B%22(auth)%22%2C%7B%22children%22%3A%5B%22login%22%2C%7B%22children%22%3A%5B%22__PAGE__%22%2C%7B%7D%2Cnull%2Cnull%5D%7D%2Cnull%2Cnull%5D%7D%2Cnull%2Cnull%5D%7D%2Cnull%2Cnull%2Ctrue%5D",
                "next-url": "/login",
                "priority": "i",
                "referer": "https://vme-ips.denmasterfa.com/login",
                "rsc": "1",
                "sec-ch-ua": "\"Chromium\";v=\"146\", \"Not-A.Brand\";v=\"24\", \"Microsoft Edge\";v=\"146\"",
                "sec-ch-ua-mobile": "?1",
                "sec-ch-ua-platform": "\"Android\"",
                "sec-fetch-dest": "empty",
                "sec-fetch-mode": "cors",
                "sec-fetch-site": "same-origin",
                "user-agent": "Mozilla/5.0 (Linux; Android 10; K) AppleWebKit/537.36 (KHTML, like Gecko) Chrome/146.0.0.0 Mobile Safari/537.36 EdgA/146.0.0.0",
                "x-forwarded-proto": "https",
                "x-real-ip": "223.24.199.235"
            },
            "cf": {
                "httpProtocol": "HTTP/3",
                "clientAcceptEncoding": "gzip, deflate, br",
                "requestPriority": "",
                "edgeRequestKeepAliveStatus": 1,
                "requestHeaderNames": {},
                "clientTcpRtt": 0,
                "clientQuicRtt": 45,
                "colo": "BKK",
                "asn": 132618,
                "asOrganization": "GPRS/3G",
                "country": "TH",
                "isEUCountry": false,
                "city": "Bangkok",
                "continent": "AS",
                "region": "Bangkok",
                "regionCode": "10",
                "timezone": "Asia/Bangkok",
                "longitude": "100.50144",
                "latitude": "13.75398",
                "postalCode": "10200",
                "tlsVersion": "TLSv1.3",
                "tlsCipher": "AEAD-AES128-GCM-SHA256",
                "tlsClientRandom": "YEjNtVr5F3ZVtixVl3Qlegc6WBX9itIriv6IUXGVK5I=",
                "tlsClientCiphersSha1": "3HTt3+R/6BL3zeALJDSq0pR1yOQ=",
                "tlsClientExtensionsSha1": "EwDHrZoo0HNVinydDIdk99TS7QA=",
                "tlsClientExtensionsSha1Le": "lO/E5bUtC5KDJ+lts5/+sSQItJc=",
                "tlsClientHelloLength": "1514",
                "tlsClientAuth": {
                    "certPresented": "0",
                    "certVerified": "NONE",
                    "certRevoked": "0",
                    "certIssuerDN": "",
                    "certSubjectDN": "",
                    "certIssuerDNRFC2253": "",
                    "certSubjectDNRFC2253": "",
                    "certIssuerDNLegacy": "",
                    "certSubjectDNLegacy": "",
                    "certSerial": "",
                    "certIssuerSerial": "",
                    "certSKI": "",
                    "certIssuerSKI": "",
                    "certFingerprintSHA1": "",
                    "certFingerprintSHA256": "",
                    "certNotBefore": "",
                    "certNotAfter": "",
                    "certRFC9440": "",
                    "certRFC9440TooLarge": false,
                    "certChainRFC9440": "",
                    "certChainRFC9440TooLarge": false
                },
                "verifiedBotCategory": "",
                "edgeL4": {
                    "deliveryRate": 165720
                }
            }
        },
        "response": {
            "status": 200
        }
    }
}
{
    "wallTime": 20,
    "cpuTime": 17,
    "truncated": false,
    "executionModel": "stateless",
    "outcome": "ok",
    "scriptVersion": {
        "id": "0141b03b-16aa-463f-bb04-28cc99b32179"
    },
    "scriptName": "vme-ips-reflection",
    "diagnosticsChannelEvents": [],
    "exceptions": [],
    "logs": [],
    "eventTimestamp": 1779102274621,
    "event": {
        "request": {
            "url": "https://vme-ips.denmasterfa.com/login",
            "method": "GET",
            "headers": {
                "accept": "*/*",
                "accept-encoding": "gzip, br",
                "accept-language": "th-TH,th;q=0.9,en-US;q=0.8,en;q=0.7",
                "cf-connecting-ip": "223.24.199.235",
                "cf-ipcountry": "TH",
                "cf-ray": "9fda61c03a9d2ca3",
                "cf-visitor": "{\"scheme\":\"https\"}",
                "connection": "Keep-Alive",
                "host": "vme-ips.denmasterfa.com",
                "next-router-prefetch": "1",
                "next-router-state-tree": "%5B%22%22%2C%7B%22children%22%3A%5B%22(auth)%22%2C%7B%22children%22%3A%5B%22login%22%2C%7B%22children%22%3A%5B%22__PAGE__%22%2C%7B%7D%2Cnull%2Cnull%5D%7D%2Cnull%2Cnull%5D%7D%2Cnull%2Cnull%5D%7D%2Cnull%2Cnull%2Ctrue%5D",
                "next-url": "/login",
                "priority": "i",
                "referer": "https://vme-ips.denmasterfa.com/login",
                "rsc": "1",
                "sec-ch-ua": "\"Chromium\";v=\"146\", \"Not-A.Brand\";v=\"24\", \"Microsoft Edge\";v=\"146\"",
                "sec-ch-ua-mobile": "?1",
                "sec-ch-ua-platform": "\"Android\"",
                "sec-fetch-dest": "empty",
                "sec-fetch-mode": "cors",
                "sec-fetch-site": "same-origin",
                "user-agent": "Mozilla/5.0 (Linux; Android 10; K) AppleWebKit/537.36 (KHTML, like Gecko) Chrome/146.0.0.0 Mobile Safari/537.36 EdgA/146.0.0.0",
                "x-forwarded-proto": "https",
                "x-real-ip": "223.24.199.235"
            },
            "cf": {
                "httpProtocol": "HTTP/3",
                "clientAcceptEncoding": "gzip, deflate, br",
                "requestPriority": "",
                "edgeRequestKeepAliveStatus": 1,
                "requestHeaderNames": {},
                "clientTcpRtt": 0,
                "clientQuicRtt": 42,
                "colo": "BKK",
                "asn": 132618,
                "asOrganization": "GPRS/3G",
                "country": "TH",
                "isEUCountry": false,
                "city": "Bangkok",
                "continent": "AS",
                "region": "Bangkok",
                "regionCode": "10",
                "timezone": "Asia/Bangkok",
                "longitude": "100.50144",
                "latitude": "13.75398",
                "postalCode": "10200",
                "tlsVersion": "TLSv1.3",
                "tlsCipher": "AEAD-AES128-GCM-SHA256",
                "tlsClientRandom": "YEjNtVr5F3ZVtixVl3Qlegc6WBX9itIriv6IUXGVK5I=",
                "tlsClientCiphersSha1": "3HTt3+R/6BL3zeALJDSq0pR1yOQ=",
                "tlsClientExtensionsSha1": "EwDHrZoo0HNVinydDIdk99TS7QA=",
                "tlsClientExtensionsSha1Le": "lO/E5bUtC5KDJ+lts5/+sSQItJc=",
                "tlsClientHelloLength": "1514",
                "tlsClientAuth": {
                    "certPresented": "0",
                    "certVerified": "NONE",
                    "certRevoked": "0",
                    "certIssuerDN": "",
                    "certSubjectDN": "",
                    "certIssuerDNRFC2253": "",
                    "certSubjectDNRFC2253": "",
                    "certIssuerDNLegacy": "",
                    "certSubjectDNLegacy": "",
                    "certSerial": "",
                    "certIssuerSerial": "",
                    "certSKI": "",
                    "certIssuerSKI": "",
                    "certFingerprintSHA1": "",
                    "certFingerprintSHA256": "",
                    "certNotBefore": "",
                    "certNotAfter": "",
                    "certRFC9440": "",
                    "certRFC9440TooLarge": false,
                    "certChainRFC9440": "",
                    "certChainRFC9440TooLarge": false
                },
                "verifiedBotCategory": "",
                "edgeL4": {
                    "deliveryRate": 165720
                }
            }
        },
        "response": {
            "status": 200
        }
    }
}
{
    "wallTime": 15,
    "cpuTime": 13,
    "truncated": false,
    "executionModel": "stateless",
    "outcome": "ok",
    "scriptVersion": {
        "id": "0141b03b-16aa-463f-bb04-28cc99b32179"
    },
    "scriptName": "vme-ips-reflection",
    "diagnosticsChannelEvents": [],
    "exceptions": [],
    "logs": [],
    "eventTimestamp": 1779102274719,
    "event": {
        "request": {
            "url": "https://vme-ips.denmasterfa.com/login",
            "method": "GET",
            "headers": {
                "accept": "*/*",
                "accept-encoding": "gzip, br",
                "accept-language": "th-TH,th;q=0.9,en-US;q=0.8,en;q=0.7",
                "cf-connecting-ip": "223.24.199.235",
                "cf-ipcountry": "TH",
                "cf-ray": "9fda61c0fb282ca3",
                "cf-visitor": "{\"scheme\":\"https\"}",
                "connection": "Keep-Alive",
                "host": "vme-ips.denmasterfa.com",
                "next-router-prefetch": "1",
                "next-router-state-tree": "%5B%22%22%2C%7B%22children%22%3A%5B%22(auth)%22%2C%7B%22children%22%3A%5B%22login%22%2C%7B%22children%22%3A%5B%22__PAGE__%22%2C%7B%7D%2Cnull%2Cnull%5D%7D%2Cnull%2Cnull%5D%7D%2Cnull%2Cnull%5D%7D%2Cnull%2Cnull%2Ctrue%5D",
                "next-url": "/login",
                "priority": "i",
                "referer": "https://vme-ips.denmasterfa.com/login",
                "rsc": "1",
                "sec-ch-ua": "\"Chromium\";v=\"146\", \"Not-A.Brand\";v=\"24\", \"Microsoft Edge\";v=\"146\"",
                "sec-ch-ua-mobile": "?1",
                "sec-ch-ua-platform": "\"Android\"",
                "sec-fetch-dest": "empty",
                "sec-fetch-mode": "cors",
                "sec-fetch-site": "same-origin",
                "user-agent": "Mozilla/5.0 (Linux; Android 10; K) AppleWebKit/537.36 (KHTML, like Gecko) Chrome/146.0.0.0 Mobile Safari/537.36 EdgA/146.0.0.0",
                "x-forwarded-proto": "https",
                "x-real-ip": "223.24.199.235"
            },
            "cf": {
                "httpProtocol": "HTTP/3",
                "clientAcceptEncoding": "gzip, deflate, br",
                "requestPriority": "",
                "edgeRequestKeepAliveStatus": 1,
                "requestHeaderNames": {},
                "clientTcpRtt": 0,
                "clientQuicRtt": 42,
                "colo": "BKK",
                "asn": 132618,
                "asOrganization": "GPRS/3G",
                "country": "TH",
                "isEUCountry": false,
                "city": "Bangkok",
                "continent": "AS",
                "region": "Bangkok",
                "regionCode": "10",
                "timezone": "Asia/Bangkok",
                "longitude": "100.50144",
                "latitude": "13.75398",
                "postalCode": "10200",
                "tlsVersion": "TLSv1.3",
                "tlsCipher": "AEAD-AES128-GCM-SHA256",
                "tlsClientRandom": "YEjNtVr5F3ZVtixVl3Qlegc6WBX9itIriv6IUXGVK5I=",
                "tlsClientCiphersSha1": "3HTt3+R/6BL3zeALJDSq0pR1yOQ=",
                "tlsClientExtensionsSha1": "EwDHrZoo0HNVinydDIdk99TS7QA=",
                "tlsClientExtensionsSha1Le": "lO/E5bUtC5KDJ+lts5/+sSQItJc=",
                "tlsClientHelloLength": "1514",
                "tlsClientAuth": {
                    "certPresented": "0",
                    "certVerified": "NONE",
                    "certRevoked": "0",
                    "certIssuerDN": "",
                    "certSubjectDN": "",
                    "certIssuerDNRFC2253": "",
                    "certSubjectDNRFC2253": "",
                    "certIssuerDNLegacy": "",
                    "certSubjectDNLegacy": "",
                    "certSerial": "",
                    "certIssuerSerial": "",
                    "certSKI": "",
                    "certIssuerSKI": "",
                    "certFingerprintSHA1": "",
                    "certFingerprintSHA256": "",
                    "certNotBefore": "",
                    "certNotAfter": "",
                    "certRFC9440": "",
                    "certRFC9440TooLarge": false,
                    "certChainRFC9440": "",
                    "certChainRFC9440TooLarge": false
                },
                "verifiedBotCategory": "",
                "edgeL4": {
                    "deliveryRate": 165720
                }
            }
        },
        "response": {
            "status": 200
        }
    }
}
{
    "wallTime": 21,
    "cpuTime": 17,
    "truncated": false,
    "executionModel": "stateless",
    "outcome": "ok",
    "scriptVersion": {
        "id": "0141b03b-16aa-463f-bb04-28cc99b32179"
    },
    "scriptName": "vme-ips-reflection",
    "diagnosticsChannelEvents": [],
    "exceptions": [],
    "logs": [],
    "eventTimestamp": 1779102274783,
    "event": {
        "request": {
            "url": "https://vme-ips.denmasterfa.com/login",
            "method": "GET",
            "headers": {
                "accept": "*/*",
                "accept-encoding": "gzip, br",
                "accept-language": "th-TH,th;q=0.9,en-US;q=0.8,en;q=0.7",
                "cf-connecting-ip": "223.24.199.235",
                "cf-ipcountry": "TH",
                "cf-ray": "9fda61c15b792ca3",
                "cf-visitor": "{\"scheme\":\"https\"}",
                "connection": "Keep-Alive",
                "host": "vme-ips.denmasterfa.com",
                "next-router-prefetch": "1",
                "next-router-state-tree": "%5B%22%22%2C%7B%22children%22%3A%5B%22(auth)%22%2C%7B%22children%22%3A%5B%22login%22%2C%7B%22children%22%3A%5B%22__PAGE__%22%2C%7B%7D%2Cnull%2Cnull%5D%7D%2Cnull%2Cnull%5D%7D%2Cnull%2Cnull%5D%7D%2Cnull%2Cnull%2Ctrue%5D",
                "next-url": "/login",
                "priority": "i",
                "referer": "https://vme-ips.denmasterfa.com/login",
                "rsc": "1",
                "sec-ch-ua": "\"Chromium\";v=\"146\", \"Not-A.Brand\";v=\"24\", \"Microsoft Edge\";v=\"146\"",
                "sec-ch-ua-mobile": "?1",
                "sec-ch-ua-platform": "\"Android\"",
                "sec-fetch-dest": "empty",
                "sec-fetch-mode": "cors",
                "sec-fetch-site": "same-origin",
                "user-agent": "Mozilla/5.0 (Linux; Android 10; K) AppleWebKit/537.36 (KHTML, like Gecko) Chrome/146.0.0.0 Mobile Safari/537.36 EdgA/146.0.0.0",
                "x-forwarded-proto": "https",
                "x-real-ip": "223.24.199.235"
            },
            "cf": {
                "httpProtocol": "HTTP/3",
                "clientAcceptEncoding": "gzip, deflate, br",
                "requestPriority": "",
                "edgeRequestKeepAliveStatus": 1,
                "requestHeaderNames": {},
                "clientTcpRtt": 0,
                "clientQuicRtt": 36,
                "colo": "BKK",
                "asn": 132618,
                "asOrganization": "GPRS/3G",
                "country": "TH",
                "isEUCountry": false,
                "city": "Bangkok",
                "continent": "AS",
                "region": "Bangkok",
                "regionCode": "10",
                "timezone": "Asia/Bangkok",
                "longitude": "100.50144",
                "latitude": "13.75398",
                "postalCode": "10200",
                "tlsVersion": "TLSv1.3",
                "tlsCipher": "AEAD-AES128-GCM-SHA256",
                "tlsClientRandom": "YEjNtVr5F3ZVtixVl3Qlegc6WBX9itIriv6IUXGVK5I=",
                "tlsClientCiphersSha1": "3HTt3+R/6BL3zeALJDSq0pR1yOQ=",
                "tlsClientExtensionsSha1": "EwDHrZoo0HNVinydDIdk99TS7QA=",
                "tlsClientExtensionsSha1Le": "lO/E5bUtC5KDJ+lts5/+sSQItJc=",
                "tlsClientHelloLength": "1514",
                "tlsClientAuth": {
                    "certPresented": "0",
                    "certVerified": "NONE",
                    "certRevoked": "0",
                    "certIssuerDN": "",
                    "certSubjectDN": "",
                    "certIssuerDNRFC2253": "",
                    "certSubjectDNRFC2253": "",
                    "certIssuerDNLegacy": "",
                    "certSubjectDNLegacy": "",
                    "certSerial": "",
                    "certIssuerSerial": "",
                    "certSKI": "",
                    "certIssuerSKI": "",
                    "certFingerprintSHA1": "",
                    "certFingerprintSHA256": "",
                    "certNotBefore": "",
                    "certNotAfter": "",
                    "certRFC9440": "",
                    "certRFC9440TooLarge": false,
                    "certChainRFC9440": "",
                    "certChainRFC9440TooLarge": false
                },
                "verifiedBotCategory": "",
                "edgeL4": {
                    "deliveryRate": 165720
                }
            }
        },
        "response": {
            "status": 200
        }
    }
}
{
    "wallTime": 9,
    "cpuTime": 9,
    "truncated": false,
    "executionModel": "stateless",
    "outcome": "ok",
    "scriptVersion": {
        "id": "0141b03b-16aa-463f-bb04-28cc99b32179"
    },
    "scriptName": "vme-ips-reflection",
    "diagnosticsChannelEvents": [],
    "exceptions": [],
    "logs": [],
    "eventTimestamp": 1779102275350,
    "event": {
        "request": {
            "url": "https://vme-ips.denmasterfa.com/profile?_rsc=cn-cLt9lS3W3dmz9",
            "method": "GET",
            "headers": {
                "accept": "*/*",
                "accept-encoding": "gzip, br",
                "accept-language": "th-TH,th;q=0.9,en;q=0.8",
                "cf-connecting-ip": "49.237.42.99",
                "cf-ipcountry": "TH",
                "cf-ray": "9fda61c4e99b2925",
                "cf-visitor": "{\"scheme\":\"https\"}",
                "connection": "Keep-Alive",
                "cookie": "REDACTED",
                "host": "vme-ips.denmasterfa.com",
                "next-router-prefetch": "1",
                "next-router-state-tree": "%5B%22%22%2C%7B%22children%22%3A%5B%22admin%22%2C%7B%22children%22%3A%5B%22users%22%2C%7B%22children%22%3A%5B%22__PAGE__%22%2C%7B%7D%2Cnull%2Cnull%5D%7D%2Cnull%2Cnull%5D%7D%2Cnull%2Cnull%5D%7D%2Cnull%2Cnull%2Ctrue%5D",
                "next-url": "/admin/users",
                "priority": "i",
                "referer": "https://vme-ips.denmasterfa.com/admin/users",
                "rsc": "1",
                "sec-ch-ua": "\"Chromium\";v=\"148\", \"Google Chrome\";v=\"148\", \"Not/A)Brand\";v=\"99\"",
                "sec-ch-ua-mobile": "?0",
                "sec-ch-ua-platform": "\"Windows\"",
                "sec-fetch-dest": "empty",
                "sec-fetch-mode": "cors",
                "sec-fetch-site": "same-origin",
                "user-agent": "Mozilla/5.0 (Windows NT 10.0; Win64; x64) AppleWebKit/537.36 (KHTML, like Gecko) Chrome/148.0.0.0 Safari/537.36",
                "x-forwarded-proto": "https",
                "x-real-ip": "49.237.42.99"
            },
            "cf": {
                "httpProtocol": "HTTP/3",
                "clientAcceptEncoding": "gzip, deflate, br",
                "requestPriority": "",
                "edgeRequestKeepAliveStatus": 1,
                "requestHeaderNames": {},
                "clientTcpRtt": 0,
                "clientQuicRtt": 98,
                "colo": "SIN",
                "asn": 132618,
                "asOrganization": "GPRS/3G",
                "country": "TH",
                "isEUCountry": false,
                "city": "Bangkok",
                "continent": "AS",
                "region": "Bangkok",
                "regionCode": "10",
                "timezone": "Asia/Bangkok",
                "longitude": "100.50144",
                "latitude": "13.75398",
                "postalCode": "10200",
                "tlsVersion": "TLSv1.3",
                "tlsCipher": "AEAD-AES128-GCM-SHA256",
                "tlsClientRandom": "kpIn41tZhExgNoNO3pvlXPvHhn8OPXNfl115j8KwJ80=",
                "tlsClientCiphersSha1": "3HTt3+R/6BL3zeALJDSq0pR1yOQ=",
                "tlsClientExtensionsSha1": "KiKI4+Cid7TkLxj1iLbxdF+xaSA=",
                "tlsClientExtensionsSha1Le": "i8RKPcWx3eQJD4jj5RK80Rp1mXo=",
                "tlsClientHelloLength": "1705",
                "tlsClientAuth": {
                    "certPresented": "0",
                    "certVerified": "NONE",
                    "certRevoked": "0",
                    "certIssuerDN": "",
                    "certSubjectDN": "",
                    "certIssuerDNRFC2253": "",
                    "certSubjectDNRFC2253": "",
                    "certIssuerDNLegacy": "",
                    "certSubjectDNLegacy": "",
                    "certSerial": "",
                    "certIssuerSerial": "",
                    "certSKI": "",
                    "certIssuerSKI": "",
                    "certFingerprintSHA1": "",
                    "certFingerprintSHA256": "",
                    "certNotBefore": "",
                    "certNotAfter": "",
                    "certRFC9440": "",
                    "certRFC9440TooLarge": false,
                    "certChainRFC9440": "",
                    "certChainRFC9440TooLarge": false
                },
                "verifiedBotCategory": "",
                "edgeL4": {
                    "deliveryRate": 197143
                }
            }
        },
        "response": {
            "status": 200
        }
    }
}
{
    "wallTime": 9,
    "cpuTime": 9,
    "truncated": false,
    "executionModel": "stateless",
    "outcome": "ok",
    "scriptVersion": {
        "id": "0141b03b-16aa-463f-bb04-28cc99b32179"
    },
    "scriptName": "vme-ips-reflection",
    "diagnosticsChannelEvents": [],
    "exceptions": [],
    "logs": [],
    "eventTimestamp": 1779102275360,
    "event": {
        "request": {
            "url": "https://vme-ips.denmasterfa.com/?_rsc=cn-cLt9lS3W3dmz9",
            "method": "GET",
            "headers": {
                "accept": "*/*",
                "accept-encoding": "gzip, br",
                "accept-language": "th-TH,th;q=0.9,en;q=0.8",
                "cf-connecting-ip": "49.237.42.99",
                "cf-ipcountry": "TH",
                "cf-ray": "9fda61c4f9a12925",
                "cf-visitor": "{\"scheme\":\"https\"}",
                "connection": "Keep-Alive",
                "cookie": "REDACTED",
                "host": "vme-ips.denmasterfa.com",
                "next-router-prefetch": "1",
                "next-router-state-tree": "%5B%22%22%2C%7B%22children%22%3A%5B%22admin%22%2C%7B%22children%22%3A%5B%22users%22%2C%7B%22children%22%3A%5B%22__PAGE__%22%2C%7B%7D%2Cnull%2Cnull%5D%7D%2Cnull%2Cnull%5D%7D%2Cnull%2Cnull%5D%7D%2Cnull%2Cnull%2Ctrue%5D",
                "next-url": "/admin/users",
                "priority": "i",
                "referer": "https://vme-ips.denmasterfa.com/admin/users",
                "rsc": "1",
                "sec-ch-ua": "\"Chromium\";v=\"148\", \"Google Chrome\";v=\"148\", \"Not/A)Brand\";v=\"99\"",
                "sec-ch-ua-mobile": "?0",
                "sec-ch-ua-platform": "\"Windows\"",
                "sec-fetch-dest": "empty",
                "sec-fetch-mode": "cors",
                "sec-fetch-site": "same-origin",
                "user-agent": "Mozilla/5.0 (Windows NT 10.0; Win64; x64) AppleWebKit/537.36 (KHTML, like Gecko) Chrome/148.0.0.0 Safari/537.36",
                "x-forwarded-proto": "https",
                "x-real-ip": "49.237.42.99"
            },
            "cf": {
                "httpProtocol": "HTTP/3",
                "clientAcceptEncoding": "gzip, deflate, br",
                "requestPriority": "",
                "edgeRequestKeepAliveStatus": 1,
                "requestHeaderNames": {},
                "clientTcpRtt": 0,
                "clientQuicRtt": 98,
                "colo": "SIN",
                "asn": 132618,
                "asOrganization": "GPRS/3G",
                "country": "TH",
                "isEUCountry": false,
                "city": "Bangkok",
                "continent": "AS",
                "region": "Bangkok",
                "regionCode": "10",
                "timezone": "Asia/Bangkok",
                "longitude": "100.50144",
                "latitude": "13.75398",
                "postalCode": "10200",
                "tlsVersion": "TLSv1.3",
                "tlsCipher": "AEAD-AES128-GCM-SHA256",
                "tlsClientRandom": "kpIn41tZhExgNoNO3pvlXPvHhn8OPXNfl115j8KwJ80=",
                "tlsClientCiphersSha1": "3HTt3+R/6BL3zeALJDSq0pR1yOQ=",
                "tlsClientExtensionsSha1": "KiKI4+Cid7TkLxj1iLbxdF+xaSA=",
                "tlsClientExtensionsSha1Le": "i8RKPcWx3eQJD4jj5RK80Rp1mXo=",
                "tlsClientHelloLength": "1705",
                "tlsClientAuth": {
                    "certPresented": "0",
                    "certVerified": "NONE",
                    "certRevoked": "0",
                    "certIssuerDN": "",
                    "certSubjectDN": "",
                    "certIssuerDNRFC2253": "",
                    "certSubjectDNRFC2253": "",
                    "certIssuerDNLegacy": "",
                    "certSubjectDNLegacy": "",
                    "certSerial": "",
                    "certIssuerSerial": "",
                    "certSKI": "",
                    "certIssuerSKI": "",
                    "certFingerprintSHA1": "",
                    "certFingerprintSHA256": "",
                    "certNotBefore": "",
                    "certNotAfter": "",
                    "certRFC9440": "",
                    "certRFC9440TooLarge": false,
                    "certChainRFC9440": "",
                    "certChainRFC9440TooLarge": false
                },
                "verifiedBotCategory": "",
                "edgeL4": {
                    "deliveryRate": 197143
                }
            }
        },
        "response": {
            "status": 200
        }
    }
}
{
    "wallTime": 92,
    "cpuTime": 87,
    "truncated": false,
    "executionModel": "stateless",
    "outcome": "ok",
    "scriptVersion": {
        "id": "0141b03b-16aa-463f-bb04-28cc99b32179"
    },
    "scriptName": "vme-ips-reflection",
    "diagnosticsChannelEvents": [],
    "exceptions": [],
    "logs": [],
    "eventTimestamp": 1779102275381,
    "event": {
        "request": {
            "url": "https://vme-ips.denmasterfa.com/library?_rsc=cn-cLt9lS3W3dmz9",
            "method": "GET",
            "headers": {
                "accept": "*/*",
                "accept-encoding": "gzip, br",
                "accept-language": "th-TH,th;q=0.9,en;q=0.8",
                "cf-connecting-ip": "49.237.42.99",
                "cf-ipcountry": "TH",
                "cf-ray": "9fda61c519ad2925",
                "cf-visitor": "{\"scheme\":\"https\"}",
                "connection": "Keep-Alive",
                "cookie": "REDACTED",
                "host": "vme-ips.denmasterfa.com",
                "next-router-prefetch": "1",
                "next-router-state-tree": "%5B%22%22%2C%7B%22children%22%3A%5B%22admin%22%2C%7B%22children%22%3A%5B%22users%22%2C%7B%22children%22%3A%5B%22__PAGE__%22%2C%7B%7D%2Cnull%2Cnull%5D%7D%2Cnull%2Cnull%5D%7D%2Cnull%2Cnull%5D%7D%2Cnull%2Cnull%2Ctrue%5D",
                "next-url": "/admin/users",
                "priority": "i",
                "referer": "https://vme-ips.denmasterfa.com/admin/users",
                "rsc": "1",
                "sec-ch-ua": "\"Chromium\";v=\"148\", \"Google Chrome\";v=\"148\", \"Not/A)Brand\";v=\"99\"",
                "sec-ch-ua-mobile": "?0",
                "sec-ch-ua-platform": "\"Windows\"",
                "sec-fetch-dest": "empty",
                "sec-fetch-mode": "cors",
                "sec-fetch-site": "same-origin",
                "user-agent": "Mozilla/5.0 (Windows NT 10.0; Win64; x64) AppleWebKit/537.36 (KHTML, like Gecko) Chrome/148.0.0.0 Safari/537.36",
                "x-forwarded-proto": "https",
                "x-real-ip": "49.237.42.99"
            },
            "cf": {
                "httpProtocol": "HTTP/3",
                "clientAcceptEncoding": "gzip, deflate, br",
                "requestPriority": "",
                "edgeRequestKeepAliveStatus": 1,
                "requestHeaderNames": {},
                "clientTcpRtt": 0,
                "clientQuicRtt": 98,
                "colo": "SIN",
                "asn": 132618,
                "asOrganization": "GPRS/3G",
                "country": "TH",
                "isEUCountry": false,
                "city": "Bangkok",
                "continent": "AS",
                "region": "Bangkok",
                "regionCode": "10",
                "timezone": "Asia/Bangkok",
                "longitude": "100.50144",
                "latitude": "13.75398",
                "postalCode": "10200",
                "tlsVersion": "TLSv1.3",
                "tlsCipher": "AEAD-AES128-GCM-SHA256",
                "tlsClientRandom": "kpIn41tZhExgNoNO3pvlXPvHhn8OPXNfl115j8KwJ80=",
                "tlsClientCiphersSha1": "3HTt3+R/6BL3zeALJDSq0pR1yOQ=",
                "tlsClientExtensionsSha1": "KiKI4+Cid7TkLxj1iLbxdF+xaSA=",
                "tlsClientExtensionsSha1Le": "i8RKPcWx3eQJD4jj5RK80Rp1mXo=",
                "tlsClientHelloLength": "1705",
                "tlsClientAuth": {
                    "certPresented": "0",
                    "certVerified": "NONE",
                    "certRevoked": "0",
                    "certIssuerDN": "",
                    "certSubjectDN": "",
                    "certIssuerDNRFC2253": "",
                    "certSubjectDNRFC2253": "",
                    "certIssuerDNLegacy": "",
                    "certSubjectDNLegacy": "",
                    "certSerial": "",
                    "certIssuerSerial": "",
                    "certSKI": "",
                    "certIssuerSKI": "",
                    "certFingerprintSHA1": "",
                    "certFingerprintSHA256": "",
                    "certNotBefore": "",
                    "certNotAfter": "",
                    "certRFC9440": "",
                    "certRFC9440TooLarge": false,
                    "certChainRFC9440": "",
                    "certChainRFC9440TooLarge": false
                },
                "verifiedBotCategory": "",
                "edgeL4": {
                    "deliveryRate": 197143
                }
            }
        },
        "response": {
            "status": 200
        }
    }
}
{
    "wallTime": 238,
    "cpuTime": 192,
    "truncated": false,
    "executionModel": "stateless",
    "outcome": "ok",
    "scriptVersion": {
        "id": "0141b03b-16aa-463f-bb04-28cc99b32179"
    },
    "scriptName": "vme-ips-reflection",
    "diagnosticsChannelEvents": [],
    "exceptions": [],
    "logs": [],
    "eventTimestamp": 1779102275382,
    "event": {
        "request": {
            "url": "https://vme-ips.denmasterfa.com/reflect?_rsc=cn-cLt9lS3W3dmz9",
            "method": "GET",
            "headers": {
                "accept": "*/*",
                "accept-encoding": "gzip, br",
                "accept-language": "th-TH,th;q=0.9,en;q=0.8",
                "cf-connecting-ip": "49.237.42.99",
                "cf-ipcountry": "TH",
                "cf-ray": "9fda61c529b42925",
                "cf-visitor": "{\"scheme\":\"https\"}",
                "connection": "Keep-Alive",
                "cookie": "REDACTED",
                "host": "vme-ips.denmasterfa.com",
                "next-router-prefetch": "1",
                "next-router-state-tree": "%5B%22%22%2C%7B%22children%22%3A%5B%22admin%22%2C%7B%22children%22%3A%5B%22users%22%2C%7B%22children%22%3A%5B%22__PAGE__%22%2C%7B%7D%2Cnull%2Cnull%5D%7D%2Cnull%2Cnull%5D%7D%2Cnull%2Cnull%5D%7D%2Cnull%2Cnull%2Ctrue%5D",
                "next-url": "/admin/users",
                "priority": "i",
                "referer": "https://vme-ips.denmasterfa.com/admin/users",
                "rsc": "1",
                "sec-ch-ua": "\"Chromium\";v=\"148\", \"Google Chrome\";v=\"148\", \"Not/A)Brand\";v=\"99\"",
                "sec-ch-ua-mobile": "?0",
                "sec-ch-ua-platform": "\"Windows\"",
                "sec-fetch-dest": "empty",
                "sec-fetch-mode": "cors",
                "sec-fetch-site": "same-origin",
                "user-agent": "Mozilla/5.0 (Windows NT 10.0; Win64; x64) AppleWebKit/537.36 (KHTML, like Gecko) Chrome/148.0.0.0 Safari/537.36",
                "x-forwarded-proto": "https",
                "x-real-ip": "49.237.42.99"
            },
            "cf": {
                "httpProtocol": "HTTP/3",
                "clientAcceptEncoding": "gzip, deflate, br",
                "requestPriority": "",
                "edgeRequestKeepAliveStatus": 1,
                "requestHeaderNames": {},
                "clientTcpRtt": 0,
                "clientQuicRtt": 98,
                "colo": "SIN",
                "asn": 132618,
                "asOrganization": "GPRS/3G",
                "country": "TH",
                "isEUCountry": false,
                "city": "Bangkok",
                "continent": "AS",
                "region": "Bangkok",
                "regionCode": "10",
                "timezone": "Asia/Bangkok",
                "longitude": "100.50144",
                "latitude": "13.75398",
                "postalCode": "10200",
                "tlsVersion": "TLSv1.3",
                "tlsCipher": "AEAD-AES128-GCM-SHA256",
                "tlsClientRandom": "kpIn41tZhExgNoNO3pvlXPvHhn8OPXNfl115j8KwJ80=",
                "tlsClientCiphersSha1": "3HTt3+R/6BL3zeALJDSq0pR1yOQ=",
                "tlsClientExtensionsSha1": "KiKI4+Cid7TkLxj1iLbxdF+xaSA=",
                "tlsClientExtensionsSha1Le": "i8RKPcWx3eQJD4jj5RK80Rp1mXo=",
                "tlsClientHelloLength": "1705",
                "tlsClientAuth": {
                    "certPresented": "0",
                    "certVerified": "NONE",
                    "certRevoked": "0",
                    "certIssuerDN": "",
                    "certSubjectDN": "",
                    "certIssuerDNRFC2253": "",
                    "certSubjectDNRFC2253": "",
                    "certIssuerDNLegacy": "",
                    "certSubjectDNLegacy": "",
                    "certSerial": "",
                    "certIssuerSerial": "",
                    "certSKI": "",
                    "certIssuerSKI": "",
                    "certFingerprintSHA1": "",
                    "certFingerprintSHA256": "",
                    "certNotBefore": "",
                    "certNotAfter": "",
                    "certRFC9440": "",
                    "certRFC9440TooLarge": false,
                    "certChainRFC9440": "",
                    "certChainRFC9440TooLarge": false
                },
                "verifiedBotCategory": "",
                "edgeL4": {
                    "deliveryRate": 197143
                }
            }
        },
        "response": {
            "status": 200
        }
    }
}
{
    "wallTime": 210,
    "cpuTime": 20,
    "truncated": false,
    "executionModel": "stateless",
    "outcome": "ok",
    "scriptVersion": {
        "id": "0141b03b-16aa-463f-bb04-28cc99b32179"
    },
    "scriptName": "vme-ips-reflection",
    "diagnosticsChannelEvents": [],
    "exceptions": [],
    "logs": [],
    "eventTimestamp": 1779102275682,
    "event": {
        "request": {
            "url": "https://vme-ips.denmasterfa.com/kaewsai?_rsc=cn-cLt9lS3W3dmz9",
            "method": "GET",
            "headers": {
                "accept": "*/*",
                "accept-encoding": "gzip, br",
                "accept-language": "th-TH,th;q=0.9,en;q=0.8",
                "cf-connecting-ip": "49.237.42.99",
                "cf-ipcountry": "TH",
                "cf-ray": "9fda61c70aa92925",
                "cf-visitor": "{\"scheme\":\"https\"}",
                "connection": "Keep-Alive",
                "cookie": "REDACTED",
                "host": "vme-ips.denmasterfa.com",
                "next-router-prefetch": "1",
                "next-router-state-tree": "%5B%22%22%2C%7B%22children%22%3A%5B%22admin%22%2C%7B%22children%22%3A%5B%22users%22%2C%7B%22children%22%3A%5B%22__PAGE__%22%2C%7B%7D%2Cnull%2Cnull%5D%7D%2Cnull%2Cnull%5D%7D%2Cnull%2Cnull%5D%7D%2Cnull%2Cnull%2Ctrue%5D",
                "next-url": "/admin/users",
                "priority": "i",
                "referer": "https://vme-ips.denmasterfa.com/admin/users",
                "rsc": "1",
                "sec-ch-ua": "\"Chromium\";v=\"148\", \"Google Chrome\";v=\"148\", \"Not/A)Brand\";v=\"99\"",
                "sec-ch-ua-mobile": "?0",
                "sec-ch-ua-platform": "\"Windows\"",
                "sec-fetch-dest": "empty",
                "sec-fetch-mode": "cors",
                "sec-fetch-site": "same-origin",
                "user-agent": "Mozilla/5.0 (Windows NT 10.0; Win64; x64) AppleWebKit/537.36 (KHTML, like Gecko) Chrome/148.0.0.0 Safari/537.36",
                "x-forwarded-proto": "https",
                "x-real-ip": "49.237.42.99"
            },
            "cf": {
                "httpProtocol": "HTTP/3",
                "clientAcceptEncoding": "gzip, deflate, br",
                "requestPriority": "",
                "edgeRequestKeepAliveStatus": 1,
                "requestHeaderNames": {},
                "clientTcpRtt": 0,
                "clientQuicRtt": 108,
                "colo": "SIN",
                "asn": 132618,
                "asOrganization": "GPRS/3G",
                "country": "TH",
                "isEUCountry": false,
                "city": "Bangkok",
                "continent": "AS",
                "region": "Bangkok",
                "regionCode": "10",
                "timezone": "Asia/Bangkok",
                "longitude": "100.50144",
                "latitude": "13.75398",
                "postalCode": "10200",
                "tlsVersion": "TLSv1.3",
                "tlsCipher": "AEAD-AES128-GCM-SHA256",
                "tlsClientRandom": "kpIn41tZhExgNoNO3pvlXPvHhn8OPXNfl115j8KwJ80=",
                "tlsClientCiphersSha1": "3HTt3+R/6BL3zeALJDSq0pR1yOQ=",
                "tlsClientExtensionsSha1": "KiKI4+Cid7TkLxj1iLbxdF+xaSA=",
                "tlsClientExtensionsSha1Le": "i8RKPcWx3eQJD4jj5RK80Rp1mXo=",
                "tlsClientHelloLength": "1705",
                "tlsClientAuth": {
                    "certPresented": "0",
                    "certVerified": "NONE",
                    "certRevoked": "0",
                    "certIssuerDN": "",
                    "certSubjectDN": "",
                    "certIssuerDNRFC2253": "",
                    "certSubjectDNRFC2253": "",
                    "certIssuerDNLegacy": "",
                    "certSubjectDNLegacy": "",
                    "certSerial": "",
                    "certIssuerSerial": "",
                    "certSKI": "",
                    "certIssuerSKI": "",
                    "certFingerprintSHA1": "",
                    "certFingerprintSHA256": "",
                    "certNotBefore": "",
                    "certNotAfter": "",
                    "certRFC9440": "",
                    "certRFC9440TooLarge": false,
                    "certChainRFC9440": "",
                    "certChainRFC9440TooLarge": false
                },
                "verifiedBotCategory": "",
                "edgeL4": {
                    "deliveryRate": 197143
                }
            }
        },
        "response": {
            "status": 200
        }
    }
}
{
    "wallTime": 243,
    "cpuTime": 23,
    "truncated": false,
    "executionModel": "stateless",
    "outcome": "ok",
    "scriptVersion": {
        "id": "0141b03b-16aa-463f-bb04-28cc99b32179"
    },
    "scriptName": "vme-ips-reflection",
    "diagnosticsChannelEvents": [],
    "exceptions": [],
    "logs": [],
    "eventTimestamp": 1779102275379,
    "event": {
        "request": {
            "url": "https://vme-ips.denmasterfa.com/smart?_rsc=cn-cLt9lS3W3dmz9",
            "method": "GET",
            "headers": {
                "accept": "*/*",
                "accept-encoding": "gzip, br",
                "accept-language": "th-TH,th;q=0.9,en;q=0.8",
                "cf-connecting-ip": "49.237.42.99",
                "cf-ipcountry": "TH",
                "cf-ray": "9fda61c519ac2925",
                "cf-visitor": "{\"scheme\":\"https\"}",
                "connection": "Keep-Alive",
                "cookie": "REDACTED",
                "host": "vme-ips.denmasterfa.com",
                "next-router-prefetch": "1",
                "next-router-state-tree": "%5B%22%22%2C%7B%22children%22%3A%5B%22admin%22%2C%7B%22children%22%3A%5B%22users%22%2C%7B%22children%22%3A%5B%22__PAGE__%22%2C%7B%7D%2Cnull%2Cnull%5D%7D%2Cnull%2Cnull%5D%7D%2Cnull%2Cnull%5D%7D%2Cnull%2Cnull%2Ctrue%5D",
                "next-url": "/admin/users",
                "priority": "i",
                "referer": "https://vme-ips.denmasterfa.com/admin/users",
                "rsc": "1",
                "sec-ch-ua": "\"Chromium\";v=\"148\", \"Google Chrome\";v=\"148\", \"Not/A)Brand\";v=\"99\"",
                "sec-ch-ua-mobile": "?0",
                "sec-ch-ua-platform": "\"Windows\"",
                "sec-fetch-dest": "empty",
                "sec-fetch-mode": "cors",
                "sec-fetch-site": "same-origin",
                "user-agent": "Mozilla/5.0 (Windows NT 10.0; Win64; x64) AppleWebKit/537.36 (KHTML, like Gecko) Chrome/148.0.0.0 Safari/537.36",
                "x-forwarded-proto": "https",
                "x-real-ip": "49.237.42.99"
            },
            "cf": {
                "httpProtocol": "HTTP/3",
                "clientAcceptEncoding": "gzip, deflate, br",
                "requestPriority": "",
                "edgeRequestKeepAliveStatus": 1,
                "requestHeaderNames": {},
                "clientTcpRtt": 0,
                "clientQuicRtt": 98,
                "colo": "SIN",
                "asn": 132618,
                "asOrganization": "GPRS/3G",
                "country": "TH",
                "isEUCountry": false,
                "city": "Bangkok",
                "continent": "AS",
                "region": "Bangkok",
                "regionCode": "10",
                "timezone": "Asia/Bangkok",
                "longitude": "100.50144",
                "latitude": "13.75398",
                "postalCode": "10200",
                "tlsVersion": "TLSv1.3",
                "tlsCipher": "AEAD-AES128-GCM-SHA256",
                "tlsClientRandom": "kpIn41tZhExgNoNO3pvlXPvHhn8OPXNfl115j8KwJ80=",
                "tlsClientCiphersSha1": "3HTt3+R/6BL3zeALJDSq0pR1yOQ=",
                "tlsClientExtensionsSha1": "KiKI4+Cid7TkLxj1iLbxdF+xaSA=",
                "tlsClientExtensionsSha1Le": "i8RKPcWx3eQJD4jj5RK80Rp1mXo=",
                "tlsClientHelloLength": "1705",
                "tlsClientAuth": {
                    "certPresented": "0",
                    "certVerified": "NONE",
                    "certRevoked": "0",
                    "certIssuerDN": "",
                    "certSubjectDN": "",
                    "certIssuerDNRFC2253": "",
                    "certSubjectDNRFC2253": "",
                    "certIssuerDNLegacy": "",
                    "certSubjectDNLegacy": "",
                    "certSerial": "",
                    "certIssuerSerial": "",
                    "certSKI": "",
                    "certIssuerSKI": "",
                    "certFingerprintSHA1": "",
                    "certFingerprintSHA256": "",
                    "certNotBefore": "",
                    "certNotAfter": "",
                    "certRFC9440": "",
                    "certRFC9440TooLarge": false,
                    "certChainRFC9440": "",
                    "certChainRFC9440TooLarge": false
                },
                "verifiedBotCategory": "",
                "edgeL4": {
                    "deliveryRate": 197143
                }
            }
        },
        "response": {
            "status": 200
        }
    }
}
{
    "wallTime": 294,
    "cpuTime": 238,
    "truncated": false,
    "executionModel": "stateless",
    "outcome": "ok",
    "scriptVersion": {
        "id": "0141b03b-16aa-463f-bb04-28cc99b32179"
    },
    "scriptName": "vme-ips-reflection",
    "diagnosticsChannelEvents": [],
    "exceptions": [],
    "logs": [],
    "eventTimestamp": 1779102286209,
    "event": {
        "request": {
            "url": "https://vme-ips.denmasterfa.com/profile",
            "method": "GET",
            "headers": {
                "accept": "text/html,application/xhtml+xml,application/xml;q=0.9,image/avif,image/webp,image/apng,*/*;q=0.8,application/signed-exchange;v=b3;q=0.7",
                "accept-encoding": "gzip, br",
                "accept-language": "th-TH,th;q=0.9,en;q=0.8",
                "cf-connecting-ip": "49.237.42.99",
                "cf-ipcountry": "TH",
                "cf-ray": "9fda6208bea6fdb0",
                "cf-visitor": "{\"scheme\":\"https\"}",
                "connection": "Keep-Alive",
                "cookie": "REDACTED",
                "host": "vme-ips.denmasterfa.com",
                "priority": "u=0, i",
                "sec-ch-ua": "\"Chromium\";v=\"148\", \"Google Chrome\";v=\"148\", \"Not/A)Brand\";v=\"99\"",
                "sec-ch-ua-mobile": "?0",
                "sec-ch-ua-platform": "\"Windows\"",
                "sec-fetch-dest": "document",
                "sec-fetch-mode": "navigate",
                "sec-fetch-site": "none",
                "sec-fetch-user": "?1",
                "upgrade-insecure-requests": "1",
                "user-agent": "Mozilla/5.0 (Windows NT 10.0; Win64; x64) AppleWebKit/537.36 (KHTML, like Gecko) Chrome/148.0.0.0 Safari/537.36",
                "x-forwarded-proto": "https",
                "x-real-ip": "49.237.42.99"
            },
            "cf": {
                "httpProtocol": "HTTP/2",
                "clientAcceptEncoding": "gzip, deflate, br",
                "requestPriority": "weight=256;exclusive=1",
                "edgeRequestKeepAliveStatus": 1,
                "requestHeaderNames": {},
                "clientTcpRtt": 31,
                "clientQuicRtt": 0,
                "colo": "SIN",
                "asn": 132618,
                "asOrganization": "GPRS/3G",
                "country": "TH",
                "isEUCountry": false,
                "city": "Bangkok",
                "continent": "AS",
                "region": "Bangkok",
                "regionCode": "10",
                "timezone": "Asia/Bangkok",
                "longitude": "100.50144",
                "latitude": "13.75398",
                "postalCode": "10200",
                "tlsVersion": "TLSv1.3",
                "tlsCipher": "AEAD-AES128-GCM-SHA256",
                "tlsClientRandom": "Y7fyiyXToEHXNaO3C/L2DxOa2v76S75unEO4+BAlQAs=",
                "tlsClientCiphersSha1": "j7bXVc3l/qer8FRj2aEiq0rx1ro=",
                "tlsClientExtensionsSha1": "/kx+ekZgdsZ3S6Y6Bqu/uLR9LQA=",
                "tlsClientExtensionsSha1Le": "PugGKEmn0+dVHOxX2T6P5xxBI34=",
                "tlsExportedAuthenticator": {
                    "clientHandshake": "c0531f391c0b276217147ab422e8a651798c8e5e994f468ae509bab77940194f",
                    "serverHandshake": "055074941abf553e2180798126433f5e707faa22378be40266151b08387907e4",
                    "clientFinished": "71c6e92e6164e239b6c54c14e520df1656fd3d0ba62c0f362ba12e2a47376378",
                    "serverFinished": "fcdda7b5874ccf86532d7b9231085e2aac0ce80acc0b849925d036b5b12baba6"
                },
                "tlsClientHelloLength": "2027",
                "tlsClientAuth": {
                    "certPresented": "0",
                    "certVerified": "NONE",
                    "certRevoked": "0",
                    "certIssuerDN": "",
                    "certSubjectDN": "",
                    "certIssuerDNRFC2253": "",
                    "certSubjectDNRFC2253": "",
                    "certIssuerDNLegacy": "",
                    "certSubjectDNLegacy": "",
                    "certSerial": "",
                    "certIssuerSerial": "",
                    "certSKI": "",
                    "certIssuerSKI": "",
                    "certFingerprintSHA1": "",
                    "certFingerprintSHA256": "",
                    "certNotBefore": "",
                    "certNotAfter": "",
                    "certRFC9440": "",
                    "certRFC9440TooLarge": false,
                    "certChainRFC9440": "",
                    "certChainRFC9440TooLarge": false
                },
                "verifiedBotCategory": "",
                "edgeL4": {
                    "deliveryRate": 44604
                }
            }
        },
        "response": {
            "status": 200
        }
    }
}
{
    "wallTime": 45,
    "cpuTime": 44,
    "truncated": false,
    "executionModel": "stateless",
    "outcome": "ok",
    "scriptVersion": {
        "id": "0141b03b-16aa-463f-bb04-28cc99b32179"
    },
    "scriptName": "vme-ips-reflection",
    "diagnosticsChannelEvents": [],
    "exceptions": [],
    "logs": [],
    "eventTimestamp": 1779102287306,
    "event": {
        "request": {
            "url": "https://vme-ips.denmasterfa.com/card/REDACTED?_rsc=I5wpi4pfLl2JXPg6",
            "method": "GET",
            "headers": {
                "accept": "*/*",
                "accept-encoding": "gzip, br",
                "accept-language": "th-TH,th;q=0.9,en;q=0.8",
                "cf-connecting-ip": "49.237.42.99",
                "cf-ipcountry": "TH",
                "cf-ray": "9fda620f9971ce85",
                "cf-visitor": "{\"scheme\":\"https\"}",
                "connection": "Keep-Alive",
                "cookie": "REDACTED",
                "host": "vme-ips.denmasterfa.com",
                "next-router-prefetch": "1",
                "next-router-state-tree": "%5B%22%22%2C%7B%22children%22%3A%5B%22profile%22%2C%7B%22children%22%3A%5B%22__PAGE__%22%2C%7B%7D%2Cnull%2Cnull%5D%7D%2Cnull%2Cnull%5D%7D%2Cnull%2Cnull%2Ctrue%5D",
                "next-url": "/profile",
                "priority": "i",
                "referer": "https://vme-ips.denmasterfa.com/profile",
                "rsc": "1",
                "sec-ch-ua": "\"Chromium\";v=\"148\", \"Google Chrome\";v=\"148\", \"Not/A)Brand\";v=\"99\"",
                "sec-ch-ua-mobile": "?0",
                "sec-ch-ua-platform": "\"Windows\"",
                "sec-fetch-dest": "empty",
                "sec-fetch-mode": "cors",
                "sec-fetch-site": "same-origin",
                "user-agent": "Mozilla/5.0 (Windows NT 10.0; Win64; x64) AppleWebKit/537.36 (KHTML, like Gecko) Chrome/148.0.0.0 Safari/537.36",
                "x-forwarded-proto": "https",
                "x-real-ip": "49.237.42.99"
            },
            "cf": {
                "httpProtocol": "HTTP/3",
                "clientAcceptEncoding": "gzip, deflate, br",
                "requestPriority": "",
                "edgeRequestKeepAliveStatus": 1,
                "requestHeaderNames": {},
                "clientTcpRtt": 0,
                "clientQuicRtt": 169,
                "colo": "SIN",
                "asn": 132618,
                "asOrganization": "GPRS/3G",
                "country": "TH",
                "isEUCountry": false,
                "city": "Bangkok",
                "continent": "AS",
                "region": "Bangkok",
                "regionCode": "10",
                "timezone": "Asia/Bangkok",
                "longitude": "100.50144",
                "latitude": "13.75398",
                "postalCode": "10200",
                "tlsVersion": "TLSv1.3",
                "tlsCipher": "AEAD-AES128-GCM-SHA256",
                "tlsClientRandom": "THIQGMCxOtIruHFx53rBb8LtT+2j89kbEfnliG2R+O0=",
                "tlsClientCiphersSha1": "3HTt3+R/6BL3zeALJDSq0pR1yOQ=",
                "tlsClientExtensionsSha1": "YL0zXi5+MdzCoBveq4ymPPFD5ZI=",
                "tlsClientExtensionsSha1Le": "VzQ3bd053j2qWFsNcz4hC72xtWU=",
                "tlsClientHelloLength": "1922",
                "tlsClientAuth": {
                    "certPresented": "0",
                    "certVerified": "NONE",
                    "certRevoked": "0",
                    "certIssuerDN": "",
                    "certSubjectDN": "",
                    "certIssuerDNRFC2253": "",
                    "certSubjectDNRFC2253": "",
                    "certIssuerDNLegacy": "",
                    "certSubjectDNLegacy": "",
                    "certSerial": "",
                    "certIssuerSerial": "",
                    "certSKI": "",
                    "certIssuerSKI": "",
                    "certFingerprintSHA1": "",
                    "certFingerprintSHA256": "",
                    "certNotBefore": "",
                    "certNotAfter": "",
                    "certRFC9440": "",
                    "certRFC9440TooLarge": false,
                    "certChainRFC9440": "",
                    "certChainRFC9440TooLarge": false
                },
                "verifiedBotCategory": "",
                "edgeL4": {
                    "deliveryRate": 43583
                }
            }
        },
        "response": {
            "status": 200
        }
    }
}
{
    "wallTime": 128,
    "cpuTime": 11,
    "truncated": false,
    "executionModel": "stateless",
    "outcome": "ok",
    "scriptVersion": {
        "id": "0141b03b-16aa-463f-bb04-28cc99b32179"
    },
    "scriptName": "vme-ips-reflection",
    "diagnosticsChannelEvents": [],
    "exceptions": [],
    "logs": [],
    "eventTimestamp": 1779102287305,
    "event": {
        "request": {
            "url": "https://vme-ips.denmasterfa.com/profile/edit?_rsc=I5wpi4pfLl2JXPg6",
            "method": "GET",
            "headers": {
                "accept": "*/*",
                "accept-encoding": "gzip, br",
                "accept-language": "th-TH,th;q=0.9,en;q=0.8",
                "cf-connecting-ip": "49.237.42.99",
                "cf-ipcountry": "TH",
                "cf-ray": "9fda620f9973ce85",
                "cf-visitor": "{\"scheme\":\"https\"}",
                "connection": "Keep-Alive",
                "cookie": "REDACTED",
                "host": "vme-ips.denmasterfa.com",
                "next-router-prefetch": "1",
                "next-router-state-tree": "%5B%22%22%2C%7B%22children%22%3A%5B%22profile%22%2C%7B%22children%22%3A%5B%22__PAGE__%22%2C%7B%7D%2Cnull%2Cnull%5D%7D%2Cnull%2Cnull%5D%7D%2Cnull%2Cnull%2Ctrue%5D",
                "next-url": "/profile",
                "priority": "i",
                "referer": "https://vme-ips.denmasterfa.com/profile",
                "rsc": "1",
                "sec-ch-ua": "\"Chromium\";v=\"148\", \"Google Chrome\";v=\"148\", \"Not/A)Brand\";v=\"99\"",
                "sec-ch-ua-mobile": "?0",
                "sec-ch-ua-platform": "\"Windows\"",
                "sec-fetch-dest": "empty",
                "sec-fetch-mode": "cors",
                "sec-fetch-site": "same-origin",
                "user-agent": "Mozilla/5.0 (Windows NT 10.0; Win64; x64) AppleWebKit/537.36 (KHTML, like Gecko) Chrome/148.0.0.0 Safari/537.36",
                "x-forwarded-proto": "https",
                "x-real-ip": "49.237.42.99"
            },
            "cf": {
                "httpProtocol": "HTTP/3",
                "clientAcceptEncoding": "gzip, deflate, br",
                "requestPriority": "",
                "edgeRequestKeepAliveStatus": 1,
                "requestHeaderNames": {},
                "clientTcpRtt": 0,
                "clientQuicRtt": 169,
                "colo": "SIN",
                "asn": 132618,
                "asOrganization": "GPRS/3G",
                "country": "TH",
                "isEUCountry": false,
                "city": "Bangkok",
                "continent": "AS",
                "region": "Bangkok",
                "regionCode": "10",
                "timezone": "Asia/Bangkok",
                "longitude": "100.50144",
                "latitude": "13.75398",
                "postalCode": "10200",
                "tlsVersion": "TLSv1.3",
                "tlsCipher": "AEAD-AES128-GCM-SHA256",
                "tlsClientRandom": "THIQGMCxOtIruHFx53rBb8LtT+2j89kbEfnliG2R+O0=",
                "tlsClientCiphersSha1": "3HTt3+R/6BL3zeALJDSq0pR1yOQ=",
                "tlsClientExtensionsSha1": "YL0zXi5+MdzCoBveq4ymPPFD5ZI=",
                "tlsClientExtensionsSha1Le": "VzQ3bd053j2qWFsNcz4hC72xtWU=",
                "tlsClientHelloLength": "1922",
                "tlsClientAuth": {
                    "certPresented": "0",
                    "certVerified": "NONE",
                    "certRevoked": "0",
                    "certIssuerDN": "",
                    "certSubjectDN": "",
                    "certIssuerDNRFC2253": "",
                    "certSubjectDNRFC2253": "",
                    "certIssuerDNLegacy": "",
                    "certSubjectDNLegacy": "",
                    "certSerial": "",
                    "certIssuerSerial": "",
                    "certSKI": "",
                    "certIssuerSKI": "",
                    "certFingerprintSHA1": "",
                    "certFingerprintSHA256": "",
                    "certNotBefore": "",
                    "certNotAfter": "",
                    "certRFC9440": "",
                    "certRFC9440TooLarge": false,
                    "certChainRFC9440": "",
                    "certChainRFC9440TooLarge": false
                },
                "verifiedBotCategory": "",
                "edgeL4": {
                    "deliveryRate": 43583
                }
            }
        },
        "response": {
            "status": 200
        }
    }
}
{
    "wallTime": 141,
    "cpuTime": 78,
    "truncated": false,
    "executionModel": "stateless",
    "outcome": "ok",
    "scriptVersion": {
        "id": "0141b03b-16aa-463f-bb04-28cc99b32179"
    },
    "scriptName": "vme-ips-reflection",
    "diagnosticsChannelEvents": [],
    "exceptions": [],
    "logs": [],
    "eventTimestamp": 1779102287305,
    "event": {
        "request": {
            "url": "https://vme-ips.denmasterfa.com/library?_rsc=I5wpi4pfLl2JXPg6",
            "method": "GET",
            "headers": {
                "accept": "*/*",
                "accept-encoding": "gzip, br",
                "accept-language": "th-TH,th;q=0.9,en;q=0.8",
                "cf-connecting-ip": "49.237.42.99",
                "cf-ipcountry": "TH",
                "cf-ray": "9fda620f9972ce85",
                "cf-visitor": "{\"scheme\":\"https\"}",
                "connection": "Keep-Alive",
                "cookie": "REDACTED",
                "host": "vme-ips.denmasterfa.com",
                "next-router-prefetch": "1",
                "next-router-state-tree": "%5B%22%22%2C%7B%22children%22%3A%5B%22profile%22%2C%7B%22children%22%3A%5B%22__PAGE__%22%2C%7B%7D%2Cnull%2Cnull%5D%7D%2Cnull%2Cnull%5D%7D%2Cnull%2Cnull%2Ctrue%5D",
                "next-url": "/profile",
                "priority": "i",
                "referer": "https://vme-ips.denmasterfa.com/profile",
                "rsc": "1",
                "sec-ch-ua": "\"Chromium\";v=\"148\", \"Google Chrome\";v=\"148\", \"Not/A)Brand\";v=\"99\"",
                "sec-ch-ua-mobile": "?0",
                "sec-ch-ua-platform": "\"Windows\"",
                "sec-fetch-dest": "empty",
                "sec-fetch-mode": "cors",
                "sec-fetch-site": "same-origin",
                "user-agent": "Mozilla/5.0 (Windows NT 10.0; Win64; x64) AppleWebKit/537.36 (KHTML, like Gecko) Chrome/148.0.0.0 Safari/537.36",
                "x-forwarded-proto": "https",
                "x-real-ip": "49.237.42.99"
            },
            "cf": {
                "httpProtocol": "HTTP/3",
                "clientAcceptEncoding": "gzip, deflate, br",
                "requestPriority": "",
                "edgeRequestKeepAliveStatus": 1,
                "requestHeaderNames": {},
                "clientTcpRtt": 0,
                "clientQuicRtt": 169,
                "colo": "SIN",
                "asn": 132618,
                "asOrganization": "GPRS/3G",
                "country": "TH",
                "isEUCountry": false,
                "city": "Bangkok",
                "continent": "AS",
                "region": "Bangkok",
                "regionCode": "10",
                "timezone": "Asia/Bangkok",
                "longitude": "100.50144",
                "latitude": "13.75398",
                "postalCode": "10200",
                "tlsVersion": "TLSv1.3",
                "tlsCipher": "AEAD-AES128-GCM-SHA256",
                "tlsClientRandom": "THIQGMCxOtIruHFx53rBb8LtT+2j89kbEfnliG2R+O0=",
                "tlsClientCiphersSha1": "3HTt3+R/6BL3zeALJDSq0pR1yOQ=",
                "tlsClientExtensionsSha1": "YL0zXi5+MdzCoBveq4ymPPFD5ZI=",
                "tlsClientExtensionsSha1Le": "VzQ3bd053j2qWFsNcz4hC72xtWU=",
                "tlsClientHelloLength": "1922",
                "tlsClientAuth": {
                    "certPresented": "0",
                    "certVerified": "NONE",
                    "certRevoked": "0",
                    "certIssuerDN": "",
                    "certSubjectDN": "",
                    "certIssuerDNRFC2253": "",
                    "certSubjectDNRFC2253": "",
                    "certIssuerDNLegacy": "",
                    "certSubjectDNLegacy": "",
                    "certSerial": "",
                    "certIssuerSerial": "",
                    "certSKI": "",
                    "certIssuerSKI": "",
                    "certFingerprintSHA1": "",
                    "certFingerprintSHA256": "",
                    "certNotBefore": "",
                    "certNotAfter": "",
                    "certRFC9440": "",
                    "certRFC9440TooLarge": false,
                    "certChainRFC9440": "",
                    "certChainRFC9440TooLarge": false
                },
                "verifiedBotCategory": "",
                "edgeL4": {
                    "deliveryRate": 43583
                }
            }
        },
        "response": {
            "status": 200
        }
    }
}
{
    "wallTime": 359,
    "cpuTime": 247,
    "truncated": false,
    "executionModel": "stateless",
    "outcome": "ok",
    "scriptVersion": {
        "id": "0141b03b-16aa-463f-bb04-28cc99b32179"
    },
    "scriptName": "vme-ips-reflection",
    "diagnosticsChannelEvents": [],
    "exceptions": [],
    "logs": [],
    "eventTimestamp": 1779102287552,
    "event": {
        "request": {
            "url": "https://vme-ips.denmasterfa.com/kaewsai?_rsc=I5wpi4pfLl2JXPg6",
            "method": "GET",
            "headers": {
                "accept": "*/*",
                "accept-encoding": "gzip, br",
                "accept-language": "th-TH,th;q=0.9,en;q=0.8",
                "cf-connecting-ip": "49.237.42.99",
                "cf-ipcountry": "TH",
                "cf-ray": "9fda62112a0cce85",
                "cf-visitor": "{\"scheme\":\"https\"}",
                "connection": "Keep-Alive",
                "cookie": "REDACTED",
                "host": "vme-ips.denmasterfa.com",
                "next-router-prefetch": "1",
                "next-router-state-tree": "%5B%22%22%2C%7B%22children%22%3A%5B%22profile%22%2C%7B%22children%22%3A%5B%22__PAGE__%22%2C%7B%7D%2Cnull%2Cnull%5D%7D%2Cnull%2Cnull%5D%7D%2Cnull%2Cnull%2Ctrue%5D",
                "next-url": "/profile",
                "priority": "i",
                "referer": "https://vme-ips.denmasterfa.com/profile",
                "rsc": "1",
                "sec-ch-ua": "\"Chromium\";v=\"148\", \"Google Chrome\";v=\"148\", \"Not/A)Brand\";v=\"99\"",
                "sec-ch-ua-mobile": "?0",
                "sec-ch-ua-platform": "\"Windows\"",
                "sec-fetch-dest": "empty",
                "sec-fetch-mode": "cors",
                "sec-fetch-site": "same-origin",
                "user-agent": "Mozilla/5.0 (Windows NT 10.0; Win64; x64) AppleWebKit/537.36 (KHTML, like Gecko) Chrome/148.0.0.0 Safari/537.36",
                "x-forwarded-proto": "https",
                "x-real-ip": "49.237.42.99"
            },
            "cf": {
                "httpProtocol": "HTTP/3",
                "clientAcceptEncoding": "gzip, deflate, br",
                "requestPriority": "",
                "edgeRequestKeepAliveStatus": 1,
                "requestHeaderNames": {},
                "clientTcpRtt": 0,
                "clientQuicRtt": 132,
                "colo": "SIN",
                "asn": 132618,
                "asOrganization": "GPRS/3G",
                "country": "TH",
                "isEUCountry": false,
                "city": "Bangkok",
                "continent": "AS",
                "region": "Bangkok",
                "regionCode": "10",
                "timezone": "Asia/Bangkok",
                "longitude": "100.50144",
                "latitude": "13.75398",
                "postalCode": "10200",
                "tlsVersion": "TLSv1.3",
                "tlsCipher": "AEAD-AES128-GCM-SHA256",
                "tlsClientRandom": "THIQGMCxOtIruHFx53rBb8LtT+2j89kbEfnliG2R+O0=",
                "tlsClientCiphersSha1": "3HTt3+R/6BL3zeALJDSq0pR1yOQ=",
                "tlsClientExtensionsSha1": "YL0zXi5+MdzCoBveq4ymPPFD5ZI=",
                "tlsClientExtensionsSha1Le": "VzQ3bd053j2qWFsNcz4hC72xtWU=",
                "tlsClientHelloLength": "1922",
                "tlsClientAuth": {
                    "certPresented": "0",
                    "certVerified": "NONE",
                    "certRevoked": "0",
                    "certIssuerDN": "",
                    "certSubjectDN": "",
                    "certIssuerDNRFC2253": "",
                    "certSubjectDNRFC2253": "",
                    "certIssuerDNLegacy": "",
                    "certSubjectDNLegacy": "",
                    "certSerial": "",
                    "certIssuerSerial": "",
                    "certSKI": "",
                    "certIssuerSKI": "",
                    "certFingerprintSHA1": "",
                    "certFingerprintSHA256": "",
                    "certNotBefore": "",
                    "certNotAfter": "",
                    "certRFC9440": "",
                    "certRFC9440TooLarge": false,
                    "certChainRFC9440": "",
                    "certChainRFC9440TooLarge": false
                },
                "verifiedBotCategory": "",
                "edgeL4": {
                    "deliveryRate": 45083
                }
            }
        },
        "response": {
            "status": 200
        }
    }
}
{
    "wallTime": 365,
    "cpuTime": 33,
    "truncated": false,
    "executionModel": "stateless",
    "outcome": "ok",
    "scriptVersion": {
        "id": "0141b03b-16aa-463f-bb04-28cc99b32179"
    },
    "scriptName": "vme-ips-reflection",
    "diagnosticsChannelEvents": [],
    "exceptions": [],
    "logs": [],
    "eventTimestamp": 1779102287309,
    "event": {
        "request": {
            "url": "https://vme-ips.denmasterfa.com/forum?_rsc=I5wpi4pfLl2JXPg6",
            "method": "GET",
            "headers": {
                "accept": "*/*",
                "accept-encoding": "gzip, br",
                "accept-language": "th-TH,th;q=0.9,en;q=0.8",
                "cf-connecting-ip": "49.237.42.99",
                "cf-ipcountry": "TH",
                "cf-ray": "9fda620fa976ce85",
                "cf-visitor": "{\"scheme\":\"https\"}",
                "connection": "Keep-Alive",
                "cookie": "REDACTED",
                "host": "vme-ips.denmasterfa.com",
                "next-router-prefetch": "1",
                "next-router-state-tree": "%5B%22%22%2C%7B%22children%22%3A%5B%22profile%22%2C%7B%22children%22%3A%5B%22__PAGE__%22%2C%7B%7D%2Cnull%2Cnull%5D%7D%2Cnull%2Cnull%5D%7D%2Cnull%2Cnull%2Ctrue%5D",
                "next-url": "/profile",
                "priority": "i",
                "referer": "https://vme-ips.denmasterfa.com/profile",
                "rsc": "1",
                "sec-ch-ua": "\"Chromium\";v=\"148\", \"Google Chrome\";v=\"148\", \"Not/A)Brand\";v=\"99\"",
                "sec-ch-ua-mobile": "?0",
                "sec-ch-ua-platform": "\"Windows\"",
                "sec-fetch-dest": "empty",
                "sec-fetch-mode": "cors",
                "sec-fetch-site": "same-origin",
                "user-agent": "Mozilla/5.0 (Windows NT 10.0; Win64; x64) AppleWebKit/537.36 (KHTML, like Gecko) Chrome/148.0.0.0 Safari/537.36",
                "x-forwarded-proto": "https",
                "x-real-ip": "49.237.42.99"
            },
            "cf": {
                "httpProtocol": "HTTP/3",
                "clientAcceptEncoding": "gzip, deflate, br",
                "requestPriority": "",
                "edgeRequestKeepAliveStatus": 1,
                "requestHeaderNames": {},
                "clientTcpRtt": 0,
                "clientQuicRtt": 169,
                "colo": "SIN",
                "asn": 132618,
                "asOrganization": "GPRS/3G",
                "country": "TH",
                "isEUCountry": false,
                "city": "Bangkok",
                "continent": "AS",
                "region": "Bangkok",
                "regionCode": "10",
                "timezone": "Asia/Bangkok",
                "longitude": "100.50144",
                "latitude": "13.75398",
                "postalCode": "10200",
                "tlsVersion": "TLSv1.3",
                "tlsCipher": "AEAD-AES128-GCM-SHA256",
                "tlsClientRandom": "THIQGMCxOtIruHFx53rBb8LtT+2j89kbEfnliG2R+O0=",
                "tlsClientCiphersSha1": "3HTt3+R/6BL3zeALJDSq0pR1yOQ=",
                "tlsClientExtensionsSha1": "YL0zXi5+MdzCoBveq4ymPPFD5ZI=",
                "tlsClientExtensionsSha1Le": "VzQ3bd053j2qWFsNcz4hC72xtWU=",
                "tlsClientHelloLength": "1922",
                "tlsClientAuth": {
                    "certPresented": "0",
                    "certVerified": "NONE",
                    "certRevoked": "0",
                    "certIssuerDN": "",
                    "certSubjectDN": "",
                    "certIssuerDNRFC2253": "",
                    "certSubjectDNRFC2253": "",
                    "certIssuerDNLegacy": "",
                    "certSubjectDNLegacy": "",
                    "certSerial": "",
                    "certIssuerSerial": "",
                    "certSKI": "",
                    "certIssuerSKI": "",
                    "certFingerprintSHA1": "",
                    "certFingerprintSHA256": "",
                    "certNotBefore": "",
                    "certNotAfter": "",
                    "certRFC9440": "",
                    "certRFC9440TooLarge": false,
                    "certChainRFC9440": "",
                    "certChainRFC9440TooLarge": false
                },
                "verifiedBotCategory": "",
                "edgeL4": {
                    "deliveryRate": 43583
                }
            }
        },
        "response": {
            "status": 200
        }
    }
}
{
    "wallTime": 377,
    "cpuTime": 28,
    "truncated": false,
    "executionModel": "stateless",
    "outcome": "ok",
    "scriptVersion": {
        "id": "0141b03b-16aa-463f-bb04-28cc99b32179"
    },
    "scriptName": "vme-ips-reflection",
    "diagnosticsChannelEvents": [],
    "exceptions": [],
    "logs": [],
    "eventTimestamp": 1779102287463,
    "event": {
        "request": {
            "url": "https://vme-ips.denmasterfa.com/smart?_rsc=I5wpi4pfLl2JXPg6",
            "method": "GET",
            "headers": {
                "accept": "*/*",
                "accept-encoding": "gzip, br",
                "accept-language": "th-TH,th;q=0.9,en;q=0.8",
                "cf-connecting-ip": "49.237.42.99",
                "cf-ipcountry": "TH",
                "cf-ray": "9fda6210a9dcce85",
                "cf-visitor": "{\"scheme\":\"https\"}",
                "connection": "Keep-Alive",
                "cookie": "REDACTED",
                "host": "vme-ips.denmasterfa.com",
                "next-router-prefetch": "1",
                "next-router-state-tree": "%5B%22%22%2C%7B%22children%22%3A%5B%22profile%22%2C%7B%22children%22%3A%5B%22__PAGE__%22%2C%7B%7D%2Cnull%2Cnull%5D%7D%2Cnull%2Cnull%5D%7D%2Cnull%2Cnull%2Ctrue%5D",
                "next-url": "/profile",
                "priority": "i",
                "referer": "https://vme-ips.denmasterfa.com/profile",
                "rsc": "1",
                "sec-ch-ua": "\"Chromium\";v=\"148\", \"Google Chrome\";v=\"148\", \"Not/A)Brand\";v=\"99\"",
                "sec-ch-ua-mobile": "?0",
                "sec-ch-ua-platform": "\"Windows\"",
                "sec-fetch-dest": "empty",
                "sec-fetch-mode": "cors",
                "sec-fetch-site": "same-origin",
                "user-agent": "Mozilla/5.0 (Windows NT 10.0; Win64; x64) AppleWebKit/537.36 (KHTML, like Gecko) Chrome/148.0.0.0 Safari/537.36",
                "x-forwarded-proto": "https",
                "x-real-ip": "49.237.42.99"
            },
            "cf": {
                "httpProtocol": "HTTP/3",
                "clientAcceptEncoding": "gzip, deflate, br",
                "requestPriority": "",
                "edgeRequestKeepAliveStatus": 1,
                "requestHeaderNames": {},
                "clientTcpRtt": 0,
                "clientQuicRtt": 161,
                "colo": "SIN",
                "asn": 132618,
                "asOrganization": "GPRS/3G",
                "country": "TH",
                "isEUCountry": false,
                "city": "Bangkok",
                "continent": "AS",
                "region": "Bangkok",
                "regionCode": "10",
                "timezone": "Asia/Bangkok",
                "longitude": "100.50144",
                "latitude": "13.75398",
                "postalCode": "10200",
                "tlsVersion": "TLSv1.3",
                "tlsCipher": "AEAD-AES128-GCM-SHA256",
                "tlsClientRandom": "THIQGMCxOtIruHFx53rBb8LtT+2j89kbEfnliG2R+O0=",
                "tlsClientCiphersSha1": "3HTt3+R/6BL3zeALJDSq0pR1yOQ=",
                "tlsClientExtensionsSha1": "YL0zXi5+MdzCoBveq4ymPPFD5ZI=",
                "tlsClientExtensionsSha1Le": "VzQ3bd053j2qWFsNcz4hC72xtWU=",
                "tlsClientHelloLength": "1922",
                "tlsClientAuth": {
                    "certPresented": "0",
                    "certVerified": "NONE",
                    "certRevoked": "0",
                    "certIssuerDN": "",
                    "certSubjectDN": "",
                    "certIssuerDNRFC2253": "",
                    "certSubjectDNRFC2253": "",
                    "certIssuerDNLegacy": "",
                    "certSubjectDNLegacy": "",
                    "certSerial": "",
                    "certIssuerSerial": "",
                    "certSKI": "",
                    "certIssuerSKI": "",
                    "certFingerprintSHA1": "",
                    "certFingerprintSHA256": "",
                    "certNotBefore": "",
                    "certNotAfter": "",
                    "certRFC9440": "",
                    "certRFC9440TooLarge": false,
                    "certChainRFC9440": "",
                    "certChainRFC9440TooLarge": false
                },
                "verifiedBotCategory": "",
                "edgeL4": {
                    "deliveryRate": 43583
                }
            }
        },
        "response": {
            "status": 200
        }
    }
}
{
    "wallTime": 382,
    "cpuTime": 27,
    "truncated": false,
    "executionModel": "stateless",
    "outcome": "ok",
    "scriptVersion": {
        "id": "0141b03b-16aa-463f-bb04-28cc99b32179"
    },
    "scriptName": "vme-ips-reflection",
    "diagnosticsChannelEvents": [],
    "exceptions": [],
    "logs": [],
    "eventTimestamp": 1779102287541,
    "event": {
        "request": {
            "url": "https://vme-ips.denmasterfa.com/reflect?_rsc=I5wpi4pfLl2JXPg6",
            "method": "GET",
            "headers": {
                "accept": "*/*",
                "accept-encoding": "gzip, br",
                "accept-language": "th-TH,th;q=0.9,en;q=0.8",
                "cf-connecting-ip": "49.237.42.99",
                "cf-ipcountry": "TH",
                "cf-ray": "9fda62111a02ce85",
                "cf-visitor": "{\"scheme\":\"https\"}",
                "connection": "Keep-Alive",
                "cookie": "REDACTED",
                "host": "vme-ips.denmasterfa.com",
                "next-router-prefetch": "1",
                "next-router-state-tree": "%5B%22%22%2C%7B%22children%22%3A%5B%22profile%22%2C%7B%22children%22%3A%5B%22__PAGE__%22%2C%7B%7D%2Cnull%2Cnull%5D%7D%2Cnull%2Cnull%5D%7D%2Cnull%2Cnull%2Ctrue%5D",
                "next-url": "/profile",
                "priority": "i",
                "referer": "https://vme-ips.denmasterfa.com/profile",
                "rsc": "1",
                "sec-ch-ua": "\"Chromium\";v=\"148\", \"Google Chrome\";v=\"148\", \"Not/A)Brand\";v=\"99\"",
                "sec-ch-ua-mobile": "?0",
                "sec-ch-ua-platform": "\"Windows\"",
                "sec-fetch-dest": "empty",
                "sec-fetch-mode": "cors",
                "sec-fetch-site": "same-origin",
                "user-agent": "Mozilla/5.0 (Windows NT 10.0; Win64; x64) AppleWebKit/537.36 (KHTML, like Gecko) Chrome/148.0.0.0 Safari/537.36",
                "x-forwarded-proto": "https",
                "x-real-ip": "49.237.42.99"
            },
            "cf": {
                "httpProtocol": "HTTP/3",
                "clientAcceptEncoding": "gzip, deflate, br",
                "requestPriority": "",
                "edgeRequestKeepAliveStatus": 1,
                "requestHeaderNames": {},
                "clientTcpRtt": 0,
                "clientQuicRtt": 132,
                "colo": "SIN",
                "asn": 132618,
                "asOrganization": "GPRS/3G",
                "country": "TH",
                "isEUCountry": false,
                "city": "Bangkok",
                "continent": "AS",
                "region": "Bangkok",
                "regionCode": "10",
                "timezone": "Asia/Bangkok",
                "longitude": "100.50144",
                "latitude": "13.75398",
                "postalCode": "10200",
                "tlsVersion": "TLSv1.3",
                "tlsCipher": "AEAD-AES128-GCM-SHA256",
                "tlsClientRandom": "THIQGMCxOtIruHFx53rBb8LtT+2j89kbEfnliG2R+O0=",
                "tlsClientCiphersSha1": "3HTt3+R/6BL3zeALJDSq0pR1yOQ=",
                "tlsClientExtensionsSha1": "YL0zXi5+MdzCoBveq4ymPPFD5ZI=",
                "tlsClientExtensionsSha1Le": "VzQ3bd053j2qWFsNcz4hC72xtWU=",
                "tlsClientHelloLength": "1922",
                "tlsClientAuth": {
                    "certPresented": "0",
                    "certVerified": "NONE",
                    "certRevoked": "0",
                    "certIssuerDN": "",
                    "certSubjectDN": "",
                    "certIssuerDNRFC2253": "",
                    "certSubjectDNRFC2253": "",
                    "certIssuerDNLegacy": "",
                    "certSubjectDNLegacy": "",
                    "certSerial": "",
                    "certIssuerSerial": "",
                    "certSKI": "",
                    "certIssuerSKI": "",
                    "certFingerprintSHA1": "",
                    "certFingerprintSHA256": "",
                    "certNotBefore": "",
                    "certNotAfter": "",
                    "certRFC9440": "",
                    "certRFC9440TooLarge": false,
                    "certChainRFC9440": "",
                    "certChainRFC9440TooLarge": false
                },
                "verifiedBotCategory": "",
                "edgeL4": {
                    "deliveryRate": 45083
                }
            }
        },
        "response": {
            "status": 200
        }
    }
}
{
    "wallTime": 340,
    "cpuTime": 16,
    "truncated": false,
    "executionModel": "stateless",
    "outcome": "ok",
    "scriptVersion": {
        "id": "0141b03b-16aa-463f-bb04-28cc99b32179"
    },
    "scriptName": "vme-ips-reflection",
    "diagnosticsChannelEvents": [],
    "exceptions": [],
    "logs": [],
    "eventTimestamp": 1779102287307,
    "event": {
        "request": {
            "url": "https://vme-ips.denmasterfa.com/?_rsc=I5wpi4pfLl2JXPg6",
            "method": "GET",
            "headers": {
                "accept": "*/*",
                "accept-encoding": "gzip, br",
                "accept-language": "th-TH,th;q=0.9,en;q=0.8",
                "cf-connecting-ip": "49.237.42.99",
                "cf-ipcountry": "TH",
                "cf-ray": "9fda620fa977ce85",
                "cf-visitor": "{\"scheme\":\"https\"}",
                "connection": "Keep-Alive",
                "cookie": "REDACTED",
                "host": "vme-ips.denmasterfa.com",
                "next-router-prefetch": "1",
                "next-router-state-tree": "%5B%22%22%2C%7B%22children%22%3A%5B%22profile%22%2C%7B%22children%22%3A%5B%22__PAGE__%22%2C%7B%7D%2Cnull%2Cnull%5D%7D%2Cnull%2Cnull%5D%7D%2Cnull%2Cnull%2Ctrue%5D",
                "next-url": "/profile",
                "priority": "i",
                "referer": "https://vme-ips.denmasterfa.com/profile",
                "rsc": "1",
                "sec-ch-ua": "\"Chromium\";v=\"148\", \"Google Chrome\";v=\"148\", \"Not/A)Brand\";v=\"99\"",
                "sec-ch-ua-mobile": "?0",
                "sec-ch-ua-platform": "\"Windows\"",
                "sec-fetch-dest": "empty",
                "sec-fetch-mode": "cors",
                "sec-fetch-site": "same-origin",
                "user-agent": "Mozilla/5.0 (Windows NT 10.0; Win64; x64) AppleWebKit/537.36 (KHTML, like Gecko) Chrome/148.0.0.0 Safari/537.36",
                "x-forwarded-proto": "https",
                "x-real-ip": "49.237.42.99"
            },
            "cf": {
                "httpProtocol": "HTTP/3",
                "clientAcceptEncoding": "gzip, deflate, br",
                "requestPriority": "",
                "edgeRequestKeepAliveStatus": 1,
                "requestHeaderNames": {},
                "clientTcpRtt": 0,
                "clientQuicRtt": 169,
                "colo": "SIN",
                "asn": 132618,
                "asOrganization": "GPRS/3G",
                "country": "TH",
                "isEUCountry": false,
                "city": "Bangkok",
                "continent": "AS",
                "region": "Bangkok",
                "regionCode": "10",
                "timezone": "Asia/Bangkok",
                "longitude": "100.50144",
                "latitude": "13.75398",
                "postalCode": "10200",
                "tlsVersion": "TLSv1.3",
                "tlsCipher": "AEAD-AES128-GCM-SHA256",
                "tlsClientRandom": "THIQGMCxOtIruHFx53rBb8LtT+2j89kbEfnliG2R+O0=",
                "tlsClientCiphersSha1": "3HTt3+R/6BL3zeALJDSq0pR1yOQ=",
                "tlsClientExtensionsSha1": "YL0zXi5+MdzCoBveq4ymPPFD5ZI=",
                "tlsClientExtensionsSha1Le": "VzQ3bd053j2qWFsNcz4hC72xtWU=",
                "tlsClientHelloLength": "1922",
                "tlsClientAuth": {
                    "certPresented": "0",
                    "certVerified": "NONE",
                    "certRevoked": "0",
                    "certIssuerDN": "",
                    "certSubjectDN": "",
                    "certIssuerDNRFC2253": "",
                    "certSubjectDNRFC2253": "",
                    "certIssuerDNLegacy": "",
                    "certSubjectDNLegacy": "",
                    "certSerial": "",
                    "certIssuerSerial": "",
                    "certSKI": "",
                    "certIssuerSKI": "",
                    "certFingerprintSHA1": "",
                    "certFingerprintSHA256": "",
                    "certNotBefore": "",
                    "certNotAfter": "",
                    "certRFC9440": "",
                    "certRFC9440TooLarge": false,
                    "certChainRFC9440": "",
                    "certChainRFC9440TooLarge": false
                },
                "verifiedBotCategory": "",
                "edgeL4": {
                    "deliveryRate": 43583
                }
            }
        },
        "response": {
            "status": 200
        }
    }
}
